проспект Альберта Камалеева, 32Б, Казань, Республика Татарстан;sladosti_new;/auchan/pirozhnoe-orion-choco-pie-30-g-h-12-sht?sid=70;Пирожное Orion Choco Pie 30 г х 12 шт;https://imgproxy.sbermarket.ru/imgproxy/size-220-220/czM6Ly9jb250ZW50LWltYWdlcy1wcm9kL3Byb2R1Y3RzLzE2MzI3OTk1L29yaWdpbmFsLzEvMjAyNC0wNC0wOVQxMyUzQTA2JTNBNDAuNDg1MjQzJTJCMDAlM0EwMC8xNjMyNzk5NV8xLmpwZw==.jpg; https://imgproxy.sbermarket.ru/imgproxy/size-220-220-2x/czM6Ly9jb250ZW50LWltYWdlcy1wcm9kL3Byb2R1Y3RzLzE2MzI3OTk1L29yaWdpbmFsLzEvMjAyNC0wNC0wOVQxMyUzQTA2JTNBNDAuNDg1MjQzJTJCMDAlM0EwMC8xNjMyNzk5NV8xLmpwZw==.webp 2x;129,99;224,49
проспект Альберта Камалеева, 32Б, Казань, Республика Татарстан;sladosti_new;/auchan/shokolad-kinder-chocolate-molochnyy-100-g?sid=70;Шоколад Kinder Chocolate молочный 100 г;https://imgproxy.sbermarket.ru/imgproxy/size-220-220/czM6Ly9jb250ZW50LWltYWdlcy1wcm9kL3Byb2R1Y3RzLzM1ODk0L29yaWdpbmFsLzEvMjAyMy0xMS0yNFQxNiUzQTMxJTNBNDQuNjU3MzUzJTJCMDAlM0EwMC8zNTg5NF8xLmpwZw==.jpg; https://imgproxy.sbermarket.ru/imgproxy/size-220-220-2x/czM6Ly9jb250ZW50LWltYWdlcy1wcm9kL3Byb2R1Y3RzLzM1ODk0L29yaWdpbmFsLzEvMjAyMy0xMS0yNFQxNiUzQTMxJTNBNDQuNjU3MzUzJTJCMDAlM0EwMC8zNTg5NF8xLmpwZw==.webp 2x;119,90;188,49
проспект Альберта Камалеева, 32Б, Казань, Республика Татарстан;sladosti_new;/auchan/batonchiki-rot-front-250-g?sid=70;Батончики Рот Фронт 250 г;https://imgproxy.sbermarket.ru/imgproxy/size-220-220/czM6Ly9jb250ZW50LWltYWdlcy1wcm9kL3Byb2R1Y3RzLzQ5ODY4L29yaWdpbmFsLzEvMjAyMy0xMS0yNFQxNiUzQTM1JTNBMjMuODE3OTk1JTJCMDAlM0EwMC80OTg2OF8xLmpwZw==.jpg; https://imgproxy.sbermarket.ru/imgproxy/size-220-220-2x/czM6Ly9jb250ZW50LWltYWdlcy1wcm9kL3Byb2R1Y3RzLzQ5ODY4L29yaWdpbmFsLzEvMjAyMy0xMS0yNFQxNiUzQTM1JTNBMjMuODE3OTk1JTJCMDAlM0EwMC80OTg2OF8xLmpwZw==.webp 2x;119,90;149,49
проспект Альберта Камалеева, 32Б, Казань, Республика Татарстан;sladosti_new;/auchan/pechenie-orion-choco-boy-biskvitnoe-45-g-2d87965?sid=70;Печенье Orion Choco Boy бисквитное 45 г;https://imgproxy.sbermarket.ru/imgproxy/size-220-220/czM6Ly9jb250ZW50LWltYWdlcy1wcm9kL3Byb2R1Y3RzLzE4NjUzMTUwL29yaWdpbmFsLzEvMjAyNC0wNC0xMVQwMCUzQTA5JTNBMDIuMDczMzM5JTJCMDAlM0EwMC8xODY1MzE1MF8xLmpwZw==.jpg; https://imgproxy.sbermarket.ru/imgproxy/size-220-220-2x/czM6Ly9jb250ZW50LWltYWdlcy1wcm9kL3Byb2R1Y3RzLzE4NjUzMTUwL29yaWdpbmFsLzEvMjAyNC0wNC0xMVQwMCUzQTA5JTNBMDIuMDczMzM5JTJCMDAlM0EwMC8xODY1MzE1MF8xLmpwZw==.webp 2x;39,99;55,49
проспект Альберта Камалеева, 32Б, Казань, Республика Татарстан;sladosti_new;/auchan/pirozhnoe-medvezhonok-barni-s-shokoladnoy-nachinkoy-150-g-ffe6f47?sid=70;Пирожное Медвежонок Барни с шоколадной начинкой 150 г;https://imgproxy.sbermarket.ru/imgproxy/size-220-220/czM6Ly9jb250ZW50LWltYWdlcy1wcm9kL3Byb2R1Y3RzLzkwNTA3OC9vcmlnaW5hbC8xLzIwMjQtMDQtMDlUMTMlM0ExNCUzQTU5LjM2NjIwNyUyQjAwJTNBMDAvOTA1MDc4XzEuanBn.jpg; https://imgproxy.sbermarket.ru/imgproxy/size-220-220-2x/czM6Ly9jb250ZW50LWltYWdlcy1wcm9kL3Byb2R1Y3RzLzkwNTA3OC9vcmlnaW5hbC8xLzIwMjQtMDQtMDlUMTMlM0ExNCUzQTU5LjM2NjIwNyUyQjAwJTNBMDAvOTA1MDc4XzEuanBn.webp 2x;89,90;-
проспект Альберта Камалеева, 32Б, Казань, Республика Татарстан;sladosti_new;/auchan/halva-rot-front-v-shokoladnoy-glazuri-4f72560?sid=70;Халва Рот Фронт в шоколадной глазури;https://imgproxy.sbermarket.ru/imgproxy/size-220-220/czM6Ly9jb250ZW50LWltYWdlcy1wcm9kL3Byb2R1Y3RzLzE5ODY5NTA1L29yaWdpbmFsLzEvMjAyMy0xMS0xNVQxOSUzQTE5JTNBMTYuNzkyNTk3JTJCMDAlM0EwMC8xOTg2OTUwNV8xLmpwZw==.jpg; https://imgproxy.sbermarket.ru/imgproxy/size-220-220-2x/czM6Ly9jb250ZW50LWltYWdlcy1wcm9kL3Byb2R1Y3RzLzE5ODY5NTA1L29yaWdpbmFsLzEvMjAyMy0xMS0xNVQxOSUzQTE5JTNBMTYuNzkyNTk3JTJCMDAlM0EwMC8xOTg2OTUwNV8xLmpwZw==.webp 2x;149,50;-
проспект Альберта Камалеева, 32Б, Казань, Республика Татарстан;sladosti_new;/auchan/morozhenoe-molochnoe-maxiduo-strachatella-s-vanil-yu-shokoladom-bzmzh-92-g?sid=70;Мороженое молочное Maxiduo Страчателла с ванилью-шоколадом...;https://imgproxy.sbermarket.ru/imgproxy/size-220-220/czM6Ly9jb250ZW50LWltYWdlcy1wcm9kL3Byb2R1Y3RzLzIwMjgxMDEyL29yaWdpbmFsLzEvMjAyMy0xMS0yOFQxNyUzQTUzJTNBMTUuMjc4OTk3JTJCMDAlM0EwMC8yMDI4MTAxMl8xLmpwZw==.jpg; https://imgproxy.sbermarket.ru/imgproxy/size-220-220-2x/czM6Ly9jb250ZW50LWltYWdlcy1wcm9kL3Byb2R1Y3RzLzIwMjgxMDEyL29yaWdpbmFsLzEvMjAyMy0xMS0yOFQxNyUzQTUzJTNBMTUuMjc4OTk3JTJCMDAlM0EwMC8yMDI4MTAxMl8xLmpwZw==.webp 2x;79,90;117,99
проспект Альберта Камалеева, 32Б, Казань, Республика Татарстан;sladosti_new;/auchan/pirozhnoe-kinder-molochnyy-lomtik-28-g-d094b17?sid=70;Пирожное Kinder Молочный ломтик 28 г;https://imgproxy.sbermarket.ru/imgproxy/size-220-220/czM6Ly9jb250ZW50LWltYWdlcy1wcm9kL3Byb2R1Y3RzLzE1MjkzNTYwL29yaWdpbmFsLzEvMjAyNC0wNC0xMVQwMCUzQTA1JTNBNTMuMjU4OTc5JTJCMDAlM0EwMC8xNTI5MzU2MF8xLmpwZw==.jpg; https://imgproxy.sbermarket.ru/imgproxy/size-220-220-2x/czM6Ly9jb250ZW50LWltYWdlcy1wcm9kL3Byb2R1Y3RzLzE1MjkzNTYwL29yaWdpbmFsLzEvMjAyNC0wNC0xMVQwMCUzQTA1JTNBNTMuMjU4OTc5JTJCMDAlM0EwMC8xNTI5MzU2MF8xLmpwZw==.webp 2x;49,49;-
проспект Альберта Камалеева, 32Б, Казань, Республика Татарстан;sladosti_new;/auchan/pryaniki-polet-myatnye-300-g-2a3c932?sid=70;Пряники Полет мятные 300 г;https://imgproxy.sbermarket.ru/imgproxy/size-220-220/czM6Ly9jb250ZW50LWltYWdlcy1wcm9kL3Byb2R1Y3RzLzY4NzUzL29yaWdpbmFsLzEvMjAyMi0xMS0wNlQxMSUzQTIyJTNBMDkuMjcyMDAwJTJCMDAlM0EwMC82ODc1M18xLmpwZw==.jpg; https://imgproxy.sbermarket.ru/imgproxy/size-220-220-2x/czM6Ly9jb250ZW50LWltYWdlcy1wcm9kL3Byb2R1Y3RzLzY4NzUzL29yaWdpbmFsLzEvMjAyMi0xMS0wNlQxMSUzQTIyJTNBMDkuMjcyMDAwJTJCMDAlM0EwMC82ODc1M18xLmpwZw==.webp 2x;79,90;120,99
проспект Альберта Камалеева, 32Б, Казань, Республика Татарстан;sladosti_new;/auchan/ponchik-ashan-donat-drozhzhevoy-s-malinovoy-nachinkoy-55-g-e20779c?sid=70;Пончик АШАН Донат дрожжевой с малиновой начинкой 55 г;https://imgproxy.sbermarket.ru/imgproxy/size-220-220/czM6Ly9jb250ZW50LWltYWdlcy1wcm9kL3Byb2R1Y3RzLzE5ODIxODE0L29yaWdpbmFsLzEvMjAyMy0wNy0wN1QxNSUzQTA2JTNBMjcuNzY2NDQ0JTJCMDAlM0EwMC8xOTgyMTgxNF8xLmpwZw==.jpg; https://imgproxy.sbermarket.ru/imgproxy/size-220-220-2x/czM6Ly9jb250ZW50LWltYWdlcy1wcm9kL3Byb2R1Y3RzLzE5ODIxODE0L29yaWdpbmFsLzEvMjAyMy0wNy0wN1QxNSUzQTA2JTNBMjcuNzY2NDQ0JTJCMDAlM0EwMC8xOTgyMTgxNF8xLmpwZw==.webp 2x;39,90;49,99
проспект Альберта Камалеева, 32Б, Казань, Республика Татарстан;sladosti_new;/auchan/pechenie-yashkino-sdobnoe-amerikanskoe-200-g-bde2f4c?sid=70;Печенье Яшкино сдобное Американское 200 г;https://imgproxy.sbermarket.ru/imgproxy/size-220-220/czM6Ly9jb250ZW50LWltYWdlcy1wcm9kL3Byb2R1Y3RzLzEzMTM2NjQvb3JpZ2luYWwvMS8yMDIzLTExLTMwVDE4JTNBNTUlM0EzNS4wMzM3MTYlMkIwMCUzQTAwLzEzMTM2NjRfMS5qcGc=.jpg; https://imgproxy.sbermarket.ru/imgproxy/size-220-220-2x/czM6Ly9jb250ZW50LWltYWdlcy1wcm9kL3Byb2R1Y3RzLzEzMTM2NjQvb3JpZ2luYWwvMS8yMDIzLTExLTMwVDE4JTNBNTUlM0EzNS4wMzM3MTYlMkIwMCUzQTAwLzEzMTM2NjRfMS5qcGc=.webp 2x;79,99;-
проспект Альберта Камалеева, 32Б, Казань, Республика Татарстан;sladosti_new;/auchan/pirozhnoe-ama-orehovoe-234-g-b6c3436?sid=70;Пирожное Ама Ореховое 234 г;https://imgproxy.sbermarket.ru/imgproxy/size-220-220/czM6Ly9jb250ZW50LWltYWdlcy1wcm9kL3Byb2R1Y3RzLzE1NjkyL29yaWdpbmFsLzEvMjAyMy0xMi0wNVQxMSUzQTEyJTNBMDEuMzg4Mjc3JTJCMDAlM0EwMC8xNTY5Ml8xLmpwZw==.jpg; https://imgproxy.sbermarket.ru/imgproxy/size-220-220-2x/czM6Ly9jb250ZW50LWltYWdlcy1wcm9kL3Byb2R1Y3RzLzE1NjkyL29yaWdpbmFsLzEvMjAyMy0xMi0wNVQxMSUzQTEyJTNBMDEuMzg4Mjc3JTJCMDAlM0EwMC8xNTY5Ml8xLmpwZw==.webp 2x;152,90;199,49
проспект Альберта Камалеева, 32Б, Казань, Республика Татарстан;sladosti_new;/auchan/shokolad-alpen-gold-max-fun-molochnyy-s-karamel-yu-marmeladom-pecheniem-150-g-c7aed8c?sid=70;Шоколад Alpen Gold Max Fun молочный с...;https://imgproxy.sbermarket.ru/imgproxy/size-220-220/czM6Ly9jb250ZW50LWltYWdlcy1wcm9kL3Byb2R1Y3RzLzExMjU4MDQvb3JpZ2luYWwvMS8yMDI0LTAzLTA2VDA5JTNBNTAlM0ExNy4wMDA4NDQlMkIwMCUzQTAwLzExMjU4MDRfMS5qcGc=.jpg; https://imgproxy.sbermarket.ru/imgproxy/size-220-220-2x/czM6Ly9jb250ZW50LWltYWdlcy1wcm9kL3Byb2R1Y3RzLzExMjU4MDQvb3JpZ2luYWwvMS8yMDI0LTAzLTA2VDA5JTNBNTAlM0ExNy4wMDA4NDQlMkIwMCUzQTAwLzExMjU4MDRfMS5qcGc=.webp 2x;159,90;236,99
проспект Альберта Камалеева, 32Б, Казань, Республика Татарстан;sladosti_new;/auchan/pechenie-belvita-utrennee-vitaminizirovannoe-s-kakao-i-yogurtovoy-nachinkoy-253-g-9733a14?sid=70;Печенье BelVita Утреннее Витаминизированное с какао и...;https://imgproxy.sbermarket.ru/imgproxy/size-220-220/czM6Ly9jb250ZW50LWltYWdlcy1wcm9kL3Byb2R1Y3RzLzgyNDk3L29yaWdpbmFsLzEvMjAyNC0wNC0wOVQxMyUzQTE0JTNBNDIuNTU2Njc2JTJCMDAlM0EwMC84MjQ5N18xLmpwZw==.jpg; https://imgproxy.sbermarket.ru/imgproxy/size-220-220-2x/czM6Ly9jb250ZW50LWltYWdlcy1wcm9kL3Byb2R1Y3RzLzgyNDk3L29yaWdpbmFsLzEvMjAyNC0wNC0wOVQxMyUzQTE0JTNBNDIuNTU2Njc2JTJCMDAlM0EwMC84MjQ5N18xLmpwZw==.webp 2x;139,90;165,49
проспект Альберта Камалеева, 32Б, Казань, Республика Татарстан;sladosti_new;/auchan/konfety-batonchiki-rot-front-2c3e392?sid=70;Конфеты батончики Рот Фронт;https://imgproxy.sbermarket.ru/imgproxy/size-220-220/czM6Ly9jb250ZW50LWltYWdlcy1wcm9kL3Byb2R1Y3RzLzI1MzI4NDExL29yaWdpbmFsLzEvMjAyNC0wNC0wMlQxNSUzQTEyJTNBNDMuMzY1ODc1JTJCMDAlM0EwMC8yNTMyODQxMV8xLmpwZw==.jpg; https://imgproxy.sbermarket.ru/imgproxy/size-220-220-2x/czM6Ly9jb250ZW50LWltYWdlcy1wcm9kL3Byb2R1Y3RzLzI1MzI4NDExL29yaWdpbmFsLzEvMjAyNC0wNC0wMlQxNSUzQTEyJTNBNDMuMzY1ODc1JTJCMDAlM0EwMC8yNTMyODQxMV8xLmpwZw==.webp 2x;134,75;218,25
проспект Альберта Камалеева, 32Б, Казань, Республика Татарстан;sladosti_new;/auchan/vafli-yashkino-glazirovannye-s-oreshkami-200-g-c3f663f?sid=70;Вафли Яшкино глазированные с орешками 200 г;https://imgproxy.sbermarket.ru/imgproxy/size-220-220/czM6Ly9jb250ZW50LWltYWdlcy1wcm9kL3Byb2R1Y3RzLzE3NzgwOTI2L29yaWdpbmFsLzEvMjAyMy0xMS0yOFQxNyUzQTQxJTNBMDMuOTk5OTYyJTJCMDAlM0EwMC8xNzc4MDkyNl8xLmpwZw==.jpg; https://imgproxy.sbermarket.ru/imgproxy/size-220-220-2x/czM6Ly9jb250ZW50LWltYWdlcy1wcm9kL3Byb2R1Y3RzLzE3NzgwOTI2L29yaWdpbmFsLzEvMjAyMy0xMS0yOFQxNyUzQTQxJTNBMDMuOTk5OTYyJTJCMDAlM0EwMC8xNzc4MDkyNl8xLmpwZw==.webp 2x;62,49;-
проспект Альберта Камалеева, 32Б, Казань, Республика Татарстан;sladosti_new;/auchan/shokoladnoe-yaytso-kinder-syurpriz-20-g-190cbe6?sid=70;Шоколадное яйцо Kinder Сюрприз 20 г;https://imgproxy.sbermarket.ru/imgproxy/size-220-220/czM6Ly9jb250ZW50LWltYWdlcy1wcm9kL3Byb2R1Y3RzLzc4MzQ4NC9vcmlnaW5hbC8xLzIwMjItMDgtMjJUMTUlM0ExMyUzQTUxLjA4NTAwMCUyQjAwJTNBMDAvNzgzNDg0XzEuanBn.jpg; https://imgproxy.sbermarket.ru/imgproxy/size-220-220-2x/czM6Ly9jb250ZW50LWltYWdlcy1wcm9kL3Byb2R1Y3RzLzc4MzQ4NC9vcmlnaW5hbC8xLzIwMjItMDgtMjJUMTUlM0ExMyUzQTUxLjA4NTAwMCUyQjAwJTNBMDAvNzgzNDg0XzEuanBn.webp 2x;79,90;136,49
проспект Альберта Камалеева, 32Б, Казань, Республика Татарстан;sladosti_new;/auchan/kruassany-7-days-s-kremom-funduk-65-g-h-4-sht-8dabd39?sid=70;Круассаны 7 Days с кремом фундук 65 г х 4 шт;https://imgproxy.sbermarket.ru/imgproxy/size-220-220/czM6Ly9jb250ZW50LWltYWdlcy1wcm9kL3Byb2R1Y3RzLzY1NDQ4L29yaWdpbmFsLzEvMjAyNC0wNC0wOVQxMyUzQTE0JTNBMTYuNjkwOTQ5JTJCMDAlM0EwMC82NTQ0OF8xLmpwZw==.jpg; https://imgproxy.sbermarket.ru/imgproxy/size-220-220-2x/czM6Ly9jb250ZW50LWltYWdlcy1wcm9kL3Byb2R1Y3RzLzY1NDQ4L29yaWdpbmFsLzEvMjAyNC0wNC0wOVQxMyUzQTE0JTNBMTYuNjkwOTQ5JTJCMDAlM0EwMC82NTQ0OF8xLmpwZw==.webp 2x;129,90;156,99
проспект Альберта Камалеева, 32Б, Казань, Республика Татарстан;sladosti_new;/auchan/kruassany-7-days-s-vanil-nym-kremom-65-g-h-4-sht-e4b810c?sid=70;Круассаны 7 Days с ванильным кремом 65 г х 4 шт;https://imgproxy.sbermarket.ru/imgproxy/size-220-220/czM6Ly9jb250ZW50LWltYWdlcy1wcm9kL3Byb2R1Y3RzLzMwMzA4L29yaWdpbmFsLzEvMjAyNC0wNC0wOVQxMyUzQTEzJTNBMzcuNDk0NzkyJTJCMDAlM0EwMC8zMDMwOF8xLmpwZw==.jpg; https://imgproxy.sbermarket.ru/imgproxy/size-220-220-2x/czM6Ly9jb250ZW50LWltYWdlcy1wcm9kL3Byb2R1Y3RzLzMwMzA4L29yaWdpbmFsLzEvMjAyNC0wNC0wOVQxMyUzQTEzJTNBMzcuNDk0NzkyJTJCMDAlM0EwMC8zMDMwOF8xLmpwZw==.webp 2x;129,90;156,99
проспект Альберта Камалеева, 32Б, Казань, Республика Татарстан;sladosti_new;/auchan/vafli-yashkino-trubochki-orehovye-190-g-e71296b?sid=70;Вафли Яшкино Трубочки Ореховые 190 г;https://imgproxy.sbermarket.ru/imgproxy/size-220-220/czM6Ly9jb250ZW50LWltYWdlcy1wcm9kL3Byb2R1Y3RzLzUyMDM0L29yaWdpbmFsLzEvMjAyNC0wNC0wOVQxMyUzQTE0JTNBMDUuOTA5MDQzJTJCMDAlM0EwMC81MjAzNF8xLmpwZw==.jpg; https://imgproxy.sbermarket.ru/imgproxy/size-220-220-2x/czM6Ly9jb250ZW50LWltYWdlcy1wcm9kL3Byb2R1Y3RzLzUyMDM0L29yaWdpbmFsLzEvMjAyNC0wNC0wOVQxMyUzQTE0JTNBMDUuOTA5MDQzJTJCMDAlM0EwMC81MjAzNF8xLmpwZw==.webp 2x;82,96;-
проспект Альберта Камалеева, 32Б, Казань, Республика Татарстан;sladosti_new;/auchan/pechenie-vanyushkiny-sladosti-oreshki-iz-detstva-500-g-64d241b?sid=70;Печенье Ванюшкины сладости Орешки из детства 500 г;https://imgproxy.sbermarket.ru/imgproxy/size-220-220/czM6Ly9jb250ZW50LWltYWdlcy1wcm9kL3Byb2R1Y3RzLzEwODQ3My9vcmlnaW5hbC8xLzIwMjQtMDQtMDJUMTQlM0E0OCUzQTM5LjEwODIxOSUyQjAwJTNBMDAvMTA4NDczXzEuanBn.jpg; https://imgproxy.sbermarket.ru/imgproxy/size-220-220-2x/czM6Ly9jb250ZW50LWltYWdlcy1wcm9kL3Byb2R1Y3RzLzEwODQ3My9vcmlnaW5hbC8xLzIwMjQtMDQtMDJUMTQlM0E0OCUzQTM5LjEwODIxOSUyQjAwJTNBMDAvMTA4NDczXzEuanBn.webp 2x;273,99;-
проспект Альберта Камалеева, 32Б, Казань, Республика Татарстан;sladosti_new;/auchan/pechenie-belvita-utrennee-s-yogurtovoy-nachinkoy-253-g-6d97f96?sid=70;Печенье BelVita Утреннее с йогуртовой начинкой 253 г;https://imgproxy.sbermarket.ru/imgproxy/size-220-220/czM6Ly9jb250ZW50LWltYWdlcy1wcm9kL3Byb2R1Y3RzLzgyNDk4L29yaWdpbmFsLzEvMjAyNC0wNC0wOVQxMyUzQTE0JTNBNDMuMTkwNDMwJTJCMDAlM0EwMC84MjQ5OF8xLmpwZw==.jpg; https://imgproxy.sbermarket.ru/imgproxy/size-220-220-2x/czM6Ly9jb250ZW50LWltYWdlcy1wcm9kL3Byb2R1Y3RzLzgyNDk4L29yaWdpbmFsLzEvMjAyNC0wNC0wOVQxMyUzQTE0JTNBNDMuMTkwNDMwJTJCMDAlM0EwMC84MjQ5OF8xLmpwZw==.webp 2x;139,90;165,49
проспект Альберта Камалеева, 32Б, Казань, Республика Татарстан;sladosti_new;/auchan/ponchik-ashan-donat-drozhzhevoy-s-mangovoy-nachinkoy-55-g-868ce0a?sid=70;Пончик АШАН Донат дрожжевой с манговой начинкой 55 г;https://imgproxy.sbermarket.ru/imgproxy/size-220-220/czM6Ly9jb250ZW50LWltYWdlcy1wcm9kL3Byb2R1Y3RzLzE5ODIxODE1L29yaWdpbmFsLzEvMjAyMy0wNy0wN1QxNSUzQTA2JTNBMjcuOTc5MTM0JTJCMDAlM0EwMC8xOTgyMTgxNV8xLmpwZw==.jpg; https://imgproxy.sbermarket.ru/imgproxy/size-220-220-2x/czM6Ly9jb250ZW50LWltYWdlcy1wcm9kL3Byb2R1Y3RzLzE5ODIxODE1L29yaWdpbmFsLzEvMjAyMy0wNy0wN1QxNSUzQTA2JTNBMjcuOTc5MTM0JTJCMDAlM0EwMC8xOTgyMTgxNV8xLmpwZw==.webp 2x;39,90;49,99
проспект Альберта Камалеева, 32Б, Казань, Республика Татарстан;sladosti_new;/auchan/pechenie-choco-boy-yogurt-i-klubnika-40-g-edc9732?sid=70;Печенье Choco Boy Йогурт и клубника 40 г;https://imgproxy.sbermarket.ru/imgproxy/size-220-220/czM6Ly9jb250ZW50LWltYWdlcy1wcm9kL3Byb2R1Y3RzLzIwOTE2NDM2L29yaWdpbmFsLzEvMjAyNC0wNC0wOVQxMiUzQTI5JTNBMDQuNzM4MjYwJTJCMDAlM0EwMC8yMDkxNjQzNl8xLmpwZw==.jpg; https://imgproxy.sbermarket.ru/imgproxy/size-220-220-2x/czM6Ly9jb250ZW50LWltYWdlcy1wcm9kL3Byb2R1Y3RzLzIwOTE2NDM2L29yaWdpbmFsLzEvMjAyNC0wNC0wOVQxMiUzQTI5JTNBMDQuNzM4MjYwJTJCMDAlM0EwMC8yMDkxNjQzNl8xLmpwZw==.webp 2x;39,99;58,99
проспект Альберта Камалеева, 32Б, Казань, Республика Татарстан;sladosti_new;/auchan/pechenie-hlebnyy-spas-sdobnoe-coffee-time-krendel-ki-so-vkusom-kapuchino-i-trostnikovym-saharom-320-g-e1903da?sid=70;Печенье Хлебный Спас сдобное Coffee Time крендельки со...;https://imgproxy.sbermarket.ru/imgproxy/size-220-220/czM6Ly9jb250ZW50LWltYWdlcy1wcm9kL3Byb2R1Y3RzLzE1MDEzMDA5L29yaWdpbmFsLzEvMjAyNC0wNC0wOVQxMyUzQTA1JTNBMjMuNTc2NTY4JTJCMDAlM0EwMC8xNTAxMzAwOV8xLmpwZw==.jpg; https://imgproxy.sbermarket.ru/imgproxy/size-220-220-2x/czM6Ly9jb250ZW50LWltYWdlcy1wcm9kL3Byb2R1Y3RzLzE1MDEzMDA5L29yaWdpbmFsLzEvMjAyNC0wNC0wOVQxMyUzQTA1JTNBMjMuNTc2NTY4JTJCMDAlM0EwMC8xNTAxMzAwOV8xLmpwZw==.webp 2x;109,90;206,99
проспект Альберта Камалеева, 32Б, Казань, Республика Татарстан;sladosti_new;/auchan/pechenie-yubileynoe-molochnoe-116-g-d3ef2c0?sid=70;Печенье Юбилейное молочное 116 г;https://imgproxy.sbermarket.ru/imgproxy/size-220-220/czM6Ly9jb250ZW50LWltYWdlcy1wcm9kL3Byb2R1Y3RzLzI1MTkyOC9vcmlnaW5hbC8xLzIwMjQtMDQtMDlUMTMlM0ExMyUzQTAzLjYzMzUzNiUyQjAwJTNBMDAvMjUxOTI4XzEuanBn.jpg; https://imgproxy.sbermarket.ru/imgproxy/size-220-220-2x/czM6Ly9jb250ZW50LWltYWdlcy1wcm9kL3Byb2R1Y3RzLzI1MTkyOC9vcmlnaW5hbC8xLzIwMjQtMDQtMDlUMTMlM0ExMyUzQTAzLjYzMzUzNiUyQjAwJTNBMDAvMjUxOTI4XzEuanBn.webp 2x;45,90;49,49
проспект Альберта Камалеева, 32Б, Казань, Республика Татарстан;sladosti_new;/auchan/biskvit-kinder-molochnyy-lomtik-28-g-h-5-sht-00fd98f?sid=70;Бисквит Kinder Молочный ломтик 28 г х 5 шт;https://imgproxy.sbermarket.ru/imgproxy/size-220-220/czM6Ly9jb250ZW50LWltYWdlcy1wcm9kL3Byb2R1Y3RzLzIxNjEzMy9vcmlnaW5hbC8xLzIwMjMtMDctMzBUMTglM0ExMyUzQTQ1LjkzMzA0MCUyQjAwJTNBMDAvMjE2MTMzXzEuanBn.jpg; https://imgproxy.sbermarket.ru/imgproxy/size-220-220-2x/czM6Ly9jb250ZW50LWltYWdlcy1wcm9kL3Byb2R1Y3RzLzIxNjEzMy9vcmlnaW5hbC8xLzIwMjMtMDctMzBUMTglM0ExMyUzQTQ1LjkzMzA0MCUyQjAwJTNBMDAvMjE2MTMzXzEuanBn.webp 2x;240,99;-
проспект Альберта Камалеева, 32Б, Казань, Республика Татарстан;sladosti_new;/auchan/vafli-yashkino-gollandskie-s-karamel-noy-nachinkoy-290-g-c6f1395?sid=70;Вафли Яшкино Голландские с карамельной начинкой 290 г;https://imgproxy.sbermarket.ru/imgproxy/size-220-220/czM6Ly9jb250ZW50LWltYWdlcy1wcm9kL3Byb2R1Y3RzLzI4NTExL29yaWdpbmFsLzEvMjAyNC0wNC0wOVQxMyUzQTEzJTNBMjQuMTAyNjQ1JTJCMDAlM0EwMC8yODUxMV8xLmpwZw==.jpg; https://imgproxy.sbermarket.ru/imgproxy/size-220-220-2x/czM6Ly9jb250ZW50LWltYWdlcy1wcm9kL3Byb2R1Y3RzLzI4NTExL29yaWdpbmFsLzEvMjAyNC0wNC0wOVQxMyUzQTEzJTNBMjQuMTAyNjQ1JTJCMDAlM0EwMC8yODUxMV8xLmpwZw==.webp 2x;109,49;-
проспект Альберта Камалеева, 32Б, Казань, Республика Татарстан;sladosti_new;/auchan/pechenie-yubileynoe-vitaminizirovannoe-so-svetloy-glazur-yu-121-g-e6e47dd?sid=70;Печенье Юбилейное витаминизированное со светлой глазурью...;https://imgproxy.sbermarket.ru/imgproxy/size-220-220/czM6Ly9jb250ZW50LWltYWdlcy1wcm9kL3Byb2R1Y3RzLzgzOTcwOS9vcmlnaW5hbC8xLzIwMjQtMDMtMDZUMDklM0E1MCUzQTEzLjE4NTc1NCUyQjAwJTNBMDAvODM5NzA5XzEuanBn.jpg; https://imgproxy.sbermarket.ru/imgproxy/size-220-220-2x/czM6Ly9jb250ZW50LWltYWdlcy1wcm9kL3Byb2R1Y3RzLzgzOTcwOS9vcmlnaW5hbC8xLzIwMjQtMDMtMDZUMDklM0E1MCUzQTEzLjE4NTc1NCUyQjAwJTNBMDAvODM5NzA5XzEuanBn.webp 2x;45,90;49,49
проспект Альберта Камалеева, 32Б, Казань, Республика Татарстан;sladosti_new;/auchan/zefir-udarnitsa-sharmel-klassicheskiy-v-shokolade-250-g-d4a9cea?sid=70;Зефир Ударница Шармэль Классический в шоколаде 250 г;https://imgproxy.sbermarket.ru/imgproxy/size-220-220/czM6Ly9jb250ZW50LWltYWdlcy1wcm9kL3Byb2R1Y3RzLzQwODg3L29yaWdpbmFsLzEvMjAyMy0xMS0yNFQxNiUzQTMxJTNBMDkuMDA0NjI0JTJCMDAlM0EwMC80MDg4N18xLmpwZw==.jpg; https://imgproxy.sbermarket.ru/imgproxy/size-220-220-2x/czM6Ly9jb250ZW50LWltYWdlcy1wcm9kL3Byb2R1Y3RzLzQwODg3L29yaWdpbmFsLzEvMjAyMy0xMS0yNFQxNiUzQTMxJTNBMDkuMDA0NjI0JTJCMDAlM0EwMC80MDg4N18xLmpwZw==.webp 2x;229,00;268,49
проспект Альберта Камалеева, 32Б, Казань, Республика Татарстан;sladosti_new;/auchan/pechenie-yashkino-zatyazhnoe-so-slivochnym-kremom-190-g-63ed639?sid=70;Печенье Яшкино затяжное со сливочным кремом 190 г;https://imgproxy.sbermarket.ru/imgproxy/size-220-220/czM6Ly9jb250ZW50LWltYWdlcy1wcm9kL3Byb2R1Y3RzLzE5MDU4OTM3L29yaWdpbmFsLzEvMjAyMy0xMS0yOFQxNyUzQTQ3JTNBMDEuMjM0NzM4JTJCMDAlM0EwMC8xOTA1ODkzN18xLmpwZw==.jpg; https://imgproxy.sbermarket.ru/imgproxy/size-220-220-2x/czM6Ly9jb250ZW50LWltYWdlcy1wcm9kL3Byb2R1Y3RzLzE5MDU4OTM3L29yaWdpbmFsLzEvMjAyMy0xMS0yOFQxNyUzQTQ3JTNBMDEuMjM0NzM4JTJCMDAlM0EwMC8xOTA1ODkzN18xLmpwZw==.webp 2x;54,99;-
проспект Альберта Камалеева, 32Б, Казань, Республика Татарстан;sladosti_new;/auchan/pirozhnoe-barni-biskvitnoe-s-bananovo-yogurtovoy-nachinkoy-150-g?sid=70;Пирожное Барни бисквитное с бананово-йогуртовой начинкой...;https://imgproxy.sbermarket.ru/imgproxy/size-220-220/czM6Ly9jb250ZW50LWltYWdlcy1wcm9kL3Byb2R1Y3RzLzI0OTI1MzI2L29yaWdpbmFsLzEvMjAyNC0wNC0wOVQxMiUzQTM0JTNBMjEuMzY1NzA5JTJCMDAlM0EwMC8yNDkyNTMyNl8xLmpwZw==.jpg; https://imgproxy.sbermarket.ru/imgproxy/size-220-220-2x/czM6Ly9jb250ZW50LWltYWdlcy1wcm9kL3Byb2R1Y3RzLzI0OTI1MzI2L29yaWdpbmFsLzEvMjAyNC0wNC0wOVQxMiUzQTM0JTNBMjEuMzY1NzA5JTJCMDAlM0EwMC8yNDkyNTMyNl8xLmpwZw==.webp 2x;89,90;-
проспект Альберта Камалеева, 32Б, Казань, Республика Татарстан;sladosti_new;/auchan/pechenie-polet-sssr-ovsyanoe-klassicheskoe-250-g-4c1ce0e?sid=70;Печенье Полет СССР овсяное классическое 250 г;https://imgproxy.sbermarket.ru/imgproxy/size-220-220/czM6Ly9jb250ZW50LWltYWdlcy1wcm9kL3Byb2R1Y3RzLzEyNDg3Mi9vcmlnaW5hbC8xLzIwMjQtMDQtMDlUMTMlM0EwMyUzQTA1LjA4MzA2NCUyQjAwJTNBMDAvMTI0ODcyXzEuanBn.jpg; https://imgproxy.sbermarket.ru/imgproxy/size-220-220-2x/czM6Ly9jb250ZW50LWltYWdlcy1wcm9kL3Byb2R1Y3RzLzEyNDg3Mi9vcmlnaW5hbC8xLzIwMjQtMDQtMDlUMTMlM0EwMyUzQTA1LjA4MzA2NCUyQjAwJTNBMDAvMTI0ODcyXzEuanBn.webp 2x;119,99;149,99
проспект Альберта Камалеева, 32Б, Казань, Республика Татарстан;sladosti_new;/auchan/pechenie-kazhdyy-den-ovsyanoe-400-g-d91a1fa?sid=70;Печенье Каждый День овсяное 400 г;https://imgproxy.sbermarket.ru/imgproxy/size-220-220/czM6Ly9jb250ZW50LWltYWdlcy1wcm9kL3Byb2R1Y3RzLzE3ODkwNjg1L29yaWdpbmFsLzEvMjAyMi0wOC0yM1QyMCUzQTQ3JTNBMzYuODU1MDAwJTJCMDAlM0EwMC8xNzg5MDY4NV8xLmpwZw==.jpg; https://imgproxy.sbermarket.ru/imgproxy/size-220-220-2x/czM6Ly9jb250ZW50LWltYWdlcy1wcm9kL3Byb2R1Y3RzLzE3ODkwNjg1L29yaWdpbmFsLzEvMjAyMi0wOC0yM1QyMCUzQTQ3JTNBMzYuODU1MDAwJTJCMDAlM0EwMC8xNzg5MDY4NV8xLmpwZw==.webp 2x;48,98;-
проспект Альберта Камалеева, 32Б, Казань, Республика Татарстан;sladosti_new;/auchan/shokoladnoe-yaytso-kinder-syurpriz-iz-molochnogo-shokolada-dlya-devochek-20-g-f141587?sid=70;Шоколадное яйцо Kinder Сюрприз из молочного шоколада для...;https://imgproxy.sbermarket.ru/imgproxy/size-220-220/czM6Ly9jb250ZW50LWltYWdlcy1wcm9kL3Byb2R1Y3RzLzE1Mjk2MjMwL29yaWdpbmFsLzEvMjAyMy0xMS0zMFQxOCUzQTQ2JTNBNTUuMTk0MTY2JTJCMDAlM0EwMC8xNTI5NjIzMF8xLmpwZw==.jpg; https://imgproxy.sbermarket.ru/imgproxy/size-220-220-2x/czM6Ly9jb250ZW50LWltYWdlcy1wcm9kL3Byb2R1Y3RzLzE1Mjk2MjMwL29yaWdpbmFsLzEvMjAyMy0xMS0zMFQxOCUzQTQ2JTNBNTUuMTk0MTY2JTJCMDAlM0EwMC8xNTI5NjIzMF8xLmpwZw==.webp 2x;79,90;136,49
проспект Альберта Камалеева, 32Б, Казань, Республика Татарстан;sladosti_new;/auchan/kruassany-7-days-s-kremom-kakao-65-g-h-4-sht-3664d9f?sid=70;Круассаны 7 Days с кремом какао 65 г х 4 шт;https://imgproxy.sbermarket.ru/imgproxy/size-220-220/czM6Ly9jb250ZW50LWltYWdlcy1wcm9kL3Byb2R1Y3RzLzM0MjY1L29yaWdpbmFsLzEvMjAyNC0wNC0wOVQxMyUzQTEzJTNBNDcuODk5MjU1JTJCMDAlM0EwMC8zNDI2NV8xLmpwZw==.jpg; https://imgproxy.sbermarket.ru/imgproxy/size-220-220-2x/czM6Ly9jb250ZW50LWltYWdlcy1wcm9kL3Byb2R1Y3RzLzM0MjY1L29yaWdpbmFsLzEvMjAyNC0wNC0wOVQxMyUzQTEzJTNBNDcuODk5MjU1JTJCMDAlM0EwMC8zNDI2NV8xLmpwZw==.webp 2x;129,90;-
проспект Альберта Камалеева, 32Б, Казань, Республика Татарстан;sladosti_new;/auchan/vafli-kazhdyy-den-s-vanil-no-slivochnym-aromatom-200-g-05a17a7?sid=70;Вафли Каждый День с ванильно-сливочным ароматом 200 г;https://imgproxy.sbermarket.ru/imgproxy/size-220-220/czM6Ly9jb250ZW50LWltYWdlcy1wcm9kL3Byb2R1Y3RzLzE5Mjg0MDYzL29yaWdpbmFsLzEvMjAyMi0wOC0yM1QwNyUzQTE5JTNBMjIuNzk1MDAwJTJCMDAlM0EwMC8xOTI4NDA2M18xLmpwZw==.jpg; https://imgproxy.sbermarket.ru/imgproxy/size-220-220-2x/czM6Ly9jb250ZW50LWltYWdlcy1wcm9kL3Byb2R1Y3RzLzE5Mjg0MDYzL29yaWdpbmFsLzEvMjAyMi0wOC0yM1QwNyUzQTE5JTNBMjIuNzk1MDAwJTJCMDAlM0EwMC8xOTI4NDA2M18xLmpwZw==.webp 2x;35,98;-
проспект Альберта Камалеева, 32Б, Казань, Республика Татарстан;sladosti_new;/auchan/pirozhnye-barni-s-molochnoy-nachinkoy-30-g-h-5-sht-8ca7061?sid=70;Пирожные Барни с молочной начинкой 30 г х 5 шт;https://imgproxy.sbermarket.ru/imgproxy/size-220-220/czM6Ly9jb250ZW50LWltYWdlcy1wcm9kL3Byb2R1Y3RzLzE5NzM2L29yaWdpbmFsLzEvMjAyNC0wNC0wOVQxMyUzQTExJTNBMzcuMDkwMDYyJTJCMDAlM0EwMC8xOTczNl8xLmpwZw==.jpg; https://imgproxy.sbermarket.ru/imgproxy/size-220-220-2x/czM6Ly9jb250ZW50LWltYWdlcy1wcm9kL3Byb2R1Y3RzLzE5NzM2L29yaWdpbmFsLzEvMjAyNC0wNC0wOVQxMyUzQTExJTNBMzcuMDkwMDYyJTJCMDAlM0EwMC8xOTczNl8xLmpwZw==.webp 2x;89,90;-
проспект Альберта Камалеева, 32Б, Казань, Республика Татарстан;sladosti_new;/auchan/pechenie-yubileynoe-postnoe-268-g-5d2e99d?sid=70;Печенье Юбилейное Постное 268 г;https://imgproxy.sbermarket.ru/imgproxy/size-220-220/czM6Ly9jb250ZW50LWltYWdlcy1wcm9kL3Byb2R1Y3RzLzIzOTQwMDM0L29yaWdpbmFsLzEvMjAyMy0xMS0yNFQxNSUzQTM0JTNBMDQuMzQ4MTA2JTJCMDAlM0EwMC8yMzk0MDAzNF8xLmpwZw==.jpg; https://imgproxy.sbermarket.ru/imgproxy/size-220-220-2x/czM6Ly9jb250ZW50LWltYWdlcy1wcm9kL3Byb2R1Y3RzLzIzOTQwMDM0L29yaWdpbmFsLzEvMjAyMy0xMS0yNFQxNSUzQTM0JTNBMDQuMzQ4MTA2JTJCMDAlM0EwMC8yMzk0MDAzNF8xLmpwZw==.webp 2x;69,90;113,99
проспект Альберта Камалеева, 32Б, Казань, Республика Татарстан;sladosti_new;/auchan/pechenie-yashkino-sdobnoe-klubnika-137-g-5346021?sid=70;Печенье Яшкино сдобное клубника 137 г;https://imgproxy.sbermarket.ru/imgproxy/size-220-220/czM6Ly9jb250ZW50LWltYWdlcy1wcm9kL3Byb2R1Y3RzLzQ3NTg0L29yaWdpbmFsLzEvMjAyNC0wNC0wOVQxMyUzQTE0JTNBMDIuMzU5Mzk2JTJCMDAlM0EwMC80NzU4NF8xLmpwZw==.jpg; https://imgproxy.sbermarket.ru/imgproxy/size-220-220-2x/czM6Ly9jb250ZW50LWltYWdlcy1wcm9kL3Byb2R1Y3RzLzQ3NTg0L29yaWdpbmFsLzEvMjAyNC0wNC0wOVQxMyUzQTE0JTNBMDIuMzU5Mzk2JTJCMDAlM0EwMC80NzU4NF8xLmpwZw==.webp 2x;79,49;-
проспект Альберта Камалеева, 32Б, Казань, Республика Татарстан;sladosti_new;/auchan/batonchik-picnic-big-shokoladnyy-s-arahisom-izyumom-karamel-yu-76-g-78eac32?sid=70;Батончик Picnic Big шоколадный с арахисом-изюмом-карамелью...;https://imgproxy.sbermarket.ru/imgproxy/size-220-220/czM6Ly9jb250ZW50LWltYWdlcy1wcm9kL3Byb2R1Y3RzLzI4Njk3L29yaWdpbmFsLzEvMjAyMy0xMS0yNFQxNiUzQTI4JTNBMzkuMTM2MzYxJTJCMDAlM0EwMC8yODY5N18xLmpwZw==.jpg; https://imgproxy.sbermarket.ru/imgproxy/size-220-220-2x/czM6Ly9jb250ZW50LWltYWdlcy1wcm9kL3Byb2R1Y3RzLzI4Njk3L29yaWdpbmFsLzEvMjAyMy0xMS0yNFQxNiUzQTI4JTNBMzkuMTM2MzYxJTJCMDAlM0EwMC8yODY5N18xLmpwZw==.webp 2x;59,99;-
проспект Альберта Камалеева, 32Б, Казань, Республика Татарстан;sladosti_new;/auchan/tarallini-nina-farina-s-chesnokom-180-g-ce1b68e?sid=70;Тараллини Nina Farina с чесноком 180 г;https://imgproxy.sbermarket.ru/imgproxy/size-220-220/czM6Ly9jb250ZW50LWltYWdlcy1wcm9kL3Byb2R1Y3RzLzIyMTA1OTU3L29yaWdpbmFsLzEvMjAyMi0xMi0yOVQwOSUzQTA1JTNBMjAuMTkxMDAwJTJCMDAlM0EwMC8yMjEwNTk1N18xLmpwZw==.jpg; https://imgproxy.sbermarket.ru/imgproxy/size-220-220-2x/czM6Ly9jb250ZW50LWltYWdlcy1wcm9kL3Byb2R1Y3RzLzIyMTA1OTU3L29yaWdpbmFsLzEvMjAyMi0xMi0yOVQwOSUzQTA1JTNBMjAuMTkxMDAwJTJCMDAlM0EwMC8yMjEwNTk1N18xLmpwZw==.webp 2x;57,99;-
проспект Альберта Камалеева, 32Б, Казань, Республика Татарстан;sladosti_new;/auchan/pirozhnoe-kinder-pingui-shokolad-biskvitnoe-30-g-h-4-sht-f86cfad?sid=70;Пирожное Kinder Pingui Шоколад бисквитное 30 г х 4 шт;https://imgproxy.sbermarket.ru/imgproxy/size-220-220/czM6Ly9jb250ZW50LWltYWdlcy1wcm9kL3Byb2R1Y3RzLzY1NzgwL29yaWdpbmFsLzEvMjAyMy0wNy0zMFQxOCUzQTE1JTNBMDIuNTQ4NzU0JTJCMDAlM0EwMC82NTc4MF8xLmpwZw==.jpg; https://imgproxy.sbermarket.ru/imgproxy/size-220-220-2x/czM6Ly9jb250ZW50LWltYWdlcy1wcm9kL3Byb2R1Y3RzLzY1NzgwL29yaWdpbmFsLzEvMjAyMy0wNy0zMFQxOCUzQTE1JTNBMDIuNTQ4NzU0JTJCMDAlM0EwMC82NTc4MF8xLmpwZw==.webp 2x;237,99;-
проспект Альберта Камалеева, 32Б, Казань, Республика Татарстан;sladosti_new;/auchan/keksy-yubileynoe-mini-s-molochnym-shokoladom-140-g-c0353dd?sid=70;Кексы Юбилейное Мини с молочным шоколадом 140 г;https://imgproxy.sbermarket.ru/imgproxy/size-220-220/czM6Ly9jb250ZW50LWltYWdlcy1wcm9kL3Byb2R1Y3RzLzE1OTgxMzY3L29yaWdpbmFsLzEvMjAyNC0wMy0wNlQwOSUzQTQ5JTNBNDYuMzA4MzYxJTJCMDAlM0EwMC8xNTk4MTM2N18xLmpwZw==.jpg; https://imgproxy.sbermarket.ru/imgproxy/size-220-220-2x/czM6Ly9jb250ZW50LWltYWdlcy1wcm9kL3Byb2R1Y3RzLzE1OTgxMzY3L29yaWdpbmFsLzEvMjAyNC0wMy0wNlQwOSUzQTQ5JTNBNDYuMzA4MzYxJTJCMDAlM0EwMC8xNTk4MTM2N18xLmpwZw==.webp 2x;119,99;136,99
проспект Альберта Камалеева, 32Б, Казань, Республика Татарстан;sladosti_new;/auchan/vafel-nye-ruletiki-yashkino-so-vkusom-sguschennogo-moloka-160-g-07ca52d?sid=70;Вафельные рулетики Яшкино со вкусом сгущенного молока 160 г;https://imgproxy.sbermarket.ru/imgproxy/size-220-220/czM6Ly9jb250ZW50LWltYWdlcy1wcm9kL3Byb2R1Y3RzLzE1Mzk2NDUvb3JpZ2luYWwvMS8yMDI0LTA0LTA5VDEzJTNBMDUlM0E1MS45NzgwMTklMkIwMCUzQTAwLzE1Mzk2NDVfMS5qcGc=.jpg; https://imgproxy.sbermarket.ru/imgproxy/size-220-220-2x/czM6Ly9jb250ZW50LWltYWdlcy1wcm9kL3Byb2R1Y3RzLzE1Mzk2NDUvb3JpZ2luYWwvMS8yMDI0LTA0LTA5VDEzJTNBMDUlM0E1MS45NzgwMTklMkIwMCUzQTAwLzE1Mzk2NDVfMS5qcGc=.webp 2x;82,99;-
проспект Альберта Камалеева, 32Б, Казань, Республика Татарстан;sladosti_new;/auchan/pirozhnoe-choco-pie-klubnika-360-g-007b615?sid=70;Пирожное Choco Pie Клубника 360 г;https://imgproxy.sbermarket.ru/imgproxy/size-220-220/czM6Ly9jb250ZW50LWltYWdlcy1wcm9kL3Byb2R1Y3RzLzE5MzU3NjA4L29yaWdpbmFsLzEvMjAyNC0wMi0yMFQwNyUzQTQ5JTNBMTIuMzY2NTI2JTJCMDAlM0EwMC8xOTM1NzYwOF8xLmpwZw==.jpg; https://imgproxy.sbermarket.ru/imgproxy/size-220-220-2x/czM6Ly9jb250ZW50LWltYWdlcy1wcm9kL3Byb2R1Y3RzLzE5MzU3NjA4L29yaWdpbmFsLzEvMjAyNC0wMi0yMFQwNyUzQTQ5JTNBMTIuMzY2NTI2JTJCMDAlM0EwMC8xOTM1NzYwOF8xLmpwZw==.webp 2x;169,99;234,99
проспект Альберта Камалеева, 32Б, Казань, Республика Татарстан;sladosti_new;/auchan/konfety-gril-yazhnye-krokant-glazirovannye-180-g-72ebf5c?sid=70;Конфеты грильяжные Крокант глазированные 180 г;https://imgproxy.sbermarket.ru/imgproxy/size-220-220/czM6Ly9jb250ZW50LWltYWdlcy1wcm9kL3Byb2R1Y3RzLzQ5ODM5L29yaWdpbmFsLzEvMjAyNC0wNC0xMVQwMCUzQTIzJTNBMzguNzU3NTg5JTJCMDAlM0EwMC80OTgzOV8xLmpwZw==.jpg; https://imgproxy.sbermarket.ru/imgproxy/size-220-220-2x/czM6Ly9jb250ZW50LWltYWdlcy1wcm9kL3Byb2R1Y3RzLzQ5ODM5L29yaWdpbmFsLzEvMjAyNC0wNC0xMVQwMCUzQTIzJTNBMzguNzU3NTg5JTJCMDAlM0EwMC80OTgzOV8xLmpwZw==.webp 2x;81,99;-
проспект Альберта Камалеева, 32Б, Казань, Республика Татарстан;sladosti_new;/auchan/pechenie-yashkino-zatyazhnoe-s-klubnichnym-kremom-190-g-4ca1b26?sid=70;Печенье Яшкино затяжное с клубничным кремом 190 г;https://imgproxy.sbermarket.ru/imgproxy/size-220-220/czM6Ly9jb250ZW50LWltYWdlcy1wcm9kL3Byb2R1Y3RzLzE2MTA4MDM3L29yaWdpbmFsLzEvMjAyNC0wNC0wOVQxMyUzQTA2JTNBMzIuMzkxODM2JTJCMDAlM0EwMC8xNjEwODAzN18xLmpwZw==.jpg; https://imgproxy.sbermarket.ru/imgproxy/size-220-220-2x/czM6Ly9jb250ZW50LWltYWdlcy1wcm9kL3Byb2R1Y3RzLzE2MTA4MDM3L29yaWdpbmFsLzEvMjAyNC0wNC0wOVQxMyUzQTA2JTNBMzIuMzkxODM2JTJCMDAlM0EwMC8xNjEwODAzN18xLmpwZw==.webp 2x;54,99;-
проспект Альберта Камалеева, 32Б, Казань, Республика Татарстан;sladosti_new;/auchan/pechenie-oreo-saharnoe-s-kakao-vanil-yu-95-g-a9233dd?sid=70;Печенье Oreo сахарное с какао-ванилью 95 г;https://imgproxy.sbermarket.ru/imgproxy/size-220-220/czM6Ly9jb250ZW50LWltYWdlcy1wcm9kL3Byb2R1Y3RzLzM0NzI4L29yaWdpbmFsLzEvMjAyMy0xMS0yNFQxNiUzQTMxJTNBMjkuMzU3ODM1JTJCMDAlM0EwMC8zNDcyOF8xLmpwZw==.jpg; https://imgproxy.sbermarket.ru/imgproxy/size-220-220-2x/czM6Ly9jb250ZW50LWltYWdlcy1wcm9kL3Byb2R1Y3RzLzM0NzI4L29yaWdpbmFsLzEvMjAyMy0xMS0yNFQxNiUzQTMxJTNBMjkuMzU3ODM1JTJCMDAlM0EwMC8zNDcyOF8xLmpwZw==.webp 2x;59,99;99,49
проспект Альберта Камалеева, 32Б, Казань, Республика Татарстан;sladosti_new;/auchan/rulet-kontek-figurnyy-sdobnyy-s-makovoy-nachinkoy-400-g-3466872?sid=70;Рулет Контек Фигурный сдобный с маковой начинкой 400 г;https://imgproxy.sbermarket.ru/imgproxy/size-220-220/czM6Ly9jb250ZW50LWltYWdlcy1wcm9kL3Byb2R1Y3RzLzIwNjE5MjE3L29yaWdpbmFsLzEvMjAyMy0wNS0xNlQwOSUzQTU0JTNBMTcuNDIxMzU0JTJCMDAlM0EwMC8yMDYxOTIxN18xLmpwZw==.jpg; https://imgproxy.sbermarket.ru/imgproxy/size-220-220-2x/czM6Ly9jb250ZW50LWltYWdlcy1wcm9kL3Byb2R1Y3RzLzIwNjE5MjE3L29yaWdpbmFsLzEvMjAyMy0wNS0xNlQwOSUzQTU0JTNBMTcuNDIxMzU0JTJCMDAlM0EwMC8yMDYxOTIxN18xLmpwZw==.webp 2x;165,99;-
проспект Альберта Камалеева, 32Б, Казань, Республика Татарстан;sladosti_new;/auchan/pechenie-yashkino-sdobnoe-vishnya-137-g-200230f?sid=70;Печенье Яшкино сдобное вишня 137 г;https://imgproxy.sbermarket.ru/imgproxy/size-220-220/czM6Ly9jb250ZW50LWltYWdlcy1wcm9kL3Byb2R1Y3RzLzY0NjE5L29yaWdpbmFsLzEvMjAyNC0wNC0wOVQxMyUzQTE0JTNBMTIuNjMyNzg1JTJCMDAlM0EwMC82NDYxOV8xLmpwZw==.jpg; https://imgproxy.sbermarket.ru/imgproxy/size-220-220-2x/czM6Ly9jb250ZW50LWltYWdlcy1wcm9kL3Byb2R1Y3RzLzY0NjE5L29yaWdpbmFsLzEvMjAyNC0wNC0wOVQxMyUzQTE0JTNBMTIuNjMyNzg1JTJCMDAlM0EwMC82NDYxOV8xLmpwZw==.webp 2x;79,49;-
проспект Альберта Камалеева, 32Б, Казань, Республика Татарстан;sladosti_new;/auchan/kreker-kazhdyy-den-rybki-200-g-27faa2c?sid=70;Крекер Каждый День Рыбки 200 г;https://imgproxy.sbermarket.ru/imgproxy/size-220-220/czM6Ly9jb250ZW50LWltYWdlcy1wcm9kL3Byb2R1Y3RzLzE3ODkwNjc2L29yaWdpbmFsLzEvMjAyNC0wNC0wMlQxNSUzQTA2JTNBNTguMjUzMzUwJTJCMDAlM0EwMC8xNzg5MDY3Nl8xLmpwZw==.jpg; https://imgproxy.sbermarket.ru/imgproxy/size-220-220-2x/czM6Ly9jb250ZW50LWltYWdlcy1wcm9kL3Byb2R1Y3RzLzE3ODkwNjc2L29yaWdpbmFsLzEvMjAyNC0wNC0wMlQxNSUzQTA2JTNBNTguMjUzMzUwJTJCMDAlM0EwMC8xNzg5MDY3Nl8xLmpwZw==.webp 2x;25,98;-
проспект Альберта Камалеева, 32Б, Казань, Республика Татарстан;sladosti_new;/auchan/sufle-bon-pari-kislye-v-kube-65-g-095dbdf?sid=70;Суфле Бон Пари Кислые в кубе 65 г;https://imgproxy.sbermarket.ru/imgproxy/size-220-220/czM6Ly9jb250ZW50LWltYWdlcy1wcm9kL3Byb2R1Y3RzLzIyODA4MzYzL29yaWdpbmFsLzEvMjAyNC0wMi0xNVQwOSUzQTIzJTNBNTUuNzE3MTcxJTJCMDAlM0EwMC8yMjgwODM2M18xLmpwZw==.jpg; https://imgproxy.sbermarket.ru/imgproxy/size-220-220-2x/czM6Ly9jb250ZW50LWltYWdlcy1wcm9kL3Byb2R1Y3RzLzIyODA4MzYzL29yaWdpbmFsLzEvMjAyNC0wMi0xNVQwOSUzQTIzJTNBNTUuNzE3MTcxJTJCMDAlM0EwMC8yMjgwODM2M18xLmpwZw==.webp 2x;54,90;85,96
проспект Альберта Камалеева, 32Б, Казань, Республика Татарстан;sladosti_new;/auchan/krendel-ki-kazhdyy-den-s-sol-yu-100-g-ad0e597?sid=70;Крендельки Каждый День с солью 100 г;https://imgproxy.sbermarket.ru/imgproxy/size-220-220/czM6Ly9jb250ZW50LWltYWdlcy1wcm9kL3Byb2R1Y3RzLzE3ODkwNjg0L29yaWdpbmFsLzEvMjAyMi0wOC0yMlQxMyUzQTU5JTNBMTIuNTk3MDAwJTJCMDAlM0EwMC8xNzg5MDY4NF8xLmpwZw==.jpg; https://imgproxy.sbermarket.ru/imgproxy/size-220-220-2x/czM6Ly9jb250ZW50LWltYWdlcy1wcm9kL3Byb2R1Y3RzLzE3ODkwNjg0L29yaWdpbmFsLzEvMjAyMi0wOC0yMlQxMyUzQTU5JTNBMTIuNTk3MDAwJTJCMDAlM0EwMC8xNzg5MDY4NF8xLmpwZw==.webp 2x;19,99;-
проспект Альберта Камалеева, 32Б, Казань, Республика Татарстан;sladosti_new;/auchan/batonchik-kinder-bueno-dark-vafel-nyy-43-g-b37937f?sid=70;Батончик Kinder Bueno dark вафельный 43 г;https://imgproxy.sbermarket.ru/imgproxy/size-220-220/czM6Ly9jb250ZW50LWltYWdlcy1wcm9kL3Byb2R1Y3RzLzI0MjcxODA2L29yaWdpbmFsLzEvMjAyMy0xMS0yNFQxNSUzQTM2JTNBMDkuOTc2NzQxJTJCMDAlM0EwMC8yNDI3MTgwNl8xLmpwZw==.jpg; https://imgproxy.sbermarket.ru/imgproxy/size-220-220-2x/czM6Ly9jb250ZW50LWltYWdlcy1wcm9kL3Byb2R1Y3RzLzI0MjcxODA2L29yaWdpbmFsLzEvMjAyMy0xMS0yNFQxNSUzQTM2JTNBMDkuOTc2NzQxJTJCMDAlM0EwMC8yNDI3MTgwNl8xLmpwZw==.webp 2x;67,96;-
проспект Альберта Камалеева, 32Б, Казань, Республика Татарстан;sladosti_new;/auchan/pirozhnoe-fili-beyker-ekler-250-g-f43aee5?sid=70;Пирожное Фили-Бейкер Эклер 250 г;https://imgproxy.sbermarket.ru/imgproxy/size-220-220/czM6Ly9jb250ZW50LWltYWdlcy1wcm9kL3Byb2R1Y3RzLzE1Njc4L29yaWdpbmFsLzEvMjAyMy0xMS0yNFQxNiUzQTI0JTNBMTguNjAxNDYxJTJCMDAlM0EwMC8xNTY3OF8xLmpwZw==.jpg; https://imgproxy.sbermarket.ru/imgproxy/size-220-220-2x/czM6Ly9jb250ZW50LWltYWdlcy1wcm9kL3Byb2R1Y3RzLzE1Njc4L29yaWdpbmFsLzEvMjAyMy0xMS0yNFQxNiUzQTI0JTNBMTguNjAxNDYxJTJCMDAlM0EwMC8xNTY3OF8xLmpwZw==.webp 2x;199,49;-
проспект Альберта Камалеева, 32Б, Казань, Республика Татарстан;sladosti_new;/auchan/shokolad-babyfox-molochnyy-45-g-1639772?sid=70;Шоколад BabyFox молочный 45 г;https://imgproxy.sbermarket.ru/imgproxy/size-220-220/czM6Ly9jb250ZW50LWltYWdlcy1wcm9kL3Byb2R1Y3RzLzIxMTU2NTI5L29yaWdpbmFsLzEvMjAyMy0wMy0wMlQwNyUzQTMwJTNBNTkuMjI5MDAwJTJCMDAlM0EwMC8yMTE1NjUyOV8xLmpwZw==.jpg; https://imgproxy.sbermarket.ru/imgproxy/size-220-220-2x/czM6Ly9jb250ZW50LWltYWdlcy1wcm9kL3Byb2R1Y3RzLzIxMTU2NTI5L29yaWdpbmFsLzEvMjAyMy0wMy0wMlQwNyUzQTMwJTNBNTkuMjI5MDAwJTJCMDAlM0EwMC8yMTE1NjUyOV8xLmpwZw==.webp 2x;41,99;-
проспект Альберта Камалеева, 32Б, Казань, Республика Татарстан;sladosti_new;/auchan/vafli-rot-front-korovka-klassicheskie-toplenoe-moloko-150-g-268dceb?sid=70;Вафли Рот Фронт Коровка классические топленое молоко 150 г;https://imgproxy.sbermarket.ru/imgproxy/size-220-220/czM6Ly9jb250ZW50LWltYWdlcy1wcm9kL3Byb2R1Y3RzLzY2NTA3L29yaWdpbmFsLzEvMjAyNC0wNC0xMVQwMCUzQTIzJTNBNDIuNzE5NjkxJTJCMDAlM0EwMC82NjUwN18xLmpwZw==.jpg; https://imgproxy.sbermarket.ru/imgproxy/size-220-220-2x/czM6Ly9jb250ZW50LWltYWdlcy1wcm9kL3Byb2R1Y3RzLzY2NTA3L29yaWdpbmFsLzEvMjAyNC0wNC0xMVQwMCUzQTIzJTNBNDIuNzE5NjkxJTJCMDAlM0EwMC82NjUwN18xLmpwZw==.webp 2x;72,49;-
проспект Альберта Камалеева, 32Б, Казань, Республика Татарстан;sladosti_new;/auchan/batonchik-kinder-bueno-white-v-molochnom-shokolade-39-g-1194edb?sid=70;Батончик Kinder Bueno White в молочном шоколаде 39 г;https://imgproxy.sbermarket.ru/imgproxy/size-220-220/czM6Ly9jb250ZW50LWltYWdlcy1wcm9kL3Byb2R1Y3RzLzEwNDAxNy9vcmlnaW5hbC8xLzIwMjMtMTEtMjRUMTYlM0E0NiUzQTMxLjI3MTc4NiUyQjAwJTNBMDAvMTA0MDE3XzEuanBn.jpg; https://imgproxy.sbermarket.ru/imgproxy/size-220-220-2x/czM6Ly9jb250ZW50LWltYWdlcy1wcm9kL3Byb2R1Y3RzLzEwNDAxNy9vcmlnaW5hbC8xLzIwMjMtMTEtMjRUMTYlM0E0NiUzQTMxLjI3MTc4NiUyQjAwJTNBMDAvMTA0MDE3XzEuanBn.webp 2x;67,96;-
проспект Альберта Камалеева, 32Б, Казань, Республика Татарстан;sladosti_new;/auchan/pechenie-posidelkino-lyubimoe-ovsyanoe-s-kusochkami-shokolada-310-g-c8d57c0?sid=70;Печенье Посиделкино Любимое овсяное с кусочками шоколада...;https://imgproxy.sbermarket.ru/imgproxy/size-220-220/czM6Ly9jb250ZW50LWltYWdlcy1wcm9kL3Byb2R1Y3RzLzk0Njc0L29yaWdpbmFsLzEvMjAyMi0wOC0yM1QwNCUzQTM2JTNBMDguMzgwMDAwJTJCMDAlM0EwMC85NDY3NF8xLmpwZw==.jpg; https://imgproxy.sbermarket.ru/imgproxy/size-220-220-2x/czM6Ly9jb250ZW50LWltYWdlcy1wcm9kL3Byb2R1Y3RzLzk0Njc0L29yaWdpbmFsLzEvMjAyMi0wOC0yM1QwNCUzQTM2JTNBMDguMzgwMDAwJTJCMDAlM0EwMC85NDY3NF8xLmpwZw==.webp 2x;94,49;-
проспект Альберта Камалеева, 32Б, Казань, Республика Татарстан;sladosti_new;/auchan/pechenie-lyubyatovo-toplenoe-moloko-saharnoe-444-g-f216f7b?sid=70;Печенье Любятово Топленое молоко сахарное 444 г;https://imgproxy.sbermarket.ru/imgproxy/size-220-220/czM6Ly9jb250ZW50LWltYWdlcy1wcm9kL3Byb2R1Y3RzLzIyMTcyMTA2L29yaWdpbmFsLzEvMjAyNC0wNC0wOVQxMiUzQTMxJTNBMDguMzQ4MDc5JTJCMDAlM0EwMC8yMjE3MjEwNl8xLmpwZw==.jpg; https://imgproxy.sbermarket.ru/imgproxy/size-220-220-2x/czM6Ly9jb250ZW50LWltYWdlcy1wcm9kL3Byb2R1Y3RzLzIyMTcyMTA2L29yaWdpbmFsLzEvMjAyNC0wNC0wOVQxMiUzQTMxJTNBMDguMzQ4MDc5JTJCMDAlM0EwMC8yMjE3MjEwNl8xLmpwZw==.webp 2x;89,90;164,99
проспект Альберта Камалеева, 32Б, Казань, Республика Татарстан;sladosti_new;/auchan/pechenie-orion-choco-boy-caramel-s-glazur-yu-45-g-4b90ae5?sid=70;Печенье Orion Choco-Boy Caramel с глазурью 45 г;https://imgproxy.sbermarket.ru/imgproxy/size-220-220/czM6Ly9jb250ZW50LWltYWdlcy1wcm9kL3Byb2R1Y3RzLzE0NjQ1NDEvb3JpZ2luYWwvMS8yMDI0LTA0LTExVDAwJTNBMDQlM0E0Mi4xNDYwMzclMkIwMCUzQTAwLzE0NjQ1NDFfMS5qcGc=.jpg; https://imgproxy.sbermarket.ru/imgproxy/size-220-220-2x/czM6Ly9jb250ZW50LWltYWdlcy1wcm9kL3Byb2R1Y3RzLzE0NjQ1NDEvb3JpZ2luYWwvMS8yMDI0LTA0LTExVDAwJTNBMDQlM0E0Mi4xNDYwMzclMkIwMCUzQTAwLzE0NjQ1NDFfMS5qcGc=.webp 2x;39,99;55,49
проспект Альберта Камалеева, 32Б, Казань, Республика Татарстан;sladosti_new;/auchan/kozinak-azovskaya-konditerskaya-fabrika-podsolnechnyy-150-g-4e00938?sid=70;Козинак Азовская кондитерская фабрика Подсолнечный 150 г;https://imgproxy.sbermarket.ru/imgproxy/size-220-220/czM6Ly9jb250ZW50LWltYWdlcy1wcm9kL3Byb2R1Y3RzLzE1Mjk1NzQxL29yaWdpbmFsLzEvMjAyNC0wNC0wMlQxNCUzQTU5JTNBMzguODM2NzM4JTJCMDAlM0EwMC8xNTI5NTc0MV8xLmpwZw==.jpg; https://imgproxy.sbermarket.ru/imgproxy/size-220-220-2x/czM6Ly9jb250ZW50LWltYWdlcy1wcm9kL3Byb2R1Y3RzLzE1Mjk1NzQxL29yaWdpbmFsLzEvMjAyNC0wNC0wMlQxNCUzQTU5JTNBMzguODM2NzM4JTJCMDAlM0EwMC8xNTI5NTc0MV8xLmpwZw==.webp 2x;38,99;-
проспект Альберта Камалеева, 32Б, Казань, Республика Татарстан;sladosti_new;/auchan/pirozhnye-orion-choco-pie-original-30-g-h-6-sht-18129a5?sid=70;Пирожные Orion Choco Pie Original 30 г х 6 шт;https://imgproxy.sbermarket.ru/imgproxy/size-220-220/czM6Ly9jb250ZW50LWltYWdlcy1wcm9kL3Byb2R1Y3RzLzU0ODc1L29yaWdpbmFsLzEvMjAyNC0wNC0xMVQwMCUzQTIzJTNBMzkuNTY0OTAxJTJCMDAlM0EwMC81NDg3NV8xLmpwZw==.jpg; https://imgproxy.sbermarket.ru/imgproxy/size-220-220-2x/czM6Ly9jb250ZW50LWltYWdlcy1wcm9kL3Byb2R1Y3RzLzU0ODc1L29yaWdpbmFsLzEvMjAyNC0wNC0xMVQwMCUzQTIzJTNBMzkuNTY0OTAxJTJCMDAlM0EwMC81NDg3NV8xLmpwZw==.webp 2x;91,49;-
проспект Альберта Камалеева, 32Б, Казань, Республика Татарстан;sladosti_new;/auchan/solomka-lorenz-saltletts-klassicheskaya-solenaya-150-g-75169d2?sid=70;Соломка Lorenz Saltletts Классическая соленая 150 г;https://imgproxy.sbermarket.ru/imgproxy/size-220-220/czM6Ly9jb250ZW50LWltYWdlcy1wcm9kL3Byb2R1Y3RzLzYzNDI5L29yaWdpbmFsLzEvMjAyNC0wNC0wNFQxNCUzQTA4JTNBNDcuNzA2MDg5JTJCMDAlM0EwMC82MzQyOV8xLmpwZw==.jpg; https://imgproxy.sbermarket.ru/imgproxy/size-220-220-2x/czM6Ly9jb250ZW50LWltYWdlcy1wcm9kL3Byb2R1Y3RzLzYzNDI5L29yaWdpbmFsLzEvMjAyNC0wNC0wNFQxNCUzQTA4JTNBNDcuNzA2MDg5JTJCMDAlM0EwMC82MzQyOV8xLmpwZw==.webp 2x;71,96;-
проспект Альберта Камалеева, 32Б, Казань, Республика Татарстан;sladosti_new;/auchan/tort-shokoladnitsa-klassicheskaya-vafel-nyy-240-g-cd0e269?sid=70;Торт Шоколадница Классическая вафельный 240 г;https://imgproxy.sbermarket.ru/imgproxy/size-220-220/czM6Ly9jb250ZW50LWltYWdlcy1wcm9kL3Byb2R1Y3RzLzE1Mjk2MTI3L29yaWdpbmFsLzEvMjAyNC0wNC0wOVQxMyUzQTA1JTNBNDkuNDY1MDc1JTJCMDAlM0EwMC8xNTI5NjEyN18xLmpwZw==.jpg; https://imgproxy.sbermarket.ru/imgproxy/size-220-220-2x/czM6Ly9jb250ZW50LWltYWdlcy1wcm9kL3Byb2R1Y3RzLzE1Mjk2MTI3L29yaWdpbmFsLzEvMjAyNC0wNC0wOVQxMyUzQTA1JTNBNDkuNDY1MDc1JTJCMDAlM0EwMC8xNTI5NjEyN18xLmpwZw==.webp 2x;119,90;149,49
проспект Альберта Камалеева, 32Б, Казань, Республика Татарстан;sladosti_new;/auchan/pechenie-hlebnyy-spas-sdobnoe-s-nachinkoy-zemlyanika-200-g-79b4ba3?sid=70;Печенье Хлебный спас сдобное с начинкой Земляника 200 г;https://imgproxy.sbermarket.ru/imgproxy/size-220-220/czM6Ly9jb250ZW50LWltYWdlcy1wcm9kL3Byb2R1Y3RzLzEyNzk2NC9vcmlnaW5hbC8xLzIwMjQtMDUtMDJUMjIlM0ExMCUzQTQ4LjIwOTYxNyUyQjAwJTNBMDAvMTI3OTY0XzEuanBn.jpg; https://imgproxy.sbermarket.ru/imgproxy/size-220-220-2x/czM6Ly9jb250ZW50LWltYWdlcy1wcm9kL3Byb2R1Y3RzLzEyNzk2NC9vcmlnaW5hbC8xLzIwMjQtMDUtMDJUMjIlM0ExMCUzQTQ4LjIwOTYxNyUyQjAwJTNBMDAvMTI3OTY0XzEuanBn.webp 2x;74,90;79,99
проспект Альберта Камалеева, 32Б, Казань, Республика Татарстан;sladosti_new;/auchan/pechenie-hlebnyy-spas-ovsyanoe-s-kusochkami-shokolada-250-g-b10a2a9?sid=70;Печенье Хлебный Спас Овсяное с кусочками шоколада 250 г;https://imgproxy.sbermarket.ru/imgproxy/size-220-220/czM6Ly9jb250ZW50LWltYWdlcy1wcm9kL3Byb2R1Y3RzLzIwMDYzNy9vcmlnaW5hbC8xLzIwMjQtMDQtMDlUMTMlM0ExMiUzQTExLjg3Mzg1OSUyQjAwJTNBMDAvMjAwNjM3XzEuanBn.jpg; https://imgproxy.sbermarket.ru/imgproxy/size-220-220-2x/czM6Ly9jb250ZW50LWltYWdlcy1wcm9kL3Byb2R1Y3RzLzIwMDYzNy9vcmlnaW5hbC8xLzIwMjQtMDQtMDlUMTMlM0ExMiUzQTExLjg3Mzg1OSUyQjAwJTNBMDAvMjAwNjM3XzEuanBn.webp 2x;79,90;134,99
проспект Альберта Камалеева, 32Б, Казань, Республика Татарстан;sladosti_new;/auchan/rulet-7-days-s-kremom-kakao-300-g-d52628b?sid=70;Рулет 7 Days с кремом какао 300 г;https://imgproxy.sbermarket.ru/imgproxy/size-220-220/czM6Ly9jb250ZW50LWltYWdlcy1wcm9kL3Byb2R1Y3RzLzEwMTkyMy9vcmlnaW5hbC8xLzIwMjQtMDQtMDlUMTMlM0EwMiUzQTM3Ljk3OTA1OCUyQjAwJTNBMDAvMTAxOTIzXzEuanBn.jpg; https://imgproxy.sbermarket.ru/imgproxy/size-220-220-2x/czM6Ly9jb250ZW50LWltYWdlcy1wcm9kL3Byb2R1Y3RzLzEwMTkyMy9vcmlnaW5hbC8xLzIwMjQtMDQtMDlUMTMlM0EwMiUzQTM3Ljk3OTA1OCUyQjAwJTNBMDAvMTAxOTIzXzEuanBn.webp 2x;119,90;159,99
проспект Альберта Камалеева, 32Б, Казань, Республика Татарстан;sladosti_new;/auchan/tvist-ashan-sloenyy-s-tvorogom-i-limonom-80-g-9b008b2?sid=70;Твист АШАН слоеный с творогом и лимоном 80 г;https://imgproxy.sbermarket.ru/imgproxy/size-220-220/czM6Ly9jb250ZW50LWltYWdlcy1wcm9kL3Byb2R1Y3RzLzY0NDcyNi9vcmlnaW5hbC8xLzIwMjItMDgtMjNUMTklM0EzOSUzQTIyLjk5ODAwMCUyQjAwJTNBMDAvNjQ0NzI2XzEuanBn.jpg; https://imgproxy.sbermarket.ru/imgproxy/size-220-220-2x/czM6Ly9jb250ZW50LWltYWdlcy1wcm9kL3Byb2R1Y3RzLzY0NDcyNi9vcmlnaW5hbC8xLzIwMjItMDgtMjNUMTklM0EzOSUzQTIyLjk5ODAwMCUyQjAwJTNBMDAvNjQ0NzI2XzEuanBn.webp 2x;32,99;-
проспект Альберта Камалеева, 32Б, Казань, Республика Татарстан;sladosti_new;/auchan/pechenie-lyubyatovo-sdobnoe-shokoladnoe-s-nezhnoy-glazur-yu-197-g-ce05077?sid=70;Печенье Любятово сдобное шоколадное с нежной глазурью 197 г;https://imgproxy.sbermarket.ru/imgproxy/size-220-220/czM6Ly9jb250ZW50LWltYWdlcy1wcm9kL3Byb2R1Y3RzLzIzNzYyNDQ1L29yaWdpbmFsLzEvMjAyMy0wNi0xNVQxNCUzQTU0JTNBMjAuNDQ5MzgwJTJCMDAlM0EwMC8yMzc2MjQ0NV8xLmpwZw==.jpg; https://imgproxy.sbermarket.ru/imgproxy/size-220-220-2x/czM6Ly9jb250ZW50LWltYWdlcy1wcm9kL3Byb2R1Y3RzLzIzNzYyNDQ1L29yaWdpbmFsLzEvMjAyMy0wNi0xNVQxNCUzQTU0JTNBMjAuNDQ5MzgwJTJCMDAlM0EwMC8yMzc2MjQ0NV8xLmpwZw==.webp 2x;89,90;129,99
проспект Альберта Камалеева, 32Б, Казань, Республика Татарстан;sladosti_new;/auchan/pechenie-dlya-detey-orion-choco-boy-safari-s-shokoladom-s-5-let-42-g-e01913c?sid=70;Печенье для детей Orion Choco Boy Safari с шоколадом с 5...;https://imgproxy.sbermarket.ru/imgproxy/size-220-220/czM6Ly9jb250ZW50LWltYWdlcy1wcm9kL3Byb2R1Y3RzLzM0NDc5L29yaWdpbmFsLzEvMjAyNC0wNC0wOVQxMyUzQTEzJTNBNDkuMTA5OTc4JTJCMDAlM0EwMC8zNDQ3OV8xLmpwZw==.jpg; https://imgproxy.sbermarket.ru/imgproxy/size-220-220-2x/czM6Ly9jb250ZW50LWltYWdlcy1wcm9kL3Byb2R1Y3RzLzM0NDc5L29yaWdpbmFsLzEvMjAyNC0wNC0wOVQxMyUzQTEzJTNBNDkuMTA5OTc4JTJCMDAlM0EwMC8zNDQ3OV8xLmpwZw==.webp 2x;46,96;-
