проспект Альберта Камалеева, 32Б, Казань, Республика Татарстан;bakaleya;/auchan/sahar-pesok-1-kg?sid=70;Сахар песок 1 кг;https://imgproxy.sbermarket.ru/imgproxy/size-220-220/czM6Ly9jb250ZW50LWltYWdlcy1wcm9kL3Byb2R1Y3RzLzMyNzI1OTcwL29yaWdpbmFsLzEvMjAyNC0wNS0wM1QwOCUzQTE3JTNBNDguMDMzMDMwJTJCMDAlM0EwMC8zMjcyNTk3MF8xLmpwZw==.jpg; https://imgproxy.sbermarket.ru/imgproxy/size-220-220-2x/czM6Ly9jb250ZW50LWltYWdlcy1wcm9kL3Byb2R1Y3RzLzMyNzI1OTcwL29yaWdpbmFsLzEvMjAyNC0wNS0wM1QwOCUzQTE3JTNBNDguMDMzMDMwJTJCMDAlM0EwMC8zMjcyNTk3MF8xLmpwZw==.webp 2x;68,97;-
проспект Альберта Камалеева, 32Б, Казань, Республика Татарстан;bakaleya;/auchan/krupa-grechnevaya-ashan-krasnaya-ptitsa-800-g-185699a?sid=70;Крупа гречневая АШАН Красная птица 800 г;https://imgproxy.sbermarket.ru/imgproxy/size-220-220/czM6Ly9jb250ZW50LWltYWdlcy1wcm9kL3Byb2R1Y3RzLzEyMTU3Ni9vcmlnaW5hbC8xLzIwMjQtMDQtMDJUMTQlM0E0OCUzQTU2LjA5MjA1NSUyQjAwJTNBMDAvMTIxNTc2XzEuanBn.jpg; https://imgproxy.sbermarket.ru/imgproxy/size-220-220-2x/czM6Ly9jb250ZW50LWltYWdlcy1wcm9kL3Byb2R1Y3RzLzEyMTU3Ni9vcmlnaW5hbC8xLzIwMjQtMDQtMDJUMTQlM0E0OCUzQTU2LjA5MjA1NSUyQjAwJTNBMDAvMTIxNTc2XzEuanBn.webp 2x;49,90;59,99
проспект Альберта Камалеева, 32Б, Казань, Республика Татарстан;bakaleya;/auchan/makaronnye-izdeliya-pasteroni-grandine-ptitim-122-400-g-27fe5a0?sid=70;Макаронные изделия Pasteroni Grandine Ptitim № 122 400 г;https://imgproxy.sbermarket.ru/imgproxy/size-220-220/czM6Ly9jb250ZW50LWltYWdlcy1wcm9kL3Byb2R1Y3RzLzIzMDU1MjI1L29yaWdpbmFsLzEvMjAyMy0wNi0wNlQwNSUzQTIxJTNBNDYuMTAzMDcxJTJCMDAlM0EwMC8yMzA1NTIyNV8xLmpwZw==.jpg; https://imgproxy.sbermarket.ru/imgproxy/size-220-220-2x/czM6Ly9jb250ZW50LWltYWdlcy1wcm9kL3Byb2R1Y3RzLzIzMDU1MjI1L29yaWdpbmFsLzEvMjAyMy0wNi0wNlQwNSUzQTIxJTNBNDYuMTAzMDcxJTJCMDAlM0EwMC8yMzA1NTIyNV8xLmpwZw==.webp 2x;74,90;116,99
проспект Альберта Камалеева, 32Б, Казань, Республика Татарстан;bakaleya;/auchan/ris-ashan-krasnaya-ptitsa-dlya-plova-800-g-803b298?sid=70;Рис АШАН Красная птица для плова 800 г;https://imgproxy.sbermarket.ru/imgproxy/size-220-220/czM6Ly9jb250ZW50LWltYWdlcy1wcm9kL3Byb2R1Y3RzLzE1MjA0NTYvb3JpZ2luYWwvMS8yMDIyLTA4LTIzVDA3JTNBMDQlM0EwMC4yMTAwMDAlMkIwMCUzQTAwLzE1MjA0NTZfMS5qcGc=.jpg; https://imgproxy.sbermarket.ru/imgproxy/size-220-220-2x/czM6Ly9jb250ZW50LWltYWdlcy1wcm9kL3Byb2R1Y3RzLzE1MjA0NTYvb3JpZ2luYWwvMS8yMDIyLTA4LTIzVDA3JTNBMDQlM0EwMC4yMTAwMDAlMkIwMCUzQTAwLzE1MjA0NTZfMS5qcGc=.webp 2x;91,90;106,99
проспект Альберта Камалеева, 32Б, Казань, Республика Татарстан;bakaleya;/auchan/bulgur-ashan-krasnaya-ptitsa-500-g-0969cf0?sid=70;Булгур АШАН Красная птица 500 г;https://imgproxy.sbermarket.ru/imgproxy/size-220-220/czM6Ly9jb250ZW50LWltYWdlcy1wcm9kL3Byb2R1Y3RzLzI0MTk5MC9vcmlnaW5hbC8xLzIwMjQtMDQtMDJUMTQlM0E1MCUzQTQzLjEzMjk5NiUyQjAwJTNBMDAvMjQxOTkwXzEuanBn.jpg; https://imgproxy.sbermarket.ru/imgproxy/size-220-220-2x/czM6Ly9jb250ZW50LWltYWdlcy1wcm9kL3Byb2R1Y3RzLzI0MTk5MC9vcmlnaW5hbC8xLzIwMjQtMDQtMDJUMTQlM0E1MCUzQTQzLjEzMjk5NiUyQjAwJTNBMDAvMjQxOTkwXzEuanBn.webp 2x;69,90;92,99
проспект Альберта Камалеева, 32Б, Казань, Республика Татарстан;bakaleya;/auchan/krupa-grechnevaya-uvelka-ekstra-yadritsa-bystrorazvarivayuschayasya-800-g-d6c46b1?sid=70;Крупа гречневая Увелка Экстра ядрица быстроразваривающаяся...;https://imgproxy.sbermarket.ru/imgproxy/size-220-220/czM6Ly9jb250ZW50LWltYWdlcy1wcm9kL3Byb2R1Y3RzLzE2NTM2NzYyL29yaWdpbmFsLzEvMjAyMy0xMS0yNFQxNiUzQTQ4JTNBMjMuNjE5MTgxJTJCMDAlM0EwMC8xNjUzNjc2Ml8xLmpwZw==.jpg; https://imgproxy.sbermarket.ru/imgproxy/size-220-220-2x/czM6Ly9jb250ZW50LWltYWdlcy1wcm9kL3Byb2R1Y3RzLzE2NTM2NzYyL29yaWdpbmFsLzEvMjAyMy0xMS0yNFQxNiUzQTQ4JTNBMjMuNjE5MTgxJTJCMDAlM0EwMC8xNjUzNjc2Ml8xLmpwZw==.webp 2x;79,90;99,49
проспект Альберта Камалеева, 32Б, Казань, Республика Татарстан;bakaleya;/auchan/krupa-grechnevaya-ashan-krasnaya-ptitsa-v-varochnyh-paketah-5-sht-27d1f19?sid=70;Крупа гречневая АШАН Красная птица в варочных пакетах 5 шт;https://imgproxy.sbermarket.ru/imgproxy/size-220-220/czM6Ly9jb250ZW50LWltYWdlcy1wcm9kL3Byb2R1Y3RzLzE1NzE5ODgvb3JpZ2luYWwvMS8yMDIyLTA4LTIzVDE5JTNBMjMlM0EwNi44MjgwMDAlMkIwMCUzQTAwLzE1NzE5ODhfMS5qcGc=.jpg; https://imgproxy.sbermarket.ru/imgproxy/size-220-220-2x/czM6Ly9jb250ZW50LWltYWdlcy1wcm9kL3Byb2R1Y3RzLzE1NzE5ODgvb3JpZ2luYWwvMS8yMDIyLTA4LTIzVDE5JTNBMjMlM0EwNi44MjgwMDAlMkIwMCUzQTAwLzE1NzE5ODhfMS5qcGc=.webp 2x;44,90;54,99
проспект Альберта Камалеева, 32Б, Казань, Республика Татарстан;bakaleya;/auchan/soda-bsk-pischevaya-500-g-7da9f31?sid=70;Сода БСК пищевая 500 г;https://imgproxy.sbermarket.ru/imgproxy/size-220-220/aHR0cHM6Ly9pbWdwcm94eS5zYmVybWFya2V0LnJ1L2ltZ3Byb3h5L3dpZHRoLWF1dG8vY3pNNkx5OWpiMjUwWlc1MExXbHRZV2RsY3kxd2NtOWtMM0J5YjJSMVkzUnpMekkzTWpVek1pOXZjbWxuYVc1aGJDOHhMekl3TWpRdE1EUXRNamRVTVRrbE0wRTBOQ1V6UVRJekxqZzRNREEwT1NVeVFqQXdKVE5CTURBdk1qY3lOVE15WHpFdWFuQmxadz09LmpwZWc.jpg; https://imgproxy.sbermarket.ru/imgproxy/size-220-220-2x/aHR0cHM6Ly9pbWdwcm94eS5zYmVybWFya2V0LnJ1L2ltZ3Byb3h5L3dpZHRoLWF1dG8vY3pNNkx5OWpiMjUwWlc1MExXbHRZV2RsY3kxd2NtOWtMM0J5YjJSMVkzUnpMekkzTWpVek1pOXZjbWxuYVc1aGJDOHhMekl3TWpRdE1EUXRNamRVTVRrbE0wRTBOQ1V6UVRJekxqZzRNREEwT1NVeVFqQXdKVE5CTURBdk1qY3lOVE15WHpFdWFuQmxadz09LmpwZWc.webp 2x;34,49;-
проспект Альберта Камалеева, 32Б, Казань, Республика Татарстан;bakaleya;/auchan/ris-kruglozernyy-ashan-krasnaya-ptitsa-shlifovannyy-800-g-4cd9d22?sid=70;Рис круглозерный АШАН Красная птица шлифованный 800 г;https://imgproxy.sbermarket.ru/imgproxy/size-220-220/czM6Ly9jb250ZW50LWltYWdlcy1wcm9kL3Byb2R1Y3RzLzMyNjI0OS9vcmlnaW5hbC8xLzIwMjQtMDQtMDJUMTQlM0E1MSUzQTMwLjA0NTYyNCUyQjAwJTNBMDAvMzI2MjQ5XzEuanBn.jpg; https://imgproxy.sbermarket.ru/imgproxy/size-220-220-2x/czM6Ly9jb250ZW50LWltYWdlcy1wcm9kL3Byb2R1Y3RzLzMyNjI0OS9vcmlnaW5hbC8xLzIwMjQtMDQtMDJUMTQlM0E1MSUzQTMwLjA0NTYyNCUyQjAwJTNBMDAvMzI2MjQ5XzEuanBn.webp 2x;94,99;-
проспект Альберта Камалеева, 32Б, Казань, Республика Татарстан;bakaleya;/auchan/krupa-grechnevaya-agro-al-yans-ekstra-elitnaya-yadritsa-900-g-5a76554?sid=70;Крупа гречневая Агро-Альянс Экстра элитная ядрица 900 г;https://imgproxy.sbermarket.ru/imgproxy/size-220-220/czM6Ly9jb250ZW50LWltYWdlcy1wcm9kL3Byb2R1Y3RzLzYwNDkyL29yaWdpbmFsLzEvMjAyMi0xMi0wN1QxMyUzQTA1JTNBNTAuODAwNDUxJTJCMDAlM0EwMC82MDQ5Ml8xLmpwZw==.jpg; https://imgproxy.sbermarket.ru/imgproxy/size-220-220-2x/czM6Ly9jb250ZW50LWltYWdlcy1wcm9kL3Byb2R1Y3RzLzYwNDkyL29yaWdpbmFsLzEvMjAyMi0xMi0wN1QxMyUzQTA1JTNBNTAuODAwNDUxJTJCMDAlM0EwMC82MDQ5Ml8xLmpwZw==.webp 2x;99,90;151,99
проспект Альберта Камалеева, 32Б, Казань, Республика Татарстан;bakaleya;/auchan/krupa-shebekinskaya-mannaya-iz-tverdoy-pshenitsy-500-g-4613f28?sid=70;Крупа Шебекинская Манная из твердой пшеницы 500 г;https://imgproxy.sbermarket.ru/imgproxy/size-220-220/czM6Ly9jb250ZW50LWltYWdlcy1wcm9kL3Byb2R1Y3RzLzc5MTc1MC9vcmlnaW5hbC8xLzIwMjMtMTEtMzBUMTklM0EwNCUzQTA0LjE5MjEyOCUyQjAwJTNBMDAvNzkxNzUwXzEuanBn.jpg; https://imgproxy.sbermarket.ru/imgproxy/size-220-220-2x/czM6Ly9jb250ZW50LWltYWdlcy1wcm9kL3Byb2R1Y3RzLzc5MTc1MC9vcmlnaW5hbC8xLzIwMjMtMTEtMzBUMTklM0EwNCUzQTA0LjE5MjEyOCUyQjAwJTNBMDAvNzkxNzUwXzEuanBn.webp 2x;43,90;86,49
проспект Альберта Камалеева, 32Б, Казань, Республика Татарстан;bakaleya;/auchan/muka-frantsuzskaya-shtuchka-pshenichnaya-hlebopekarnaya-vysshiy-sort-2-kg-dc4beb6?sid=70;Мука Французская штучка пшеничная хлебопекарная высший сорт...;https://imgproxy.sbermarket.ru/imgproxy/size-220-220/czM6Ly9jb250ZW50LWltYWdlcy1wcm9kL3Byb2R1Y3RzLzIwOTU3MC9vcmlnaW5hbC8xLzIwMjItMTEtMjlUMTQlM0ExMSUzQTE3LjUyMzAwMCUyQjAwJTNBMDAvMjA5NTcwXzEuanBn.jpg; https://imgproxy.sbermarket.ru/imgproxy/size-220-220-2x/czM6Ly9jb250ZW50LWltYWdlcy1wcm9kL3Byb2R1Y3RzLzIwOTU3MC9vcmlnaW5hbC8xLzIwMjItMTEtMjlUMTQlM0ExMSUzQTE3LjUyMzAwMCUyQjAwJTNBMDAvMjA5NTcwXzEuanBn.webp 2x;99,90;132,99
проспект Альберта Камалеева, 32Б, Казань, Республика Татарстан;bakaleya;/auchan/limonnaya-kislota-kazhdyy-den-80-g-81252d3?sid=70;Лимонная кислота Каждый День 80 г;https://imgproxy.sbermarket.ru/imgproxy/size-220-220/aHR0cHM6Ly9pbWdwcm94eS5zYmVybWFya2V0LnJ1L2ltZ3Byb3h5L3dpZHRoLWF1dG8vY3pNNkx5OWpiMjUwWlc1MExXbHRZV2RsY3kxd2NtOWtMM0J5YjJSMVkzUnpMekU1TWpnek9UZ3dMMjl5YVdkcGJtRnNMekV2TWpBeU1pMHdPQzB5TWxReE5DVXpRVEF6SlROQk16QXVOelUyTURBd0pUSkNNREFsTTBFd01DOHhPVEk0TXprNE1GOHhMbXB3WldjPS5qcGVn.jpg; https://imgproxy.sbermarket.ru/imgproxy/size-220-220-2x/aHR0cHM6Ly9pbWdwcm94eS5zYmVybWFya2V0LnJ1L2ltZ3Byb3h5L3dpZHRoLWF1dG8vY3pNNkx5OWpiMjUwWlc1MExXbHRZV2RsY3kxd2NtOWtMM0J5YjJSMVkzUnpMekU1TWpnek9UZ3dMMjl5YVdkcGJtRnNMekV2TWpBeU1pMHdPQzB5TWxReE5DVXpRVEF6SlROQk16QXVOelUyTURBd0pUSkNNREFsTTBFd01DOHhPVEk0TXprNE1GOHhMbXB3WldjPS5qcGVn.webp 2x;39,98;-
проспект Альберта Камалеева, 32Б, Казань, Республика Татарстан;bakaleya;/auchan/detskiy-supchik-yelli-kids-bukovki-80-g-126e4a7?sid=70;Детский супчик Yelli Kids Буковки 80 г;https://imgproxy.sbermarket.ru/imgproxy/size-220-220/czM6Ly9jb250ZW50LWltYWdlcy1wcm9kL3Byb2R1Y3RzLzYxNjc0L29yaWdpbmFsLzEvMjAyMi0wOC0yM1QyMCUzQTUzJTNBNDUuOTMzMDAwJTJCMDAlM0EwMC82MTY3NF8xLnBuZw==.png; https://imgproxy.sbermarket.ru/imgproxy/size-220-220-2x/czM6Ly9jb250ZW50LWltYWdlcy1wcm9kL3Byb2R1Y3RzLzYxNjc0L29yaWdpbmFsLzEvMjAyMi0wOC0yM1QyMCUzQTUzJTNBNDUuOTMzMDAwJTJCMDAlM0EwMC82MTY3NF8xLnBuZw==.webp 2x;69,99;92,99
проспект Альберта Камалеева, 32Б, Казань, Республика Татарстан;bakaleya;/auchan/vanilin-ashan-krasnaya-ptitsa-kristallicheskiy-1-5-g-1b60973?sid=70;Ванилин АШАН Красная птица кристаллический 1,5 г;https://imgproxy.sbermarket.ru/imgproxy/size-220-220/czM6Ly9jb250ZW50LWltYWdlcy1wcm9kL3Byb2R1Y3RzLzEzMDcxOC9vcmlnaW5hbC8xLzIwMjQtMDQtMDJUMTQlM0E0OSUzQTAzLjM3ODUyMCUyQjAwJTNBMDAvMTMwNzE4XzEuanBn.jpg; https://imgproxy.sbermarket.ru/imgproxy/size-220-220-2x/czM6Ly9jb250ZW50LWltYWdlcy1wcm9kL3Byb2R1Y3RzLzEzMDcxOC9vcmlnaW5hbC8xLzIwMjQtMDQtMDJUMTQlM0E0OSUzQTAzLjM3ODUyMCUyQjAwJTNBMDAvMTMwNzE4XzEuanBn.webp 2x;1,90;3,98
проспект Альберта Камалеева, 32Б, Казань, Республика Татарстан;bakaleya;/auchan/sol-povarennaya-iletskaya-russol-vysshiy-sort-pomol-1-1-kg-b878f35?sid=70;Соль поваренная Илецкая РусСоль высший сорт помол № 1 1 кг;https://imgproxy.sbermarket.ru/imgproxy/size-220-220/czM6Ly9jb250ZW50LWltYWdlcy1wcm9kL3Byb2R1Y3RzLzU2MjU1L29yaWdpbmFsLzEvMjAyMy0xMS0yNFQxNiUzQTM4JTNBMTQuOTI0OTM3JTJCMDAlM0EwMC81NjI1NV8xLmpwZw==.jpg; https://imgproxy.sbermarket.ru/imgproxy/size-220-220-2x/czM6Ly9jb250ZW50LWltYWdlcy1wcm9kL3Byb2R1Y3RzLzU2MjU1L29yaWdpbmFsLzEvMjAyMy0xMS0yNFQxNiUzQTM4JTNBMTQuOTI0OTM3JTJCMDAlM0EwMC81NjI1NV8xLmpwZw==.webp 2x;15,99;-
проспект Альберта Камалеева, 32Б, Казань, Республика Татарстан;bakaleya;/auchan/bulgur-agro-al-yans-ekstra-450-g-72da51a?sid=70;Булгур Агро-Альянс Экстра 450 г;https://imgproxy.sbermarket.ru/imgproxy/size-220-220/czM6Ly9jb250ZW50LWltYWdlcy1wcm9kL3Byb2R1Y3RzLzIyNTQ3My9vcmlnaW5hbC8xLzIwMjItMTItMDdUMTMlM0EwNSUzQTQxLjgxODQ3OCUyQjAwJTNBMDAvMjI1NDczXzEuanBn.jpg; https://imgproxy.sbermarket.ru/imgproxy/size-220-220-2x/czM6Ly9jb250ZW50LWltYWdlcy1wcm9kL3Byb2R1Y3RzLzIyNTQ3My9vcmlnaW5hbC8xLzIwMjItMTItMDdUMTMlM0EwNSUzQTQxLjgxODQ3OCUyQjAwJTNBMDAvMjI1NDczXzEuanBn.webp 2x;99,90;127,99
проспект Альберта Камалеева, 32Б, Казань, Республика Татарстан;bakaleya;/auchan/makaronnye-izdeliya-barilla-cellentani-297-450-g-8f2e761?sid=70;Макаронные изделия Barilla Cellentani № 297 450 г;https://imgproxy.sbermarket.ru/imgproxy/size-220-220/czM6Ly9jb250ZW50LWltYWdlcy1wcm9kL3Byb2R1Y3RzLzIxODI4Mi9vcmlnaW5hbC8xLzIwMjMtMTEtMzBUMTglM0E1MyUzQTQyLjgxNDU1NCUyQjAwJTNBMDAvMjE4MjgyXzEuanBn.jpg; https://imgproxy.sbermarket.ru/imgproxy/size-220-220-2x/czM6Ly9jb250ZW50LWltYWdlcy1wcm9kL3Byb2R1Y3RzLzIxODI4Mi9vcmlnaW5hbC8xLzIwMjMtMTEtMzBUMTglM0E1MyUzQTQyLjgxNDU1NCUyQjAwJTNBMDAvMjE4MjgyXzEuanBn.webp 2x;89,90;99,96
проспект Альберта Камалеева, 32Б, Казань, Республика Татарстан;bakaleya;/auchan/sol-pischevaya-ekstra-povarennaya-vyvarochnaya-1-kg-d0356b9?sid=70;Соль пищевая Экстра поваренная выварочная 1 кг;https://imgproxy.sbermarket.ru/imgproxy/size-220-220/czM6Ly9jb250ZW50LWltYWdlcy1wcm9kL3Byb2R1Y3RzLzYzODA0L29yaWdpbmFsLzEvMjAyMy0xMS0yNFQxMSUzQTUyJTNBNDMuNDY3NDQyJTJCMDAlM0EwMC82MzgwNF8xLmpwZw==.jpg; https://imgproxy.sbermarket.ru/imgproxy/size-220-220-2x/czM6Ly9jb250ZW50LWltYWdlcy1wcm9kL3Byb2R1Y3RzLzYzODA0L29yaWdpbmFsLzEvMjAyMy0xMS0yNFQxMSUzQTUyJTNBNDMuNDY3NDQyJTJCMDAlM0EwMC82MzgwNF8xLmpwZw==.webp 2x;28,99;-
проспект Альберта Камалеева, 32Б, Казань, Республика Татарстан;bakaleya;/auchan/makaronnye-izdeliya-ashan-krasnaya-ptitsa-rozhki-500-g-0828357?sid=70;Макаронные изделия АШАН Красная птица Рожки 500 г;https://imgproxy.sbermarket.ru/imgproxy/size-220-220/czM6Ly9jb250ZW50LWltYWdlcy1wcm9kL3Byb2R1Y3RzLzMyNjI5My9vcmlnaW5hbC8xLzIwMjItMDgtMjNUMjMlM0E0NCUzQTAzLjcyMTAwMCUyQjAwJTNBMDAvMzI2MjkzXzEuanBn.jpg; https://imgproxy.sbermarket.ru/imgproxy/size-220-220-2x/czM6Ly9jb250ZW50LWltYWdlcy1wcm9kL3Byb2R1Y3RzLzMyNjI5My9vcmlnaW5hbC8xLzIwMjItMDgtMjNUMjMlM0E0NCUzQTAzLjcyMTAwMCUyQjAwJTNBMDAvMzI2MjkzXzEuanBn.webp 2x;39,90;49,99
проспект Альберта Камалеева, 32Б, Казань, Республика Татарстан;bakaleya;/auchan/makaronnye-izdeliya-ashan-krasnaya-ptitsa-spagetti-500-g-d52d4f4?sid=70;Макаронные изделия АШАН Красная птица Спагетти 500 г;https://imgproxy.sbermarket.ru/imgproxy/size-220-220/czM6Ly9jb250ZW50LWltYWdlcy1wcm9kL3Byb2R1Y3RzLzMyNjI5NC9vcmlnaW5hbC8xLzIwMjMtMTItMTFUMTIlM0EwNiUzQTQ3Ljc0NTQ3MCUyQjAwJTNBMDAvMzI2Mjk0XzEuanBn.jpg; https://imgproxy.sbermarket.ru/imgproxy/size-220-220-2x/czM6Ly9jb250ZW50LWltYWdlcy1wcm9kL3Byb2R1Y3RzLzMyNjI5NC9vcmlnaW5hbC8xLzIwMjMtMTItMTFUMTIlM0EwNiUzQTQ3Ljc0NTQ3MCUyQjAwJTNBMDAvMzI2Mjk0XzEuanBn.webp 2x;39,90;49,99
проспект Альберта Камалеева, 32Б, Казань, Республика Татарстан;bakaleya;/auchan/krupa-step-grechnevaya-900-g-2211406?sid=70;Крупа Степь гречневая 900 г;https://imgproxy.sbermarket.ru/imgproxy/size-220-220/czM6Ly9jb250ZW50LWltYWdlcy1wcm9kL3Byb2R1Y3RzLzQ0NDc1MS9vcmlnaW5hbC8xLzIwMjItMDgtMjNUMTElM0EzMiUzQTEwLjQ2NjAwMCUyQjAwJTNBMDAvNDQ0NzUxXzEucG5n.png; https://imgproxy.sbermarket.ru/imgproxy/size-220-220-2x/czM6Ly9jb250ZW50LWltYWdlcy1wcm9kL3Byb2R1Y3RzLzQ0NDc1MS9vcmlnaW5hbC8xLzIwMjItMDgtMjNUMTElM0EzMiUzQTEwLjQ2NjAwMCUyQjAwJTNBMDAvNDQ0NzUxXzEucG5n.webp 2x;64,90;125,99
проспект Альберта Камалеева, 32Б, Казань, Республика Татарстан;bakaleya;/auchan/ris-natsional-dlya-plova-srednezernyy-shlifovannyy-900-g-b0f5958?sid=70;Рис Националь Для плова среднезерный шлифованный 900 г;https://imgproxy.sbermarket.ru/imgproxy/size-220-220/czM6Ly9jb250ZW50LWltYWdlcy1wcm9kL3Byb2R1Y3RzLzU1NjUxL29yaWdpbmFsLzEvMjAyNC0wNC0wMVQxNCUzQTQ2JTNBMzQuMTE3ODQwJTJCMDAlM0EwMC81NTY1MV8xLmpwZw==.jpg; https://imgproxy.sbermarket.ru/imgproxy/size-220-220-2x/czM6Ly9jb250ZW50LWltYWdlcy1wcm9kL3Byb2R1Y3RzLzU1NjUxL29yaWdpbmFsLzEvMjAyNC0wNC0wMVQxNCUzQTQ2JTNBMzQuMTE3ODQwJTJCMDAlM0EwMC81NTY1MV8xLmpwZw==.webp 2x;133,49;-
проспект Альберта Камалеева, 32Б, Казань, Республика Татарстан;bakaleya;/auchan/makaronnye-izdeliya-ashan-krasnaya-ptitsa-per-ya-500-g-8535a93?sid=70;Макаронные изделия АШАН Красная птица Перья 500 г;https://imgproxy.sbermarket.ru/imgproxy/size-220-220/czM6Ly9jb250ZW50LWltYWdlcy1wcm9kL3Byb2R1Y3RzLzMyNjI0Ni9vcmlnaW5hbC8xLzIwMjItMDgtMjNUMDklM0E1OSUzQTIyLjg4OTAwMCUyQjAwJTNBMDAvMzI2MjQ2XzEuanBn.jpg; https://imgproxy.sbermarket.ru/imgproxy/size-220-220-2x/czM6Ly9jb250ZW50LWltYWdlcy1wcm9kL3Byb2R1Y3RzLzMyNjI0Ni9vcmlnaW5hbC8xLzIwMjItMDgtMjNUMDklM0E1OSUzQTIyLjg4OTAwMCUyQjAwJTNBMDAvMzI2MjQ2XzEuanBn.webp 2x;39,90;49,99
проспект Альберта Камалеева, 32Б, Казань, Республика Татарстан;bakaleya;/auchan/makaronnye-izdeliya-imperial-suisine-lapsha-soba-grechnevaya-400-g-81c0286?sid=70;Макаронные изделия Imperial Сuisine Лапша Soba гречневая...;https://imgproxy.sbermarket.ru/imgproxy/size-220-220/czM6Ly9jb250ZW50LWltYWdlcy1wcm9kL3Byb2R1Y3RzLzQ0NDc0OS9vcmlnaW5hbC8xLzIwMjMtMDEtMTdUMTclM0EyOCUzQTE4LjEyMjAwMCUyQjAwJTNBMDAvNDQ0NzQ5XzEuanBn.jpg; https://imgproxy.sbermarket.ru/imgproxy/size-220-220-2x/czM6Ly9jb250ZW50LWltYWdlcy1wcm9kL3Byb2R1Y3RzLzQ0NDc0OS9vcmlnaW5hbC8xLzIwMjMtMDEtMTdUMTclM0EyOCUzQTE4LjEyMjAwMCUyQjAwJTNBMDAvNDQ0NzQ5XzEuanBn.webp 2x;58,99;-
проспект Альберта Камалеева, 32Б, Казань, Республика Татарстан;bakaleya;/auchan/muka-makfa-pshenichnaya-hlebopekarnaya-vysshiy-sort-2-kg-7839d64?sid=70;Мука Makfa пшеничная хлебопекарная высший сорт 2 кг;https://imgproxy.sbermarket.ru/imgproxy/size-220-220/czM6Ly9jb250ZW50LWltYWdlcy1wcm9kL3Byb2R1Y3RzLzI0NjUwMy9vcmlnaW5hbC8xLzIwMjMtMTEtMzBUMTglM0E0OCUzQTM2LjIzNDM1NCUyQjAwJTNBMDAvMjQ2NTAzXzEuanBn.jpg; https://imgproxy.sbermarket.ru/imgproxy/size-220-220-2x/czM6Ly9jb250ZW50LWltYWdlcy1wcm9kL3Byb2R1Y3RzLzI0NjUwMy9vcmlnaW5hbC8xLzIwMjMtMTEtMzBUMTglM0E0OCUzQTM2LjIzNDM1NCUyQjAwJTNBMDAvMjQ2NTAzXzEuanBn.webp 2x;122,49;-
проспект Альберта Камалеева, 32Б, Казань, Республика Татарстан;bakaleya;/auchan/ris-ashan-krasnaya-ptitsa-zhasmin-dlinnozernyy-500-g?sid=70;Рис АШАН Красная птица Жасмин длиннозерный 500 г;https://imgproxy.sbermarket.ru/imgproxy/size-220-220/czM6Ly9jb250ZW50LWltYWdlcy1wcm9kL3Byb2R1Y3RzLzkyNDYwMC9vcmlnaW5hbC8xLzIwMjQtMDQtMDJUMTQlM0E1MiUzQTUxLjc0OTQxNCUyQjAwJTNBMDAvOTI0NjAwXzEuanBn.jpg; https://imgproxy.sbermarket.ru/imgproxy/size-220-220-2x/czM6Ly9jb250ZW50LWltYWdlcy1wcm9kL3Byb2R1Y3RzLzkyNDYwMC9vcmlnaW5hbC8xLzIwMjQtMDQtMDJUMTQlM0E1MiUzQTUxLjc0OTQxNCUyQjAwJTNBMDAvOTI0NjAwXzEuanBn.webp 2x;99,90;116,99
проспект Альберта Камалеева, 32Б, Казань, Республика Татарстан;bakaleya;/auchan/sol-povarennaya-iletskaya-vysshiy-sort-pischevaya-pomol-1-1-kg-2665c76?sid=70;Соль поваренная Илецкая высший сорт пищевая помол №1 1 кг;https://imgproxy.sbermarket.ru/imgproxy/size-220-220/czM6Ly9jb250ZW50LWltYWdlcy1wcm9kL3Byb2R1Y3RzLzEyNDcwMC9vcmlnaW5hbC8xLzIwMjMtMDEtMTJUMDclM0E1MiUzQTM1LjA5MDIzNyUyQjAwJTNBMDAvMTI0NzAwXzEuanBn.jpg; https://imgproxy.sbermarket.ru/imgproxy/size-220-220-2x/czM6Ly9jb250ZW50LWltYWdlcy1wcm9kL3Byb2R1Y3RzLzEyNDcwMC9vcmlnaW5hbC8xLzIwMjMtMDEtMTJUMDclM0E1MiUzQTM1LjA5MDIzNyUyQjAwJTNBMDAvMTI0NzAwXzEuanBn.webp 2x;27,99;-
проспект Альберта Камалеева, 32Б, Казань, Республика Татарстан;bakaleya;/auchan/makaronnye-izdeliya-makfa-vermishel-pautinka-450-g-41179d4?sid=70;Макаронные изделия Makfa Вермишель паутинка 450 г;https://imgproxy.sbermarket.ru/imgproxy/size-220-220/czM6Ly9jb250ZW50LWltYWdlcy1wcm9kL3Byb2R1Y3RzLzU1NzQ2L29yaWdpbmFsLzEvMjAyMy0xMS0yNFQxNiUzQTM4JTNBMDMuMDA2MzI3JTJCMDAlM0EwMC81NTc0Nl8xLmpwZw==.jpg; https://imgproxy.sbermarket.ru/imgproxy/size-220-220-2x/czM6Ly9jb250ZW50LWltYWdlcy1wcm9kL3Byb2R1Y3RzLzU1NzQ2L29yaWdpbmFsLzEvMjAyMy0xMS0yNFQxNiUzQTM4JTNBMDMuMDA2MzI3JTJCMDAlM0EwMC81NTc0Nl8xLmpwZw==.webp 2x;59,90;-
проспект Альберта Камалеева, 32Б, Казань, Республика Татарстан;bakaleya;/auchan/ris-ashan-krasnaya-ptitsa-proparennyy-800-g-687a042?sid=70;Рис АШАН Красная птица Пропаренный 800 г;https://imgproxy.sbermarket.ru/imgproxy/size-220-220/czM6Ly9jb250ZW50LWltYWdlcy1wcm9kL3Byb2R1Y3RzLzEyMTU5Mi9vcmlnaW5hbC8xLzIwMjItMDgtMjNUMjMlM0E1NiUzQTAxLjc5MjAwMCUyQjAwJTNBMDAvMTIxNTkyXzEuanBn.jpg; https://imgproxy.sbermarket.ru/imgproxy/size-220-220-2x/czM6Ly9jb250ZW50LWltYWdlcy1wcm9kL3Byb2R1Y3RzLzEyMTU5Mi9vcmlnaW5hbC8xLzIwMjItMDgtMjNUMjMlM0E1NiUzQTAxLjc5MjAwMCUyQjAwJTNBMDAvMTIxNTkyXzEuanBn.webp 2x;112,99;-
проспект Альберта Камалеева, 32Б, Казань, Республика Татарстан;bakaleya;/auchan/nut-agro-al-yans-ekstra-450-g-80bd4c8?sid=70;Нут Агро-Альянс экстра 450 г;https://imgproxy.sbermarket.ru/imgproxy/size-220-220/czM6Ly9jb250ZW50LWltYWdlcy1wcm9kL3Byb2R1Y3RzLzcyNzE2L29yaWdpbmFsLzEvMjAyMi0xMi0wN1QxMyUzQTA1JTNBNTYuMDY4NDQ2JTJCMDAlM0EwMC83MjcxNl8xLmpwZw==.jpg; https://imgproxy.sbermarket.ru/imgproxy/size-220-220-2x/czM6Ly9jb250ZW50LWltYWdlcy1wcm9kL3Byb2R1Y3RzLzcyNzE2L29yaWdpbmFsLzEvMjAyMi0xMi0wN1QxMyUzQTA1JTNBNTYuMDY4NDQ2JTJCMDAlM0EwMC83MjcxNl8xLmpwZw==.webp 2x;99,90;113,99
проспект Альберта Камалеева, 32Б, Казань, Республика Татарстан;bakaleya;/auchan/kuskus-ashan-krasnaya-ptitsa-500-g-5293eec?sid=70;Кускус АШАН Красная птица 500 г;https://imgproxy.sbermarket.ru/imgproxy/size-220-220/czM6Ly9jb250ZW50LWltYWdlcy1wcm9kL3Byb2R1Y3RzLzExMzY3OC9vcmlnaW5hbC8xLzIwMjQtMDQtMDJUMTQlM0E0OCUzQTQ4LjkzNzMyMyUyQjAwJTNBMDAvMTEzNjc4XzEuanBn.jpg; https://imgproxy.sbermarket.ru/imgproxy/size-220-220-2x/czM6Ly9jb250ZW50LWltYWdlcy1wcm9kL3Byb2R1Y3RzLzExMzY3OC9vcmlnaW5hbC8xLzIwMjQtMDQtMDJUMTQlM0E0OCUzQTQ4LjkzNzMyMyUyQjAwJTNBMDAvMTEzNjc4XzEuanBn.webp 2x;99,90;139,99
проспект Альберта Камалеева, 32Б, Казань, Республика Татарстан;bakaleya;/auchan/makaronnye-izdeliya-ashan-krasnaya-ptitsa-rakushki-500-g-103ffcc?sid=70;Макаронные изделия АШАН Красная птица Ракушки 500 г;https://imgproxy.sbermarket.ru/imgproxy/size-220-220/czM6Ly9jb250ZW50LWltYWdlcy1wcm9kL3Byb2R1Y3RzLzMyNjI0OC9vcmlnaW5hbC8xLzIwMjMtMTItMjhUMTQlM0E0MiUzQTEyLjA4Mzg5MyUyQjAwJTNBMDAvMzI2MjQ4XzEuanBn.jpg; https://imgproxy.sbermarket.ru/imgproxy/size-220-220-2x/czM6Ly9jb250ZW50LWltYWdlcy1wcm9kL3Byb2R1Y3RzLzMyNjI0OC9vcmlnaW5hbC8xLzIwMjMtMTItMjhUMTQlM0E0MiUzQTEyLjA4Mzg5MyUyQjAwJTNBMDAvMzI2MjQ4XzEuanBn.webp 2x;39,90;49,99
проспект Альберта Камалеева, 32Б, Казань, Республика Татарстан;bakaleya;/auchan/drozhzhi-lyuks-ekstra-hlebopekarnye-pressovannye-100-g?sid=70;Дрожжи Люкс Экстра хлебопекарные прессованные 100 г;https://imgproxy.sbermarket.ru/imgproxy/size-220-220/czM6Ly9jb250ZW50LWltYWdlcy1wcm9kL3Byb2R1Y3RzLzE0NjU5MDcvb3JpZ2luYWwvMS8yMDIzLTExLTMwVDE4JTNBNDAlM0E0NC43ODE1NDclMkIwMCUzQTAwLzE0NjU5MDdfMS5qcGc=.jpg; https://imgproxy.sbermarket.ru/imgproxy/size-220-220-2x/czM6Ly9jb250ZW50LWltYWdlcy1wcm9kL3Byb2R1Y3RzLzE0NjU5MDcvb3JpZ2luYWwvMS8yMDIzLTExLTMwVDE4JTNBNDAlM0E0NC43ODE1NDclMkIwMCUzQTAwLzE0NjU5MDdfMS5qcGc=.webp 2x;18,99;-
проспект Альберта Камалеева, 32Б, Казань, Республика Татарстан;bakaleya;/auchan/makaronnye-izdeliya-imperial-suisine-lapsha-udon-400-g-7dfedd6?sid=70;Макаронные изделия Imperial Сuisine Лапша Udon 400 г;https://imgproxy.sbermarket.ru/imgproxy/size-220-220/czM6Ly9jb250ZW50LWltYWdlcy1wcm9kL3Byb2R1Y3RzLzQ0NDc0Ni9vcmlnaW5hbC8xLzIwMjMtMDEtMTdUMTclM0EyOCUzQTE2LjY1NjAwMCUyQjAwJTNBMDAvNDQ0NzQ2XzEuanBn.jpg; https://imgproxy.sbermarket.ru/imgproxy/size-220-220-2x/czM6Ly9jb250ZW50LWltYWdlcy1wcm9kL3Byb2R1Y3RzLzQ0NDc0Ni9vcmlnaW5hbC8xLzIwMjMtMDEtMTdUMTclM0EyOCUzQTE2LjY1NjAwMCUyQjAwJTNBMDAvNDQ0NzQ2XzEuanBn.webp 2x;58,99;-
проспект Альберта Камалеева, 32Б, Казань, Республика Татарстан;bakaleya;/auchan/makaronnye-izdeliya-makfa-per-ya-450-g-ac9a940?sid=70;Макаронные изделия Makfa Перья 450 г;https://imgproxy.sbermarket.ru/imgproxy/size-220-220/czM6Ly9jb250ZW50LWltYWdlcy1wcm9kL3Byb2R1Y3RzLzE1NzE2NjUzL29yaWdpbmFsLzEvMjAyMy0xMS0zMFQxOCUzQTU1JTNBMTIuOTIyMTM1JTJCMDAlM0EwMC8xNTcxNjY1M18xLmpwZw==.jpg; https://imgproxy.sbermarket.ru/imgproxy/size-220-220-2x/czM6Ly9jb250ZW50LWltYWdlcy1wcm9kL3Byb2R1Y3RzLzE1NzE2NjUzL29yaWdpbmFsLzEvMjAyMy0xMS0zMFQxOCUzQTU1JTNBMTIuOTIyMTM1JTJCMDAlM0EwMC8xNTcxNjY1M18xLmpwZw==.webp 2x;60,49;-
проспект Альберта Камалеева, 32Б, Казань, Республика Татарстан;bakaleya;/auchan/makaronnye-izdeliya-makfa-rakushki-450-g-78fb07d?sid=70;Макаронные изделия Makfa Ракушки 450 г;https://imgproxy.sbermarket.ru/imgproxy/size-220-220/czM6Ly9jb250ZW50LWltYWdlcy1wcm9kL3Byb2R1Y3RzLzk0NTgyL29yaWdpbmFsLzEvMjAyMy0xMS0yNFQxNiUzQTI1JTNBNDQuNTk5ODc2JTJCMDAlM0EwMC85NDU4Ml8xLmpwZw==.jpg; https://imgproxy.sbermarket.ru/imgproxy/size-220-220-2x/czM6Ly9jb250ZW50LWltYWdlcy1wcm9kL3Byb2R1Y3RzLzk0NTgyL29yaWdpbmFsLzEvMjAyMy0xMS0yNFQxNiUzQTI1JTNBNDQuNTk5ODc2JTJCMDAlM0EwMC85NDU4Ml8xLmpwZw==.webp 2x;59,90;-
проспект Альберта Камалеева, 32Б, Казань, Республика Татарстан;bakaleya;/auchan/krupa-mannaya-altayskaya-skazka-700-g-0d96c31?sid=70;Крупа манная Алтайская сказка 700 г;https://imgproxy.sbermarket.ru/imgproxy/size-220-220/czM6Ly9jb250ZW50LWltYWdlcy1wcm9kL3Byb2R1Y3RzLzQyMDkxMS9vcmlnaW5hbC8xLzIwMjItMDktMDVUMDglM0EyOSUzQTA1JTJCMDAlM0EwMC80MjA5MTFfMS5qcGc=.jpg; https://imgproxy.sbermarket.ru/imgproxy/size-220-220-2x/czM6Ly9jb250ZW50LWltYWdlcy1wcm9kL3Byb2R1Y3RzLzQyMDkxMS9vcmlnaW5hbC8xLzIwMjItMDktMDVUMDglM0EyOSUzQTA1JTJCMDAlM0EwMC80MjA5MTFfMS5qcGc=.webp 2x;39,90;52,99
проспект Альберта Камалеева, 32Б, Казань, Республика Татарстан;bakaleya;/auchan/makaronnye-izdeliya-barilla-risoni-26-450-g-50836d4?sid=70;Макаронные изделия Barilla Risoni № 26 450 г;https://imgproxy.sbermarket.ru/imgproxy/size-220-220/czM6Ly9jb250ZW50LWltYWdlcy1wcm9kL3Byb2R1Y3RzLzE0Nzk0Nzgvb3JpZ2luYWwvMS8yMDIzLTExLTMwVDE4JTNBNDMlM0E0Mi4zNzkyMzYlMkIwMCUzQTAwLzE0Nzk0NzhfMS5qcGc=.jpg; https://imgproxy.sbermarket.ru/imgproxy/size-220-220-2x/czM6Ly9jb250ZW50LWltYWdlcy1wcm9kL3Byb2R1Y3RzLzE0Nzk0Nzgvb3JpZ2luYWwvMS8yMDIzLTExLTMwVDE4JTNBNDMlM0E0Mi4zNzkyMzYlMkIwMCUzQTAwLzE0Nzk0NzhfMS5qcGc=.webp 2x;89,90;99,96
проспект Альберта Камалеева, 32Б, Казань, Республика Татарстан;bakaleya;/auchan/makaronnye-izdeliya-makfa-petushinye-grebeshki-450-g-288a692?sid=70;Макаронные изделия Makfa Петушиные гребешки 450 г;https://imgproxy.sbermarket.ru/imgproxy/size-220-220/czM6Ly9jb250ZW50LWltYWdlcy1wcm9kL3Byb2R1Y3RzLzU1NzU4L29yaWdpbmFsLzEvMjAyMy0xMS0yNFQxNiUzQTM4JTNBMDQuODA2MzE4JTJCMDAlM0EwMC81NTc1OF8xLmpwZw==.jpg; https://imgproxy.sbermarket.ru/imgproxy/size-220-220-2x/czM6Ly9jb250ZW50LWltYWdlcy1wcm9kL3Byb2R1Y3RzLzU1NzU4L29yaWdpbmFsLzEvMjAyMy0xMS0yNFQxNiUzQTM4JTNBMDQuODA2MzE4JTJCMDAlM0EwMC81NTc1OF8xLmpwZw==.webp 2x;60,49;-
проспект Альберта Камалеева, 32Б, Казань, Республика Татарстан;bakaleya;/auchan/makaronnye-izdeliya-makfa-vitki-450-g-1cc1763?sid=70;Макаронные изделия Makfa Витки 450 г;https://imgproxy.sbermarket.ru/imgproxy/size-220-220/czM6Ly9jb250ZW50LWltYWdlcy1wcm9kL3Byb2R1Y3RzLzYwNDk4L29yaWdpbmFsLzEvMjAyMy0xMS0yNFQxNiUzQTMxJTNBMzguMzk2NTQ3JTJCMDAlM0EwMC82MDQ5OF8xLmpwZw==.jpg; https://imgproxy.sbermarket.ru/imgproxy/size-220-220-2x/czM6Ly9jb250ZW50LWltYWdlcy1wcm9kL3Byb2R1Y3RzLzYwNDk4L29yaWdpbmFsLzEvMjAyMy0xMS0yNFQxNiUzQTMxJTNBMzguMzk2NTQ3JTJCMDAlM0EwMC82MDQ5OF8xLmpwZw==.webp 2x;60,49;-
проспект Альберта Камалеева, 32Б, Казань, Республика Татарстан;bakaleya;/auchan/grechka-mistral-yadritsa-900-g-cdc69e9?sid=70;Гречка Мистраль ядрица 900 г;https://imgproxy.sbermarket.ru/imgproxy/size-220-220/czM6Ly9jb250ZW50LWltYWdlcy1wcm9kL3Byb2R1Y3RzLzY2MTQwNy9vcmlnaW5hbC8xLzIwMjMtMTEtMzBUMTglM0E1NCUzQTM1LjA1OTk5MCUyQjAwJTNBMDAvNjYxNDA3XzEuanBn.jpg; https://imgproxy.sbermarket.ru/imgproxy/size-220-220-2x/czM6Ly9jb250ZW50LWltYWdlcy1wcm9kL3Byb2R1Y3RzLzY2MTQwNy9vcmlnaW5hbC8xLzIwMjMtMTEtMzBUMTglM0E1NCUzQTM1LjA1OTk5MCUyQjAwJTNBMDAvNjYxNDA3XzEuanBn.webp 2x;99,90;129,49
проспект Альберта Камалеева, 32Б, Казань, Республика Татарстан;bakaleya;/auchan/sol-pischevaya-ekstra-yodirovannaya-500-g-6251ee3?sid=70;Соль пищевая Экстра йодированная 500 г;https://imgproxy.sbermarket.ru/imgproxy/size-220-220/czM6Ly9jb250ZW50LWltYWdlcy1wcm9kL3Byb2R1Y3RzLzIyMTA3NzAyL29yaWdpbmFsLzEvMjAyMy0xMS0yOFQxNyUzQTU4JTNBNTguNDE0MDM2JTJCMDAlM0EwMC8yMjEwNzcwMl8xLmpwZw==.jpg; https://imgproxy.sbermarket.ru/imgproxy/size-220-220-2x/czM6Ly9jb250ZW50LWltYWdlcy1wcm9kL3Byb2R1Y3RzLzIyMTA3NzAyL29yaWdpbmFsLzEvMjAyMy0xMS0yOFQxNyUzQTU4JTNBNTguNDE0MDM2JTJCMDAlM0EwMC8yMjEwNzcwMl8xLmpwZw==.webp 2x;65,99;-
проспект Альберта Камалеева, 32Б, Казань, Республика Татарстан;bakaleya;/auchan/muka-belo-nezhnaya-pshenichnaya-hlebopekarnaya-vysshiy-sort-2-kg-15ecd08?sid=70;Мука Бело-нежная пшеничная хлебопекарная высший сорт 2 кг;https://imgproxy.sbermarket.ru/imgproxy/size-220-220/czM6Ly9jb250ZW50LWltYWdlcy1wcm9kL3Byb2R1Y3RzLzEzMzg0L29yaWdpbmFsLzEvMjAyMy0xMS0yNFQxNiUzQTIyJTNBNTguMTMwMTk5JTJCMDAlM0EwMC8xMzM4NF8xLmpwZw==.jpg; https://imgproxy.sbermarket.ru/imgproxy/size-220-220-2x/czM6Ly9jb250ZW50LWltYWdlcy1wcm9kL3Byb2R1Y3RzLzEzMzg0L29yaWdpbmFsLzEvMjAyMy0xMS0yNFQxNiUzQTIyJTNBNTguMTMwMTk5JTJCMDAlM0EwMC8xMzM4NF8xLmpwZw==.webp 2x;89,90;133,99
проспект Альберта Камалеева, 32Б, Казань, Республика Татарстан;bakaleya;/auchan/muka-frantsuzskaya-shtuchka-pshenichnaya-hlebopekarnaya-ekstra-1-kg-dfa0ab2?sid=70;Мука Французская штучка пшеничная хлебопекарная экстра 1 кг;https://imgproxy.sbermarket.ru/imgproxy/size-220-220/czM6Ly9jb250ZW50LWltYWdlcy1wcm9kL3Byb2R1Y3RzLzIzNDI5MS9vcmlnaW5hbC8xLzIwMjQtMDUtMjFUMDclM0ExMiUzQTQxLjIxMTY1MCUyQjAwJTNBMDAvMjM0MjkxXzEuanBn.jpg; https://imgproxy.sbermarket.ru/imgproxy/size-220-220-2x/czM6Ly9jb250ZW50LWltYWdlcy1wcm9kL3Byb2R1Y3RzLzIzNDI5MS9vcmlnaW5hbC8xLzIwMjQtMDUtMjFUMDclM0ExMiUzQTQxLjIxMTY1MCUyQjAwJTNBMDAvMjM0MjkxXzEuanBn.webp 2x;57,90;-
проспект Альберта Камалеева, 32Б, Казань, Республика Татарстан;bakaleya;/auchan/psheno-kazhdyy-den-800-g-e9c9f34?sid=70;Пшено Каждый День 800 г;https://imgproxy.sbermarket.ru/imgproxy/size-220-220/czM6Ly9jb250ZW50LWltYWdlcy1wcm9kL3Byb2R1Y3RzLzE3ODkwNzAxL29yaWdpbmFsLzEvMjAyMi0wOC0yMlQxNyUzQTI4JTNBMDIuOTMxMDAwJTJCMDAlM0EwMC8xNzg5MDcwMV8xLmpwZw==.jpg; https://imgproxy.sbermarket.ru/imgproxy/size-220-220-2x/czM6Ly9jb250ZW50LWltYWdlcy1wcm9kL3Byb2R1Y3RzLzE3ODkwNzAxL29yaWdpbmFsLzEvMjAyMi0wOC0yMlQxNyUzQTI4JTNBMDIuOTMxMDAwJTJCMDAlM0EwMC8xNzg5MDcwMV8xLmpwZw==.webp 2x;24,97;-
проспект Альберта Камалеева, 32Б, Казань, Республика Татарстан;bakaleya;/auchan/ris-agro-al-yans-ekstra-elitnyy-kubanskiy-900-g-0ca6fa1?sid=70;Рис Агро-Альянс Экстра Элитный Кубанский 900 г;https://imgproxy.sbermarket.ru/imgproxy/size-220-220/czM6Ly9jb250ZW50LWltYWdlcy1wcm9kL3Byb2R1Y3RzLzE3ODQ4NjM2L29yaWdpbmFsLzEvMjAyMi0xMi0wN1QxMyUzQTA1JTNBMzQuOTg1OTU3JTJCMDAlM0EwMC8xNzg0ODYzNl8xLmpwZw==.jpg; https://imgproxy.sbermarket.ru/imgproxy/size-220-220-2x/czM6Ly9jb250ZW50LWltYWdlcy1wcm9kL3Byb2R1Y3RzLzE3ODQ4NjM2L29yaWdpbmFsLzEvMjAyMi0xMi0wN1QxMyUzQTA1JTNBMzQuOTg1OTU3JTJCMDAlM0EwMC8xNzg0ODYzNl8xLmpwZw==.webp 2x;139,99;155,99
проспект Альберта Камалеева, 32Б, Казань, Республика Татарстан;bakaleya;/auchan/chechevitsa-ashan-krasnaya-ptitsa-krasnaya-500-g-f3b0604?sid=70;Чечевица АШАН Красная птица красная 500 г;https://imgproxy.sbermarket.ru/imgproxy/size-220-220/czM6Ly9jb250ZW50LWltYWdlcy1wcm9kL3Byb2R1Y3RzLzI0MTU3My9vcmlnaW5hbC8xLzIwMjItMTAtMjFUMDglM0E1NyUzQTI5LjIwMzk4MiUyQjAwJTNBMDAvMjQxNTczXzEuanBn.jpg; https://imgproxy.sbermarket.ru/imgproxy/size-220-220-2x/czM6Ly9jb250ZW50LWltYWdlcy1wcm9kL3Byb2R1Y3RzLzI0MTU3My9vcmlnaW5hbC8xLzIwMjItMTAtMjFUMDglM0E1NyUzQTI5LjIwMzk4MiUyQjAwJTNBMDAvMjQxNTczXzEuanBn.webp 2x;120,99;-
проспект Альберта Камалеева, 32Б, Казань, Республика Татарстан;bakaleya;/auchan/muka-pshenichnaya-kazhdyy-den-2-kg-8fe3533?sid=70;Мука пшеничная Каждый День 2 кг;https://imgproxy.sbermarket.ru/imgproxy/size-220-220/czM6Ly9jb250ZW50LWltYWdlcy1wcm9kL3Byb2R1Y3RzLzE4NDg3MjM5L29yaWdpbmFsLzEvMjAyMi0wOC0yMlQyMiUzQTMzJTNBMjkuMDQ1MDAwJTJCMDAlM0EwMC8xODQ4NzIzOV8xLmpwZw==.jpg; https://imgproxy.sbermarket.ru/imgproxy/size-220-220-2x/czM6Ly9jb250ZW50LWltYWdlcy1wcm9kL3Byb2R1Y3RzLzE4NDg3MjM5L29yaWdpbmFsLzEvMjAyMi0wOC0yMlQyMiUzQTMzJTNBMjkuMDQ1MDAwJTJCMDAlM0EwMC8xODQ4NzIzOV8xLmpwZw==.webp 2x;43,97;-
проспект Альберта Камалеева, 32Б, Казань, Республика Татарстан;bakaleya;/auchan/psheno-mistral-zolotoe-shlifovannoe-900-g-862b689?sid=70;Пшено Мистраль Золотое шлифованное 900 г;https://imgproxy.sbermarket.ru/imgproxy/size-220-220/czM6Ly9jb250ZW50LWltYWdlcy1wcm9kL3Byb2R1Y3RzLzE5NjQzL29yaWdpbmFsLzEvMjAyMy0xMS0yNFQxNiUzQTI4JTNBNDIuMjA4NjIzJTJCMDAlM0EwMC8xOTY0M18xLmpwZw==.jpg; https://imgproxy.sbermarket.ru/imgproxy/size-220-220-2x/czM6Ly9jb250ZW50LWltYWdlcy1wcm9kL3Byb2R1Y3RzLzE5NjQzL29yaWdpbmFsLzEvMjAyMy0xMS0yNFQxNiUzQTI4JTNBNDIuMjA4NjIzJTJCMDAlM0EwMC8xOTY0M18xLmpwZw==.webp 2x;69,90;98,49
проспект Альберта Камалеева, 32Б, Казань, Республика Татарстан;bakaleya;/auchan/sahar-pesok-5-kg-8f60d71?sid=70;Сахар-песок 5 кг;https://imgproxy.sbermarket.ru/imgproxy/size-220-220/czM6Ly9jb250ZW50LWltYWdlcy1wcm9kL3Byb2R1Y3RzLzEyMzMzOC9vcmlnaW5hbC8xLzIwMjItMDgtMjJUMjElM0EyNiUzQTAxLjc3MjAwMCUyQjAwJTNBMDAvMTIzMzM4XzEuanBn.jpg; https://imgproxy.sbermarket.ru/imgproxy/size-220-220-2x/czM6Ly9jb250ZW50LWltYWdlcy1wcm9kL3Byb2R1Y3RzLzEyMzMzOC9vcmlnaW5hbC8xLzIwMjItMDgtMjJUMjElM0EyNiUzQTAxLjc3MjAwMCUyQjAwJTNBMDAvMTIzMzM4XzEuanBn.webp 2x;344,85;-
проспект Альберта Камалеева, 32Б, Казань, Республика Татарстан;bakaleya;/auchan/krahmal-ogo-kukuruznyy-150-g-7186270?sid=70;Крахмал Ого! кукурузный 150 г;https://imgproxy.sbermarket.ru/imgproxy/size-220-220/czM6Ly9jb250ZW50LWltYWdlcy1wcm9kL3Byb2R1Y3RzLzIwMDcxNjczL29yaWdpbmFsLzEvMjAyMi0wOC0yM1QyMSUzQTUyJTNBMjkuMDUzMDAwJTJCMDAlM0EwMC8yMDA3MTY3M18xLmpwZw==.jpg; https://imgproxy.sbermarket.ru/imgproxy/size-220-220-2x/czM6Ly9jb250ZW50LWltYWdlcy1wcm9kL3Byb2R1Y3RzLzIwMDcxNjczL29yaWdpbmFsLzEvMjAyMi0wOC0yM1QyMSUzQTUyJTNBMjkuMDUzMDAwJTJCMDAlM0EwMC8yMDA3MTY3M18xLmpwZw==.webp 2x;42,99;-
проспект Альберта Камалеева, 32Б, Казань, Республика Татарстан;bakaleya;/auchan/lapsha-doshirak-yammi-so-vkusom-tom-yam-80-g-83b272b?sid=70;Лапша Доширак Yammi со вкусом Том Ям 80 г;https://imgproxy.sbermarket.ru/imgproxy/size-220-220/czM6Ly9jb250ZW50LWltYWdlcy1wcm9kL3Byb2R1Y3RzLzIyNTU3Ni9vcmlnaW5hbC8xLzIwMjItMDgtMjNUMTklM0E1OCUzQTE3LjkwODAwMCUyQjAwJTNBMDAvMjI1NTc2XzEuanBn.jpg; https://imgproxy.sbermarket.ru/imgproxy/size-220-220-2x/czM6Ly9jb250ZW50LWltYWdlcy1wcm9kL3Byb2R1Y3RzLzIyNTU3Ni9vcmlnaW5hbC8xLzIwMjItMDgtMjNUMTklM0E1OCUzQTE3LjkwODAwMCUyQjAwJTNBMDAvMjI1NTc2XzEuanBn.webp 2x;24,90;31,99
проспект Альберта Камалеева, 32Б, Казань, Республика Татарстан;bakaleya;/auchan/makaronnye-izdeliya-detskie-shebekinskie-191-golovolomki-s-3-let-450-g-8f73b92?sid=70;Макаронные изделия детские Шебекинские № 191 Головоломки с...;https://imgproxy.sbermarket.ru/imgproxy/size-220-220/czM6Ly9jb250ZW50LWltYWdlcy1wcm9kL3Byb2R1Y3RzLzMzODkyL29yaWdpbmFsLzEvMjAyMi0wOC0yMlQxNSUzQTIwJTNBMjguNjY1MDAwJTJCMDAlM0EwMC8zMzg5Ml8xLmpwZw==.jpg; https://imgproxy.sbermarket.ru/imgproxy/size-220-220-2x/czM6Ly9jb250ZW50LWltYWdlcy1wcm9kL3Byb2R1Y3RzLzMzODkyL29yaWdpbmFsLzEvMjAyMi0wOC0yMlQxNSUzQTIwJTNBMjguNjY1MDAwJTJCMDAlM0EwMC8zMzg5Ml8xLmpwZw==.webp 2x;59,90;64,49
проспект Альберта Камалеева, 32Б, Казань, Республика Татарстан;bakaleya;/auchan/ris-kazhdyy-den-kruglozernyy-800-g-0038c3b?sid=70;Рис Каждый День круглозерный 800 г;https://imgproxy.sbermarket.ru/imgproxy/size-220-220/czM6Ly9jb250ZW50LWltYWdlcy1wcm9kL3Byb2R1Y3RzLzE5ODMwODc2L29yaWdpbmFsLzEvMjAyMi0wOC0yM1QxMSUzQTA5JTNBMzAuMzE1MDAwJTJCMDAlM0EwMC8xOTgzMDg3Nl8xLmpwZw==.jpg; https://imgproxy.sbermarket.ru/imgproxy/size-220-220-2x/czM6Ly9jb250ZW50LWltYWdlcy1wcm9kL3Byb2R1Y3RzLzE5ODMwODc2L29yaWdpbmFsLzEvMjAyMi0wOC0yM1QxMSUzQTA5JTNBMzAuMzE1MDAwJTJCMDAlM0EwMC8xOTgzMDg3Nl8xLmpwZw==.webp 2x;53,97;-
проспект Альберта Камалеева, 32Б, Казань, Республика Татарстан;bakaleya;/auchan/makaronnye-izdeliya-shebekinskie-001-spagettini-450-g-39c8a8f?sid=70;Макаронные изделия Шебекинские № 001 Спагеттини 450 г;https://imgproxy.sbermarket.ru/imgproxy/size-220-220/czM6Ly9jb250ZW50LWltYWdlcy1wcm9kL3Byb2R1Y3RzLzk0Nzc4L29yaWdpbmFsLzEvMjAyMy0xMS0yNFQxNiUzQTI1JTNBNTUuMzA2NDEyJTJCMDAlM0EwMC85NDc3OF8xLmpwZw==.jpg; https://imgproxy.sbermarket.ru/imgproxy/size-220-220-2x/czM6Ly9jb250ZW50LWltYWdlcy1wcm9kL3Byb2R1Y3RzLzk0Nzc4L29yaWdpbmFsLzEvMjAyMy0xMS0yNFQxNiUzQTI1JTNBNTUuMzA2NDEyJTJCMDAlM0EwMC85NDc3OF8xLmpwZw==.webp 2x;64,49;-
проспект Альберта Камалеева, 32Б, Казань, Республика Татарстан;bakaleya;/auchan/makaronnye-izdeliya-ashan-krasnaya-ptitsa-fettuccine-gnezda-500-g-b871a78?sid=70;Макаронные изделия АШАН Красная птица Fettuccine Гнезда 500...;https://imgproxy.sbermarket.ru/imgproxy/size-220-220/czM6Ly9jb250ZW50LWltYWdlcy1wcm9kL3Byb2R1Y3RzLzI0MTk4OS9vcmlnaW5hbC8xLzIwMjQtMDQtMDJUMTQlM0E1MCUzQTQyLjg1NDg5NCUyQjAwJTNBMDAvMjQxOTg5XzEuanBn.jpg; https://imgproxy.sbermarket.ru/imgproxy/size-220-220-2x/czM6Ly9jb250ZW50LWltYWdlcy1wcm9kL3Byb2R1Y3RzLzI0MTk4OS9vcmlnaW5hbC8xLzIwMjQtMDQtMDJUMTQlM0E1MCUzQTQyLjg1NDg5NCUyQjAwJTNBMDAvMjQxOTg5XzEuanBn.webp 2x;72,99;-
проспект Альберта Камалеева, 32Б, Казань, Республика Татарстан;bakaleya;/auchan/krupa-grechnevaya-uvelka-yadritsa-ekstra-v-varochnyh-paketikah-80-g-h-8-sht-da5df88?sid=70;Крупа гречневая Увелка ядрица экстра в варочных пакетиках...;https://imgproxy.sbermarket.ru/imgproxy/size-220-220/czM6Ly9jb250ZW50LWltYWdlcy1wcm9kL3Byb2R1Y3RzLzEyNTUwMS9vcmlnaW5hbC8xLzIwMjItMDgtMjNUMjIlM0ExNSUzQTE3Ljk4NTAwMCUyQjAwJTNBMDAvMTI1NTAxXzEucG5n.png; https://imgproxy.sbermarket.ru/imgproxy/size-220-220-2x/czM6Ly9jb250ZW50LWltYWdlcy1wcm9kL3Byb2R1Y3RzLzEyNTUwMS9vcmlnaW5hbC8xLzIwMjItMDgtMjNUMjIlM0ExNSUzQTE3Ljk4NTAwMCUyQjAwJTNBMDAvMTI1NTAxXzEucG5n.webp 2x;167,49;-
проспект Альберта Камалеева, 32Б, Казань, Республика Татарстан;bakaleya;/auchan/krasiteli-pischevye-parfe-12-g-h-3-sht-73e0b11?sid=70;Красители пищевые Парфэ 12 г х 3 шт;https://imgproxy.sbermarket.ru/imgproxy/size-220-220/czM6Ly9jb250ZW50LWltYWdlcy1wcm9kL3Byb2R1Y3RzLzI0NzI2NS9vcmlnaW5hbC8xLzIwMjMtMTEtMzBUMTglM0E0OCUzQTQ4LjUyOTE1NCUyQjAwJTNBMDAvMjQ3MjY1XzEuanBn.jpg; https://imgproxy.sbermarket.ru/imgproxy/size-220-220-2x/czM6Ly9jb250ZW50LWltYWdlcy1wcm9kL3Byb2R1Y3RzLzI0NzI2NS9vcmlnaW5hbC8xLzIwMjMtMTEtMzBUMTglM0E0OCUzQTQ4LjUyOTE1NCUyQjAwJTNBMDAvMjQ3MjY1XzEuanBn.webp 2x;79,90;101,99
проспект Альберта Камалеева, 32Б, Казань, Республика Татарстан;bakaleya;/auchan/makaronnye-izdeliya-pasteroni-riso-121-400-g-265475c?sid=70;Макаронные изделия Pasteroni Riso № 121 400 г;https://imgproxy.sbermarket.ru/imgproxy/size-220-220/czM6Ly9jb250ZW50LWltYWdlcy1wcm9kL3Byb2R1Y3RzLzIzMDU1MjI0L29yaWdpbmFsLzEvMjAyMy0wNi0wNlQwNSUzQTIxJTNBNDUuNzc2OTMzJTJCMDAlM0EwMC8yMzA1NTIyNF8xLmpwZw==.jpg; https://imgproxy.sbermarket.ru/imgproxy/size-220-220-2x/czM6Ly9jb250ZW50LWltYWdlcy1wcm9kL3Byb2R1Y3RzLzIzMDU1MjI0L29yaWdpbmFsLzEvMjAyMy0wNi0wNlQwNSUzQTIxJTNBNDUuNzc2OTMzJTJCMDAlM0EwMC8yMzA1NTIyNF8xLmpwZw==.webp 2x;79,90;129,99
проспект Альберта Камалеева, 32Б, Казань, Республика Татарстан;bakaleya;/auchan/makaronnye-izdeliya-barilla-tortiglioni-83-450-g-2318596?sid=70;Макаронные изделия Barilla Tortiglioni № 83 450 г;https://imgproxy.sbermarket.ru/imgproxy/size-220-220/czM6Ly9jb250ZW50LWltYWdlcy1wcm9kL3Byb2R1Y3RzLzIwOTIwMC9vcmlnaW5hbC8xLzIwMjMtMTEtMzBUMTglM0E0OCUzQTUwLjAxNDA0NiUyQjAwJTNBMDAvMjA5MjAwXzEuanBn.jpg; https://imgproxy.sbermarket.ru/imgproxy/size-220-220-2x/czM6Ly9jb250ZW50LWltYWdlcy1wcm9kL3Byb2R1Y3RzLzIwOTIwMC9vcmlnaW5hbC8xLzIwMjMtMTEtMzBUMTglM0E0OCUzQTUwLjAxNDA0NiUyQjAwJTNBMDAvMjA5MjAwXzEuanBn.webp 2x;89,90;99,96
проспект Альберта Камалеева, 32Б, Казань, Республика Татарстан;bakaleya;/auchan/ris-uvelka-kruglozernyy-shlifovannyy-800-g?sid=70;Рис Увелка круглозерный шлифованный 800 г;https://imgproxy.sbermarket.ru/imgproxy/size-220-220/czM6Ly9jb250ZW50LWltYWdlcy1wcm9kL3Byb2R1Y3RzLzI1ODI2OS9vcmlnaW5hbC8xLzIwMjMtMTEtMjRUMTElM0E0OCUzQTA0LjM5NTcyNCUyQjAwJTNBMDAvMjU4MjY5XzEuanBn.jpg; https://imgproxy.sbermarket.ru/imgproxy/size-220-220-2x/czM6Ly9jb250ZW50LWltYWdlcy1wcm9kL3Byb2R1Y3RzLzI1ODI2OS9vcmlnaW5hbC8xLzIwMjMtMTEtMjRUMTElM0E0OCUzQTA0LjM5NTcyNCUyQjAwJTNBMDAvMjU4MjY5XzEuanBn.webp 2x;119,90;147,99
проспект Альберта Камалеева, 32Б, Казань, Республика Татарстан;bakaleya;/auchan/saharnaya-pudra-kazhdyy-den-250-g-dd3163a?sid=70;Сахарная пудра Каждый День 250 г;https://imgproxy.sbermarket.ru/imgproxy/size-220-220/aHR0cHM6Ly9pbWdwcm94eS5zYmVybWFya2V0LnJ1L2ltZ3Byb3h5L3dpZHRoLWF1dG8vY3pNNkx5OWpiMjUwWlc1MExXbHRZV2RsY3kxd2NtOWtMM0J5YjJSMVkzUnpMekU1TWpnek9UZ3pMMjl5YVdkcGJtRnNMekV2TWpBeU1pMHdPQzB5TWxReE5TVXpRVEUxSlROQk5ERXVOek13TURBd0pUSkNNREFsTTBFd01DOHhPVEk0TXprNE0xOHhMbXB3WldjPS5qcGVn.jpg; https://imgproxy.sbermarket.ru/imgproxy/size-220-220-2x/aHR0cHM6Ly9pbWdwcm94eS5zYmVybWFya2V0LnJ1L2ltZ3Byb3h5L3dpZHRoLWF1dG8vY3pNNkx5OWpiMjUwWlc1MExXbHRZV2RsY3kxd2NtOWtMM0J5YjJSMVkzUnpMekU1TWpnek9UZ3pMMjl5YVdkcGJtRnNMekV2TWpBeU1pMHdPQzB5TWxReE5TVXpRVEUxSlROQk5ERXVOek13TURBd0pUSkNNREFsTTBFd01DOHhPVEk0TXprNE0xOHhMbXB3WldjPS5qcGVn.webp 2x;39,98;-
проспект Альберта Камалеева, 32Б, Казань, Республика Татарстан;bakaleya;/auchan/kasha-russkiy-produkt-gerkules-500-g-d029d42?sid=70;Каша Русский Продукт геркулес 500 г;https://imgproxy.sbermarket.ru/imgproxy/size-220-220/czM6Ly9jb250ZW50LWltYWdlcy1wcm9kL3Byb2R1Y3RzLzU5NjM1L29yaWdpbmFsLzEvMjAyMy0xMS0yNFQxNiUzQTM5JTNBMTIuNTY3MTcxJTJCMDAlM0EwMC81OTYzNV8xLmpwZw==.jpg; https://imgproxy.sbermarket.ru/imgproxy/size-220-220-2x/czM6Ly9jb250ZW50LWltYWdlcy1wcm9kL3Byb2R1Y3RzLzU5NjM1L29yaWdpbmFsLzEvMjAyMy0xMS0yNFQxNiUzQTM5JTNBMTIuNTY3MTcxJTJCMDAlM0EwMC81OTYzNV8xLmpwZw==.webp 2x;74,90;-
проспект Альберта Камалеева, 32Б, Казань, Республика Татарстан;bakaleya;/auchan/krupa-mannaya-mistral-800-g-f818aa3?sid=70;Крупа манная Мистраль 800 г;https://imgproxy.sbermarket.ru/imgproxy/size-220-220/czM6Ly9jb250ZW50LWltYWdlcy1wcm9kL3Byb2R1Y3RzLzMyNzQ4L29yaWdpbmFsLzEvMjAyMy0xMS0yNFQxNiUzQTMwJTNBMzUuMDk4MzE2JTJCMDAlM0EwMC8zMjc0OF8xLmpwZw==.jpg; https://imgproxy.sbermarket.ru/imgproxy/size-220-220-2x/czM6Ly9jb250ZW50LWltYWdlcy1wcm9kL3Byb2R1Y3RzLzMyNzQ4L29yaWdpbmFsLzEvMjAyMy0xMS0yNFQxNiUzQTMwJTNBMzUuMDk4MzE2JTJCMDAlM0EwMC8zMjc0OF8xLmpwZw==.webp 2x;78,49;-
проспект Альберта Камалеева, 32Б, Казань, Республика Татарстан;bakaleya;/auchan/sol-povarennaya-pervogo-pomola-1-kg-9fb3c30?sid=70;Соль поваренная первого помола 1 кг;https://imgproxy.sbermarket.ru/imgproxy/size-220-220/czM6Ly9jb250ZW50LWltYWdlcy1wcm9kL3Byb2R1Y3RzLzE1MjIxODkwL29yaWdpbmFsLzEvMjAyMi0xMS0wOFQxMCUzQTM4JTNBMDEuMjkxMDAwJTJCMDAlM0EwMC8xNTIyMTg5MF8xLmpwZw==.jpg; https://imgproxy.sbermarket.ru/imgproxy/size-220-220-2x/czM6Ly9jb250ZW50LWltYWdlcy1wcm9kL3Byb2R1Y3RzLzE1MjIxODkwL29yaWdpbmFsLzEvMjAyMi0xMS0wOFQxMCUzQTM4JTNBMDEuMjkxMDAwJTJCMDAlM0EwMC8xNTIyMTg5MF8xLmpwZw==.webp 2x;11,97;-
проспект Альберта Камалеева, 32Б, Казань, Республика Татарстан;bakaleya;/auchan/goroh-uvelka-kolotyy-800-g-7847e53?sid=70;Горох Увелка колотый 800 г;https://imgproxy.sbermarket.ru/imgproxy/size-220-220/czM6Ly9jb250ZW50LWltYWdlcy1wcm9kL3Byb2R1Y3RzLzEwNjA0OC9vcmlnaW5hbC8xLzIwMjMtMTEtMjRUMTElM0E0MSUzQTEzLjkxMDAzNiUyQjAwJTNBMDAvMTA2MDQ4XzEuanBn.jpg; https://imgproxy.sbermarket.ru/imgproxy/size-220-220-2x/czM6Ly9jb250ZW50LWltYWdlcy1wcm9kL3Byb2R1Y3RzLzEwNjA0OC9vcmlnaW5hbC8xLzIwMjMtMTEtMjRUMTElM0E0MSUzQTEzLjkxMDAzNiUyQjAwJTNBMDAvMTA2MDQ4XzEuanBn.webp 2x;69,90;93,49
проспект Альберта Камалеева, 32Б, Казань, Республика Татарстан;bakaleya;/auchan/sol-povarennaya-tds-pischevaya-yodirovannaya-vyvarochnaya-1-kg-68b40dd?sid=70;Соль поваренная ТДС пищевая йодированная выварочная 1 кг;https://imgproxy.sbermarket.ru/imgproxy/size-220-220/czM6Ly9jb250ZW50LWltYWdlcy1wcm9kL3Byb2R1Y3RzLzExNDUwMS9vcmlnaW5hbC8xLzIwMjItMDgtMjJUMTQlM0E0MCUzQTMwLjY2NDAwMCUyQjAwJTNBMDAvMTE0NTAxXzEuanBn.jpg; https://imgproxy.sbermarket.ru/imgproxy/size-220-220-2x/czM6Ly9jb250ZW50LWltYWdlcy1wcm9kL3Byb2R1Y3RzLzExNDUwMS9vcmlnaW5hbC8xLzIwMjItMDgtMjJUMTQlM0E0MCUzQTMwLjY2NDAwMCUyQjAwJTNBMDAvMTE0NTAxXzEuanBn.webp 2x;30,99;-
проспект Альберта Камалеева, 32Б, Казань, Республика Татарстан;bakaleya;/auchan/makaronnye-izdeliya-makfa-ekspress-spiral-ki-400-g-6b746e1?sid=70;Макаронные изделия Makfa Экспресс Спиральки 400 г;https://imgproxy.sbermarket.ru/imgproxy/size-220-220/czM6Ly9jb250ZW50LWltYWdlcy1wcm9kL3Byb2R1Y3RzLzU1NzYyL29yaWdpbmFsLzEvMjAyMy0xMS0yNFQxNiUzQTM4JTNBMDUuMjk3Mjg1JTJCMDAlM0EwMC81NTc2Ml8xLmpwZw==.jpg; https://imgproxy.sbermarket.ru/imgproxy/size-220-220-2x/czM6Ly9jb250ZW50LWltYWdlcy1wcm9kL3Byb2R1Y3RzLzU1NzYyL29yaWdpbmFsLzEvMjAyMy0xMS0yNFQxNiUzQTM4JTNBMDUuMjk3Mjg1JTJCMDAlM0EwMC81NTc2Ml8xLmpwZw==.webp 2x;59,90;-
проспект Альберта Камалеева, 32Б, Казань, Республика Татарстан;bakaleya;/auchan/makaronnye-izdeliya-makfa-rozhki-gladkie-450-g-174c5da?sid=70;Макаронные изделия Makfa Рожки гладкие 450 г;https://imgproxy.sbermarket.ru/imgproxy/size-220-220/czM6Ly9jb250ZW50LWltYWdlcy1wcm9kL3Byb2R1Y3RzLzI0NjM5Ni9vcmlnaW5hbC8xLzIwMjMtMTEtMzBUMTglM0E0OCUzQTMzLjMwOTEzMiUyQjAwJTNBMDAvMjQ2Mzk2XzEuanBn.jpg; https://imgproxy.sbermarket.ru/imgproxy/size-220-220-2x/czM6Ly9jb250ZW50LWltYWdlcy1wcm9kL3Byb2R1Y3RzLzI0NjM5Ni9vcmlnaW5hbC8xLzIwMjMtMTEtMzBUMTglM0E0OCUzQTMzLjMwOTEzMiUyQjAwJTNBMDAvMjQ2Mzk2XzEuanBn.webp 2x;60,49;-
