проспект Альберта Камалеева, 32Б, Казань, Республика Татарстан;ovoshchi-frukti-orekhi;/auchan/ogurtsy-korotkoplodnye?sid=70;Огурцы короткоплодные;https://imgproxy.sbermarket.ru/imgproxy/size-220-220/czM6Ly9jb250ZW50LWltYWdlcy1wcm9kL3Byb2R1Y3RzLzI3ODMyMTA0L29yaWdpbmFsLzEvMjAyMy0xMS0wN1QwOSUzQTE1JTNBNTkuNjc1MjMxJTJCMDAlM0EwMC8yNzgzMjEwNF8xLmpwZw==.jpg; https://imgproxy.sbermarket.ru/imgproxy/size-220-220-2x/czM6Ly9jb250ZW50LWltYWdlcy1wcm9kL3Byb2R1Y3RzLzI3ODMyMTA0L29yaWdpbmFsLzEvMjAyMy0xMS0wN1QwOSUzQTE1JTNBNTkuNjc1MjMxJTJCMDAlM0EwMC8yNzgzMjEwNF8xLmpwZw==.webp 2x;39,00;-
проспект Альберта Камалеева, 32Б, Казань, Республика Татарстан;ovoshchi-frukti-orekhi;/auchan/perets-krasnyy-98b7b28?sid=70;Перец красный;https://imgproxy.sbermarket.ru/imgproxy/size-220-220/czM6Ly9jb250ZW50LWltYWdlcy1wcm9kL3Byb2R1Y3RzLzEyNDg4MzQvb3JpZ2luYWwvMS8yMDIyLTExLTEwVDExJTNBNDQlM0EzMy45OTcyMTglMkIwMCUzQTAwLzEyNDg4MzRfMS5qcGc=.jpg; https://imgproxy.sbermarket.ru/imgproxy/size-220-220-2x/czM6Ly9jb250ZW50LWltYWdlcy1wcm9kL3Byb2R1Y3RzLzEyNDg4MzQvb3JpZ2luYWwvMS8yMDIyLTExLTEwVDExJTNBNDQlM0EzMy45OTcyMTglMkIwMCUzQTAwLzEyNDg4MzRfMS5qcGc=.webp 2x;124,95;235,00
проспект Альберта Камалеева, 32Б, Казань, Республика Татарстан;ovoshchi-frukti-orekhi;/auchan/morkov-mytaya-22df57c?sid=70;Морковь мытая;https://imgproxy.sbermarket.ru/imgproxy/size-220-220/czM6Ly9jb250ZW50LWltYWdlcy1wcm9kL3Byb2R1Y3RzLzEyNDg4MDcvb3JpZ2luYWwvMS8yMDIyLTExLTEwVDExJTNBNDQlM0EzMy44MDI0NzglMkIwMCUzQTAwLzEyNDg4MDdfMS5qcGc=.jpg; https://imgproxy.sbermarket.ru/imgproxy/size-220-220-2x/czM6Ly9jb250ZW50LWltYWdlcy1wcm9kL3Byb2R1Y3RzLzEyNDg4MDcvb3JpZ2luYWwvMS8yMDIyLTExLTEwVDExJTNBNDQlM0EzMy44MDI0NzglMkIwMCUzQTAwLzEyNDg4MDdfMS5qcGc=.webp 2x;50,00;-
проспект Альберта Камалеева, 32Б, Казань, Республика Татарстан;ovoshchi-frukti-orekhi;/auchan/klubnika-923762d?sid=70;Клубника;https://imgproxy.sbermarket.ru/imgproxy/size-220-220/czM6Ly9jb250ZW50LWltYWdlcy1wcm9kL3Byb2R1Y3RzLzExNjQxNC9vcmlnaW5hbC8xLzIwMjItMDgtMjJUMTYlM0EyMiUzQTUxLjA1NjAwMCUyQjAwJTNBMDAvMTE2NDE0XzEuanBn.jpg; https://imgproxy.sbermarket.ru/imgproxy/size-220-220-2x/czM6Ly9jb250ZW50LWltYWdlcy1wcm9kL3Byb2R1Y3RzLzExNjQxNC9vcmlnaW5hbC8xLzIwMjItMDgtMjJUMTYlM0EyMiUzQTUxLjA1NjAwMCUyQjAwJTNBMDAvMTE2NDE0XzEuanBn.webp 2x;50,00;-
проспект Альберта Камалеева, 32Б, Казань, Республика Татарстан;ovoshchi-frukti-orekhi;/auchan/limony-1032f91?sid=70;Лимоны;https://imgproxy.sbermarket.ru/imgproxy/size-220-220/czM6Ly9jb250ZW50LWltYWdlcy1wcm9kL3Byb2R1Y3RzLzE2MjQxOTEzL29yaWdpbmFsLzEvMjAyMi0wOC0yM1QyMCUzQTQ2JTNBNTUuNTAyMDAwJTJCMDAlM0EwMC8xNjI0MTkxM18xLmpwZw==.jpg; https://imgproxy.sbermarket.ru/imgproxy/size-220-220-2x/czM6Ly9jb250ZW50LWltYWdlcy1wcm9kL3Byb2R1Y3RzLzE2MjQxOTEzL29yaWdpbmFsLzEvMjAyMi0wOC0yM1QyMCUzQTQ2JTNBNTUuNTAyMDAwJTJCMDAlM0EwMC8xNjI0MTkxM18xLmpwZw==.webp 2x;35,97;42,00
проспект Альберта Камалеева, 32Б, Казань, Республика Татарстан;ovoshchi-frukti-orekhi;/auchan/kabachki-d71eb2e?sid=70;Кабачки;https://imgproxy.sbermarket.ru/imgproxy/size-220-220/czM6Ly9jb250ZW50LWltYWdlcy1wcm9kL3Byb2R1Y3RzLzExNjM4Ni9vcmlnaW5hbC8xLzIwMjItMDgtMjNUMDElM0EzNiUzQTM0LjIyNzAwMCUyQjAwJTNBMDAvMTE2Mzg2XzEuanBn.jpg; https://imgproxy.sbermarket.ru/imgproxy/size-220-220-2x/czM6Ly9jb250ZW50LWltYWdlcy1wcm9kL3Byb2R1Y3RzLzExNjM4Ni9vcmlnaW5hbC8xLzIwMjItMDgtMjNUMDElM0EzNiUzQTM0LjIyNzAwMCUyQjAwJTNBMDAvMTE2Mzg2XzEuanBn.webp 2x;90,00;-
проспект Альберта Камалеева, 32Б, Казань, Республика Татарстан;ovoshchi-frukti-orekhi;/auchan/tomaty-slivovidnye-flamenko?sid=70;Томаты сливовидные Фламенко;https://imgproxy.sbermarket.ru/imgproxy/size-220-220/czM6Ly9jb250ZW50LWltYWdlcy1wcm9kL3Byb2R1Y3RzLzE5MzM2MzU3L29yaWdpbmFsLzEvMjAyNC0wNC0xOFQwOSUzQTU3JTNBMzAuODA2NDQ2JTJCMDAlM0EwMC8xOTMzNjM1N18xLmpwZw==.jpg; https://imgproxy.sbermarket.ru/imgproxy/size-220-220-2x/czM6Ly9jb250ZW50LWltYWdlcy1wcm9kL3Byb2R1Y3RzLzE5MzM2MzU3L29yaWdpbmFsLzEvMjAyNC0wNC0xOFQwOSUzQTU3JTNBMzAuODA2NDQ2JTJCMDAlM0EwMC8xOTMzNjM1N18xLmpwZw==.webp 2x;77,97;117,00
проспект Альберта Камалеева, 32Б, Казань, Республика Татарстан;ovoshchi-frukti-orekhi;/auchan/salat-listovoy-v-gorshochke-1-sht-b4cf860?sid=70;Салат Листовой в горшочке 1 шт;https://imgproxy.sbermarket.ru/imgproxy/size-220-220/czM6Ly9jb250ZW50LWltYWdlcy1wcm9kL3Byb2R1Y3RzLzY5MzEwL29yaWdpbmFsLzEvMjAyMi0wOC0yMlQxNyUzQTUzJTNBNTEuMzcwMDAwJTJCMDAlM0EwMC82OTMxMF8xLmpwZw==.jpg; https://imgproxy.sbermarket.ru/imgproxy/size-220-220-2x/czM6Ly9jb250ZW50LWltYWdlcy1wcm9kL3Byb2R1Y3RzLzY5MzEwL29yaWdpbmFsLzEvMjAyMi0wOC0yMlQxNyUzQTUzJTNBNTEuMzcwMDAwJTJCMDAlM0EwMC82OTMxMF8xLmpwZw==.webp 2x;39,90;69,99
проспект Альберта Камалеева, 32Б, Казань, Республика Татарстан;ovoshchi-frukti-orekhi;/auchan/luk-repchatyy-e52f635?sid=70;Лук репчатый;https://imgproxy.sbermarket.ru/imgproxy/size-220-220/czM6Ly9jb250ZW50LWltYWdlcy1wcm9kL3Byb2R1Y3RzLzExNTAzNDQvb3JpZ2luYWwvMS8yMDIyLTA4LTIyVDE3JTNBMTUlM0EyNC45MTEwMDAlMkIwMCUzQTAwLzExNTAzNDRfMS5qcGc=.jpg; https://imgproxy.sbermarket.ru/imgproxy/size-220-220-2x/czM6Ly9jb250ZW50LWltYWdlcy1wcm9kL3Byb2R1Y3RzLzExNTAzNDQvb3JpZ2luYWwvMS8yMDIyLTA4LTIyVDE3JTNBMTUlM0EyNC45MTEwMDAlMkIwMCUzQTAwLzExNTAzNDRfMS5qcGc=.webp 2x;17,49;-
проспект Альберта Камалеева, 32Б, Казань, Республика Татарстан;ovoshchi-frukti-orekhi;/auchan/salat-aysberg-1-sht-248ae06?sid=70;Салат Айсберг 1 шт;https://imgproxy.sbermarket.ru/imgproxy/size-220-220/czM6Ly9jb250ZW50LWltYWdlcy1wcm9kL3Byb2R1Y3RzLzM4NzMxNy9vcmlnaW5hbC8xLzIwMjItMDgtMjNUMTclM0EwOCUzQTI5LjYwMzAwMCUyQjAwJTNBMDAvMzg3MzE3XzEuanBn.jpg; https://imgproxy.sbermarket.ru/imgproxy/size-220-220-2x/czM6Ly9jb250ZW50LWltYWdlcy1wcm9kL3Byb2R1Y3RzLzM4NzMxNy9vcmlnaW5hbC8xLzIwMjItMDgtMjNUMTclM0EwOCUzQTI5LjYwMzAwMCUyQjAwJTNBMDAvMzg3MzE3XzEuanBn.webp 2x;99,99;-
проспект Альберта Камалеева, 32Б, Казань, Республика Татарстан;ovoshchi-frukti-orekhi;/auchan/chesnok-molodoy-a458d46?sid=70;Чеснок молодой;https://imgproxy.sbermarket.ru/imgproxy/size-220-220/czM6Ly9jb250ZW50LWltYWdlcy1wcm9kL3Byb2R1Y3RzLzkxMDMwL29yaWdpbmFsLzEvMjAyMi0wOC0yM1QwMiUzQTAzJTNBNTAuOTUyMDAwJTJCMDAlM0EwMC85MTAzMF8xLmpwZw==.jpg; https://imgproxy.sbermarket.ru/imgproxy/size-220-220-2x/czM6Ly9jb250ZW50LWltYWdlcy1wcm9kL3Byb2R1Y3RzLzkxMDMwL29yaWdpbmFsLzEvMjAyMi0wOC0yM1QwMiUzQTAzJTNBNTAuOTUyMDAwJTJCMDAlM0EwMC85MTAzMF8xLmpwZw==.webp 2x;35,00;-
проспект Альберта Камалеева, 32Б, Казань, Республика Татарстан;ovoshchi-frukti-orekhi;/auchan/banany-802130f?sid=70;Бананы;https://imgproxy.sbermarket.ru/imgproxy/size-220-220/czM6Ly9jb250ZW50LWltYWdlcy1wcm9kL3Byb2R1Y3RzLzEwNzEyL29yaWdpbmFsLzEvMjAyNC0wNC0wMlQwOCUzQTQwJTNBMjguODU2NzEwJTJCMDAlM0EwMC8xMDcxMl8xLmpwZw==.jpg; https://imgproxy.sbermarket.ru/imgproxy/size-220-220-2x/czM6Ly9jb250ZW50LWltYWdlcy1wcm9kL3Byb2R1Y3RzLzEwNzEyL29yaWdpbmFsLzEvMjAyNC0wNC0wMlQwOCUzQTQwJTNBMjguODU2NzEwJTJCMDAlM0EwMC8xMDcxMl8xLmpwZw==.webp 2x;79,99;-
проспект Альберта Камалеева, 32Б, Казань, Республика Татарстан;ovoshchi-frukti-orekhi;/auchan/nektariny-12b0132?sid=70;Нектарины;https://imgproxy.sbermarket.ru/imgproxy/size-220-220/czM6Ly9jb250ZW50LWltYWdlcy1wcm9kL3Byb2R1Y3RzLzE0MTE1NjIvb3JpZ2luYWwvMS8yMDIyLTA4LTIzVDAxJTNBMDclM0E0MC4wMDMwMDAlMkIwMCUzQTAwLzE0MTE1NjJfMS5qcGc=.jpg; https://imgproxy.sbermarket.ru/imgproxy/size-220-220-2x/czM6Ly9jb250ZW50LWltYWdlcy1wcm9kL3Byb2R1Y3RzLzE0MTE1NjIvb3JpZ2luYWwvMS8yMDIyLTA4LTIzVDAxJTNBMDclM0E0MC4wMDMwMDAlMkIwMCUzQTAwLzE0MTE1NjJfMS5qcGc=.webp 2x;90,00;-
проспект Альберта Камалеева, 32Б, Казань, Республика Татарстан;ovoshchi-frukti-orekhi;/auchan/shampin-ony-svezhie-82367ae?sid=70;Шампиньоны свежие;https://imgproxy.sbermarket.ru/imgproxy/size-220-220/czM6Ly9jb250ZW50LWltYWdlcy1wcm9kL3Byb2R1Y3RzLzkxMTU1Ny9vcmlnaW5hbC8xLzIwMjItMDgtMjNUMTMlM0EzNCUzQTE2LjI2NDAwMCUyQjAwJTNBMDAvOTExNTU3XzEuanBn.jpg; https://imgproxy.sbermarket.ru/imgproxy/size-220-220-2x/czM6Ly9jb250ZW50LWltYWdlcy1wcm9kL3Byb2R1Y3RzLzkxMTU1Ny9vcmlnaW5hbC8xLzIwMjItMDgtMjNUMTMlM0EzNCUzQTE2LjI2NDAwMCUyQjAwJTNBMDAvOTExNTU3XzEuanBn.webp 2x;75,00;-
проспект Альберта Камалеева, 32Б, Казань, Республика Татарстан;ovoshchi-frukti-orekhi;/auchan/ogurtsy-melkopupyrchatye-d9245b3?sid=70;Огурцы мелкопупырчатые;https://imgproxy.sbermarket.ru/imgproxy/size-220-220/czM6Ly9jb250ZW50LWltYWdlcy1wcm9kL3Byb2R1Y3RzLzEyNDg4NDIvb3JpZ2luYWwvMS8yMDIyLTA4LTE2VDIxJTNBMDMlM0EzNy44ODcwMDAlMkIwMCUzQTAwLzEyNDg4NDJfMS5qcGc=.jpg; https://imgproxy.sbermarket.ru/imgproxy/size-220-220-2x/czM6Ly9jb250ZW50LWltYWdlcy1wcm9kL3Byb2R1Y3RzLzEyNDg4NDIvb3JpZ2luYWwvMS8yMDIyLTA4LTE2VDIxJTNBMDMlM0EzNy44ODcwMDAlMkIwMCUzQTAwLzEyNDg4NDJfMS5qcGc=.webp 2x;26,97;42,00
проспект Альберта Камалеева, 32Б, Казань, Республика Татарстан;ovoshchi-frukti-orekhi;/auchan/salat-kitayskiy-b1fa038?sid=70;Салат китайский;https://imgproxy.sbermarket.ru/imgproxy/size-220-220/czM6Ly9jb250ZW50LWltYWdlcy1wcm9kL3Byb2R1Y3RzLzI0Nzk4Ny9vcmlnaW5hbC8xLzIwMjItMDgtMjJUMTUlM0E0NiUzQTQyLjM2NzAwMCUyQjAwJTNBMDAvMjQ3OTg3XzEuanBn.jpg; https://imgproxy.sbermarket.ru/imgproxy/size-220-220-2x/czM6Ly9jb250ZW50LWltYWdlcy1wcm9kL3Byb2R1Y3RzLzI0Nzk4Ny9vcmlnaW5hbC8xLzIwMjItMDgtMjJUMTUlM0E0NiUzQTQyLjM2NzAwMCUyQjAwJTNBMDAvMjQ3OTg3XzEuanBn.webp 2x;75,00;-
проспект Альберта Камалеева, 32Б, Казань, Республика Татарстан;ovoshchi-frukti-orekhi;/auchan/yabloki-golden-0e53279?sid=70;Яблоки Голден;https://imgproxy.sbermarket.ru/imgproxy/size-220-220/czM6Ly9jb250ZW50LWltYWdlcy1wcm9kL3Byb2R1Y3RzLzExNjQzMS9vcmlnaW5hbC8xLzIwMjItMDgtMjNUMDIlM0E0NCUzQTM4LjQ2ODAwMCUyQjAwJTNBMDAvMTE2NDMxXzEuanBn.jpg; https://imgproxy.sbermarket.ru/imgproxy/size-220-220-2x/czM6Ly9jb250ZW50LWltYWdlcy1wcm9kL3Byb2R1Y3RzLzExNjQzMS9vcmlnaW5hbC8xLzIwMjItMDgtMjNUMDIlM0E0NCUzQTM4LjQ2ODAwMCUyQjAwJTNBMDAvMTE2NDMxXzEuanBn.webp 2x;69,95;80,00
проспект Альберта Камалеева, 32Б, Казань, Республика Татарстан;ovoshchi-frukti-orekhi;/auchan/mandariny-703d1c7?sid=70;Мандарины;https://imgproxy.sbermarket.ru/imgproxy/size-220-220/czM6Ly9jb250ZW50LWltYWdlcy1wcm9kL3Byb2R1Y3RzLzg5NTkyL29yaWdpbmFsLzEvMjAyMi0wOC0yM1QxNCUzQTQ3JTNBMDkuMTQwMDAwJTJCMDAlM0EwMC84OTU5Ml8xLmpwZw==.jpg; https://imgproxy.sbermarket.ru/imgproxy/size-220-220-2x/czM6Ly9jb250ZW50LWltYWdlcy1wcm9kL3Byb2R1Y3RzLzg5NTkyL29yaWdpbmFsLzEvMjAyMi0wOC0yM1QxNCUzQTQ3JTNBMDkuMTQwMDAwJTJCMDAlM0EwMC84OTU5Ml8xLmpwZw==.webp 2x;69,95;80,00
проспект Альберта Камалеева, 32Б, Казань, Республика Татарстан;ovoshchi-frukti-orekhi;/auchan/ogurtsy-sredneplodnye-gladkie-d8cc985?sid=70;Огурцы среднеплодные гладкие;https://imgproxy.sbermarket.ru/imgproxy/size-220-220/czM6Ly9jb250ZW50LWltYWdlcy1wcm9kL3Byb2R1Y3RzLzMwNjY5L29yaWdpbmFsLzEvMjAyMi0wOC0yMlQyMSUzQTA5JTNBMzIuNTE5MDAwJTJCMDAlM0EwMC8zMDY2OV8xLmpwZw==.jpg; https://imgproxy.sbermarket.ru/imgproxy/size-220-220-2x/czM6Ly9jb250ZW50LWltYWdlcy1wcm9kL3Byb2R1Y3RzLzMwNjY5L29yaWdpbmFsLzEvMjAyMi0wOC0yMlQyMSUzQTA5JTNBMzIuNTE5MDAwJTJCMDAlM0EwMC8zMDY2OV8xLmpwZw==.webp 2x;50,00;-
проспект Альберта Камалеева, 32Б, Казань, Республика Татарстан;ovoshchi-frukti-orekhi;/auchan/ukrop-kazhdyy-den-50-g-15b540d?sid=70;Укроп Каждый День 50 г;https://imgproxy.sbermarket.ru/imgproxy/size-220-220/czM6Ly9jb250ZW50LWltYWdlcy1wcm9kL3Byb2R1Y3RzLzE5OTQ1OTY0L29yaWdpbmFsLzEvMjAyMi0wOC0yM1QyMCUzQTA3JTNBMzcuNjQ0MDAwJTJCMDAlM0EwMC8xOTk0NTk2NF8xLmpwZw==.jpg; https://imgproxy.sbermarket.ru/imgproxy/size-220-220-2x/czM6Ly9jb250ZW50LWltYWdlcy1wcm9kL3Byb2R1Y3RzLzE5OTQ1OTY0L29yaWdpbmFsLzEvMjAyMi0wOC0yM1QyMCUzQTA3JTNBMzcuNjQ0MDAwJTJCMDAlM0EwMC8xOTk0NTk2NF8xLmpwZw==.webp 2x;29,90;49,99
проспект Альберта Камалеева, 32Б, Казань, Республика Татарстан;ovoshchi-frukti-orekhi;/auchan/sel-derey-stebli-1-sht-550d1f7?sid=70;Сельдерей стебли 1 шт;https://imgproxy.sbermarket.ru/imgproxy/size-220-220/czM6Ly9jb250ZW50LWltYWdlcy1wcm9kL3Byb2R1Y3RzLzkxMTU1OS9vcmlnaW5hbC8xLzIwMjItMDgtMjNUMjMlM0EwOSUzQTIyLjA1MzAwMCUyQjAwJTNBMDAvOTExNTU5XzEuanBn.jpg; https://imgproxy.sbermarket.ru/imgproxy/size-220-220-2x/czM6Ly9jb250ZW50LWltYWdlcy1wcm9kL3Byb2R1Y3RzLzkxMTU1OS9vcmlnaW5hbC8xLzIwMjItMDgtMjNUMjMlM0EwOSUzQTIyLjA1MzAwMCUyQjAwJTNBMDAvOTExNTU5XzEuanBn.webp 2x;99,90;149,99
проспект Альберта Камалеева, 32Б, Казань, Республика Татарстан;ovoshchi-frukti-orekhi;/auchan/abrikosy-aafa97b?sid=70;Абрикосы;https://imgproxy.sbermarket.ru/imgproxy/size-220-220/czM6Ly9jb250ZW50LWltYWdlcy1wcm9kL3Byb2R1Y3RzLzExNjM4NC9vcmlnaW5hbC8xLzIwMjItMDgtMjNUMTIlM0EyMiUzQTU1LjQ0MDAwMCUyQjAwJTNBMDAvMTE2Mzg0XzEuanBn.jpg; https://imgproxy.sbermarket.ru/imgproxy/size-220-220-2x/czM6Ly9jb250ZW50LWltYWdlcy1wcm9kL3Byb2R1Y3RzLzExNjM4NC9vcmlnaW5hbC8xLzIwMjItMDgtMjNUMTIlM0EyMiUzQTU1LjQ0MDAwMCUyQjAwJTNBMDAvMTE2Mzg0XzEuanBn.webp 2x;68,97;90,00
проспект Альберта Камалеева, 32Б, Казань, Республика Татарстан;ovoshchi-frukti-orekhi;/auchan/kapusta-belokochannaya-3-kg-5a14f49?sid=70;Капуста белокочанная ~3 кг;https://imgproxy.sbermarket.ru/imgproxy/size-220-220/czM6Ly9jb250ZW50LWltYWdlcy1wcm9kL3Byb2R1Y3RzLzEyNDg4NDYvb3JpZ2luYWwvMS8yMDIyLTA4LTIzVDA3JTNBMDAlM0E1MC41MzQwMDAlMkIwMCUzQTAwLzEyNDg4NDZfMS5qcGc=.jpg; https://imgproxy.sbermarket.ru/imgproxy/size-220-220-2x/czM6Ly9jb250ZW50LWltYWdlcy1wcm9kL3Byb2R1Y3RzLzEyNDg4NDYvb3JpZ2luYWwvMS8yMDIyLTA4LTIzVDA3JTNBMDAlM0E1MC41MzQwMDAlMkIwMCUzQTAwLzEyNDg4NDZfMS5qcGc=.webp 2x;104,91;-
проспект Альберта Камалеева, 32Б, Казань, Республика Татарстан;ovoshchi-frukti-orekhi;/auchan/ogurets-tsha-3af76ca?sid=70;Огурец ТСХА;https://imgproxy.sbermarket.ru/imgproxy/size-220-220/czM6Ly9jb250ZW50LWltYWdlcy1wcm9kL3Byb2R1Y3RzLzI0ODAyNy9vcmlnaW5hbC8xLzIwMjItMDgtMjJUMjMlM0EzMiUzQTExLjkwMjAwMCUyQjAwJTNBMDAvMjQ4MDI3XzEuanBn.jpg; https://imgproxy.sbermarket.ru/imgproxy/size-220-220-2x/czM6Ly9jb250ZW50LWltYWdlcy1wcm9kL3Byb2R1Y3RzLzI0ODAyNy9vcmlnaW5hbC8xLzIwMjItMDgtMjJUMjMlM0EzMiUzQTExLjkwMjAwMCUyQjAwJTNBMDAvMjQ4MDI3XzEuanBn.webp 2x;60,00;-
проспект Альберта Камалеева, 32Б, Казань, Республика Татарстан;ovoshchi-frukti-orekhi;/auchan/tomaty-rozovye-otbornye-paradayz?sid=70;Томаты розовые отборные Парадайз;https://imgproxy.sbermarket.ru/imgproxy/size-220-220/czM6Ly9jb250ZW50LWltYWdlcy1wcm9kL3Byb2R1Y3RzLzExNjQ5NS9vcmlnaW5hbC8xLzIwMjItMDgtMjNUMTUlM0E1MyUzQTQ4LjIyMzAwMCUyQjAwJTNBMDAvMTE2NDk1XzEuanBn.jpg; https://imgproxy.sbermarket.ru/imgproxy/size-220-220-2x/czM6Ly9jb250ZW50LWltYWdlcy1wcm9kL3Byb2R1Y3RzLzExNjQ5NS9vcmlnaW5hbC8xLzIwMjItMDgtMjNUMTUlM0E1MyUzQTQ4LjIyMzAwMCUyQjAwJTNBMDAvMTE2NDk1XzEuanBn.webp 2x;80,97;105,00
проспект Альберта Камалеева, 32Б, Казань, Республика Татарстан;ovoshchi-frukti-orekhi;/auchan/baklazhany-5db6842?sid=70;Баклажаны;https://imgproxy.sbermarket.ru/imgproxy/size-220-220/czM6Ly9jb250ZW50LWltYWdlcy1wcm9kL3Byb2R1Y3RzLzExNjI0Mi9vcmlnaW5hbC8xLzIwMjItMDgtMjNUMTElM0EyMyUzQTI1LjMzODAwMCUyQjAwJTNBMDAvMTE2MjQyXzEuanBn.jpg; https://imgproxy.sbermarket.ru/imgproxy/size-220-220-2x/czM6Ly9jb250ZW50LWltYWdlcy1wcm9kL3Byb2R1Y3RzLzExNjI0Mi9vcmlnaW5hbC8xLzIwMjItMDgtMjNUMTElM0EyMyUzQTI1LjMzODAwMCUyQjAwJTNBMDAvMTE2MjQyXzEuanBn.webp 2x;99,95;130,00
проспект Альберта Камалеева, 32Б, Казань, Республика Татарстан;ovoshchi-frukti-orekhi;/auchan/ogurtsy-sredneplodnye-pupyrchatye-21421a9?sid=70;Огурцы среднеплодные пупырчатые;https://imgproxy.sbermarket.ru/imgproxy/size-220-220/czM6Ly9jb250ZW50LWltYWdlcy1wcm9kL3Byb2R1Y3RzLzEyNDg4MzYvb3JpZ2luYWwvMS8yMDIyLTEwLTE4VDExJTNBMzElM0ExMy4xMTUwMDAlMkIwMCUzQTAwLzEyNDg4MzZfMS5qcGc=.jpg; https://imgproxy.sbermarket.ru/imgproxy/size-220-220-2x/czM6Ly9jb250ZW50LWltYWdlcy1wcm9kL3Byb2R1Y3RzLzEyNDg4MzYvb3JpZ2luYWwvMS8yMDIyLTEwLTE4VDExJTNBMzElM0ExMy4xMTUwMDAlMkIwMCUzQTAwLzEyNDg4MzZfMS5qcGc=.webp 2x;50,00;-
проспект Альберта Камалеева, 32Б, Казань, Республика Татарстан;ovoshchi-frukti-orekhi;/auchan/kivi-047b90a?sid=70;Киви;https://imgproxy.sbermarket.ru/imgproxy/size-220-220/czM6Ly9jb250ZW50LWltYWdlcy1wcm9kL3Byb2R1Y3RzLzEyNDg4Mzkvb3JpZ2luYWwvMS8yMDIyLTA4LTIyVDE4JTNBNTIlM0EyMC4zNjMwMDAlMkIwMCUzQTAwLzEyNDg4MzlfMS5qcGc=.jpg; https://imgproxy.sbermarket.ru/imgproxy/size-220-220-2x/czM6Ly9jb250ZW50LWltYWdlcy1wcm9kL3Byb2R1Y3RzLzEyNDg4Mzkvb3JpZ2luYWwvMS8yMDIyLTA4LTIyVDE4JTNBNTIlM0EyMC4zNjMwMDAlMkIwMCUzQTAwLzEyNDg4MzlfMS5qcGc=.webp 2x;110,00;-
проспект Альберта Камалеева, 32Б, Казань, Республика Татарстан;ovoshchi-frukti-orekhi;/auchan/tomaty-rozovye-418b93d?sid=70;Томаты розовые;https://imgproxy.sbermarket.ru/imgproxy/size-220-220/czM6Ly9jb250ZW50LWltYWdlcy1wcm9kL3Byb2R1Y3RzLzE1MjA2MDg2L29yaWdpbmFsLzEvMjAyMi0wOC0yM1QwMCUzQTMzJTNBMjEuODM0MDAwJTJCMDAlM0EwMC8xNTIwNjA4Nl8xLmpwZw==.jpg; https://imgproxy.sbermarket.ru/imgproxy/size-220-220-2x/czM6Ly9jb250ZW50LWltYWdlcy1wcm9kL3Byb2R1Y3RzLzE1MjA2MDg2L29yaWdpbmFsLzEvMjAyMi0wOC0yM1QwMCUzQTMzJTNBMjEuODM0MDAwJTJCMDAlM0EwMC8xNTIwNjA4Nl8xLmpwZw==.webp 2x;105,00;-
проспект Альберта Камалеева, 32Б, Казань, Республика Татарстан;ovoshchi-frukti-orekhi;/auchan/svekla-454c08d?sid=70;Свекла;https://imgproxy.sbermarket.ru/imgproxy/size-220-220/czM6Ly9jb250ZW50LWltYWdlcy1wcm9kL3Byb2R1Y3RzLzEyNDg4NDkvb3JpZ2luYWwvMS8yMDIyLTExLTEwVDExJTNBNDQlM0EzNC4xNjM1NjclMkIwMCUzQTAwLzEyNDg4NDlfMS5qcGc=.jpg; https://imgproxy.sbermarket.ru/imgproxy/size-220-220-2x/czM6Ly9jb250ZW50LWltYWdlcy1wcm9kL3Byb2R1Y3RzLzEyNDg4NDkvb3JpZ2luYWwvMS8yMDIyLTExLTEwVDExJTNBNDQlM0EzNC4xNjM1NjclMkIwMCUzQTAwLzEyNDg4NDlfMS5qcGc=.webp 2x;33,00;-
проспект Альберта Камалеева, 32Б, Казань, Республика Татарстан;ovoshchi-frukti-orekhi;/auchan/grushi-konferens-e60e54b?sid=70;Груши Конференс;https://imgproxy.sbermarket.ru/imgproxy/size-220-220/czM6Ly9jb250ZW50LWltYWdlcy1wcm9kL3Byb2R1Y3RzLzExNjMzOS9vcmlnaW5hbC8xLzIwMjItMDgtMjNUMjIlM0EyOCUzQTQ2LjczNjAwMCUyQjAwJTNBMDAvMTE2MzM5XzEuanBn.jpg; https://imgproxy.sbermarket.ru/imgproxy/size-220-220-2x/czM6Ly9jb250ZW50LWltYWdlcy1wcm9kL3Byb2R1Y3RzLzExNjMzOS9vcmlnaW5hbC8xLzIwMjItMDgtMjNUMjIlM0EyOCUzQTQ2LjczNjAwMCUyQjAwJTNBMDAvMTE2MzM5XzEuanBn.webp 2x;124,95;150,00
проспект Альберта Камалеева, 32Б, Казань, Республика Татарстан;ovoshchi-frukti-orekhi;/auchan/vinograd-kish-mish-belyy?sid=70;Виноград Киш-миш белый;https://imgproxy.sbermarket.ru/imgproxy/size-220-220/czM6Ly9jb250ZW50LWltYWdlcy1wcm9kL3Byb2R1Y3RzLzExNjQyOS9vcmlnaW5hbC8xLzIwMjItMDgtMjNUMTQlM0EyNCUzQTExLjkxNTAwMCUyQjAwJTNBMDAvMTE2NDI5XzEuanBn.jpg; https://imgproxy.sbermarket.ru/imgproxy/size-220-220-2x/czM6Ly9jb250ZW50LWltYWdlcy1wcm9kL3Byb2R1Y3RzLzExNjQyOS9vcmlnaW5hbC8xLzIwMjItMDgtMjNUMTQlM0EyNCUzQTExLjkxNTAwMCUyQjAwJTNBMDAvMTE2NDI5XzEuanBn.webp 2x;175,00;-
проспект Альберта Камалеева, 32Б, Казань, Республика Татарстан;ovoshchi-frukti-orekhi;/auchan/redis-krasnyy-500-g-f8f9022?sid=70;Редис красный 500 г;https://imgproxy.sbermarket.ru/imgproxy/size-220-220/czM6Ly9jb250ZW50LWltYWdlcy1wcm9kL3Byb2R1Y3RzLzExNjI1OC9vcmlnaW5hbC8xLzIwMjMtMTAtMjdUMTAlM0E1NCUzQTA5LjI3NDk1MiUyQjAwJTNBMDAvMTE2MjU4XzEuanBn.jpg; https://imgproxy.sbermarket.ru/imgproxy/size-220-220-2x/czM6Ly9jb250ZW50LWltYWdlcy1wcm9kL3Byb2R1Y3RzLzExNjI1OC9vcmlnaW5hbC8xLzIwMjMtMTAtMjdUMTAlM0E1NCUzQTA5LjI3NDk1MiUyQjAwJTNBMDAvMTE2MjU4XzEuanBn.webp 2x;99,90;129,99
проспект Альберта Камалеева, 32Б, Казань, Республика Татарстан;ovoshchi-frukti-orekhi;/auchan/nabor-zeleni-kazhdyy-den-assorti-100-g-2431580?sid=70;Набор зелени Каждый День Ассорти 100 г;https://imgproxy.sbermarket.ru/imgproxy/size-220-220/czM6Ly9jb250ZW50LWltYWdlcy1wcm9kL3Byb2R1Y3RzLzE5OTQ1OTU5L29yaWdpbmFsLzEvMjAyMi0wOC0yMlQxNSUzQTQxJTNBMDcuMTc3MDAwJTJCMDAlM0EwMC8xOTk0NTk1OV8xLmpwZw==.jpg; https://imgproxy.sbermarket.ru/imgproxy/size-220-220-2x/czM6Ly9jb250ZW50LWltYWdlcy1wcm9kL3Byb2R1Y3RzLzE5OTQ1OTU5L29yaWdpbmFsLzEvMjAyMi0wOC0yMlQxNSUzQTQxJTNBMDcuMTc3MDAwJTJCMDAlM0EwMC8xOTk0NTk1OV8xLmpwZw==.webp 2x;79,99;-
проспект Альберта Камалеева, 32Б, Казань, Республика Татарстан;ovoshchi-frukti-orekhi;/auchan/kartofel-krasnyy-3ad0057?sid=70;Картофель красный;https://imgproxy.sbermarket.ru/imgproxy/size-220-220/czM6Ly9jb250ZW50LWltYWdlcy1wcm9kL3Byb2R1Y3RzLzExNjMyMi9vcmlnaW5hbC8xLzIwMjMtMTItMTFUMTElM0EzMiUzQTM2Ljc4NTQ3OCUyQjAwJTNBMDAvMTE2MzIyXzEuanBn.jpg; https://imgproxy.sbermarket.ru/imgproxy/size-220-220-2x/czM6Ly9jb250ZW50LWltYWdlcy1wcm9kL3Byb2R1Y3RzLzExNjMyMi9vcmlnaW5hbC8xLzIwMjMtMTItMTFUMTElM0EzMiUzQTM2Ljc4NTQ3OCUyQjAwJTNBMDAvMTE2MzIyXzEuanBn.webp 2x;35,00;-
проспект Альберта Камалеева, 32Б, Казань, Республика Татарстан;ovoshchi-frukti-orekhi;/auchan/salat-rukkola-ashan-krasnaya-ptitsa-125-g?sid=70;Салат Руккола АШАН Красная птица 125 г;https://imgproxy.sbermarket.ru/imgproxy/size-220-220/czM6Ly9jb250ZW50LWltYWdlcy1wcm9kL3Byb2R1Y3RzLzMyNjIwMjAzL29yaWdpbmFsLzEvMjAyNC0wMy0yNlQxMSUzQTMxJTNBNTAuODEyMTkzJTJCMDAlM0EwMC8zMjYyMDIwM18xLmpwZw==.jpg; https://imgproxy.sbermarket.ru/imgproxy/size-220-220-2x/czM6Ly9jb250ZW50LWltYWdlcy1wcm9kL3Byb2R1Y3RzLzMyNjIwMjAzL29yaWdpbmFsLzEvMjAyNC0wMy0yNlQxMSUzQTMxJTNBNTAuODEyMTkzJTJCMDAlM0EwMC8zMjYyMDIwM18xLmpwZw==.webp 2x;149,99;-
проспект Альберта Камалеева, 32Б, Казань, Республика Татарстан;ovoshchi-frukti-orekhi;/auchan/tomaty-mini-na-vetke-500-g?sid=70;Томаты мини на ветке 500 г;https://imgproxy.sbermarket.ru/imgproxy/size-220-220/czM6Ly9jb250ZW50LWltYWdlcy1wcm9kL3Byb2R1Y3RzLzkyNDYxNC9vcmlnaW5hbC8xLzIwMjItMDgtMjNUMTUlM0E1NSUzQTI5LjQyNzAwMCUyQjAwJTNBMDAvOTI0NjE0XzEuanBn.jpg; https://imgproxy.sbermarket.ru/imgproxy/size-220-220-2x/czM6Ly9jb250ZW50LWltYWdlcy1wcm9kL3Byb2R1Y3RzLzkyNDYxNC9vcmlnaW5hbC8xLzIwMjItMDgtMjNUMTUlM0E1NSUzQTI5LjQyNzAwMCUyQjAwJTNBMDAvOTI0NjE0XzEuanBn.webp 2x;199,90;279,99
проспект Альберта Камалеева, 32Б, Казань, Республика Татарстан;ovoshchi-frukti-orekhi;/auchan/yabloki-red-delishes-novyy-urozhay-009b239?sid=70;Яблоки Ред Делишес новый урожай;https://imgproxy.sbermarket.ru/imgproxy/size-220-220/czM6Ly9jb250ZW50LWltYWdlcy1wcm9kL3Byb2R1Y3RzLzExNTA0NjEvb3JpZ2luYWwvMS8yMDI0LTA0LTIyVDE0JTNBNTklM0ExOS4xOTg1NDElMkIwMCUzQTAwLzExNTA0NjFfMS5qcGc=.jpg; https://imgproxy.sbermarket.ru/imgproxy/size-220-220-2x/czM6Ly9jb250ZW50LWltYWdlcy1wcm9kL3Byb2R1Y3RzLzExNTA0NjEvb3JpZ2luYWwvMS8yMDI0LTA0LTIyVDE0JTNBNTklM0ExOS4xOTg1NDElMkIwMCUzQTAwLzExNTA0NjFfMS5qcGc=.webp 2x;80,00;-
проспект Альберта Камалеева, 32Б, Казань, Республика Татарстан;ovoshchi-frukti-orekhi;/auchan/grushi-vil-yams-82482c4?sid=70;Груши Вильямс;https://imgproxy.sbermarket.ru/imgproxy/size-220-220/czM6Ly9jb250ZW50LWltYWdlcy1wcm9kL3Byb2R1Y3RzLzExNjM3MC9vcmlnaW5hbC8xLzIwMjItMDgtMjNUMDMlM0EzMSUzQTE0LjUxOTAwMCUyQjAwJTNBMDAvMTE2MzcwXzEuanBn.jpg; https://imgproxy.sbermarket.ru/imgproxy/size-220-220-2x/czM6Ly9jb250ZW50LWltYWdlcy1wcm9kL3Byb2R1Y3RzLzExNjM3MC9vcmlnaW5hbC8xLzIwMjItMDgtMjNUMDMlM0EzMSUzQTE0LjUxOTAwMCUyQjAwJTNBMDAvMTE2MzcwXzEuanBn.webp 2x;89,95;115,00
проспект Альберта Камалеева, 32Б, Казань, Республика Татарстан;ovoshchi-frukti-orekhi;/auchan/klubnika-konteyner-250-g-a033636?sid=70;Клубника контейнер 250 г;https://imgproxy.sbermarket.ru/imgproxy/size-220-220/czM6Ly9jb250ZW50LWltYWdlcy1wcm9kL3Byb2R1Y3RzLzM4ODc5NC9vcmlnaW5hbC8xLzIwMjItMDgtMjNUMDUlM0E1NCUzQTEzLjgyMTAwMCUyQjAwJTNBMDAvMzg4Nzk0XzEuanBn.jpg; https://imgproxy.sbermarket.ru/imgproxy/size-220-220-2x/czM6Ly9jb250ZW50LWltYWdlcy1wcm9kL3Byb2R1Y3RzLzM4ODc5NC9vcmlnaW5hbC8xLzIwMjItMDgtMjNUMDUlM0E1NCUzQTEzLjgyMTAwMCUyQjAwJTNBMDAvMzg4Nzk0XzEuanBn.webp 2x;179,90;259,99
проспект Альберта Камалеева, 32Б, Казань, Республика Татарстан;ovoshchi-frukti-orekhi;/auchan/greypfrut-krasnyy-120e276?sid=70;Грейпфрут красный;https://imgproxy.sbermarket.ru/imgproxy/size-220-220/czM6Ly9jb250ZW50LWltYWdlcy1wcm9kL3Byb2R1Y3RzLzMwNjQ4L29yaWdpbmFsLzEvMjAyMi0wOC0yM1QxMiUzQTMzJTNBMDQuNjE2MDAwJTJCMDAlM0EwMC8zMDY0OF8xLmpwZw==.jpg; https://imgproxy.sbermarket.ru/imgproxy/size-220-220-2x/czM6Ly9jb250ZW50LWltYWdlcy1wcm9kL3Byb2R1Y3RzLzMwNjQ4L29yaWdpbmFsLzEvMjAyMi0wOC0yM1QxMiUzQTMzJTNBMDQuNjE2MDAwJTJCMDAlM0EwMC8zMDY0OF8xLmpwZw==.webp 2x;50,00;-
проспект Альберта Камалеева, 32Б, Казань, Республика Татарстан;ovoshchi-frukti-orekhi;/auchan/shampin-ony-korolevskie-743d749?sid=70;Шампиньоны Королевские;https://imgproxy.sbermarket.ru/imgproxy/size-220-220/czM6Ly9jb250ZW50LWltYWdlcy1wcm9kL3Byb2R1Y3RzLzExNjUwNS9vcmlnaW5hbC8xLzIwMjItMDgtMjNUMjMlM0E0MSUzQTA5LjgxODAwMCUyQjAwJTNBMDAvMTE2NTA1XzEuanBn.jpg; https://imgproxy.sbermarket.ru/imgproxy/size-220-220-2x/czM6Ly9jb250ZW50LWltYWdlcy1wcm9kL3Byb2R1Y3RzLzExNjUwNS9vcmlnaW5hbC8xLzIwMjItMDgtMjNUMjMlM0E0MSUzQTA5LjgxODAwMCUyQjAwJTNBMDAvMTE2NTA1XzEuanBn.webp 2x;108,00;-
проспект Альберта Камалеева, 32Б, Казань, Республика Татарстан;ovoshchi-frukti-orekhi;/auchan/kapusta-tsvetnaya-kazhdyy-den-zamorozhennaya-400-g-4f616a2?sid=70;Капуста цветная Каждый День замороженная 400 г;https://imgproxy.sbermarket.ru/imgproxy/size-220-220/czM6Ly9jb250ZW50LWltYWdlcy1wcm9kL3Byb2R1Y3RzLzE1MTY2MTYzL29yaWdpbmFsLzEvMjAyMi0wOC0yM1QxNCUzQTE3JTNBNTIuNDI0MDAwJTJCMDAlM0EwMC8xNTE2NjE2M18xLmpwZw==.jpg; https://imgproxy.sbermarket.ru/imgproxy/size-220-220-2x/czM6Ly9jb250ZW50LWltYWdlcy1wcm9kL3Byb2R1Y3RzLzE1MTY2MTYzL29yaWdpbmFsLzEvMjAyMi0wOC0yM1QxNCUzQTE3JTNBNTIuNDI0MDAwJTJCMDAlM0EwMC8xNTE2NjE2M18xLmpwZw==.webp 2x;74,98;-
проспект Альберта Камалеева, 32Б, Казань, Республика Татарстан;ovoshchi-frukti-orekhi;/auchan/golubika-125-g-d8c91ea?sid=70;Голубика 125 г;https://imgproxy.sbermarket.ru/imgproxy/size-220-220/czM6Ly9jb250ZW50LWltYWdlcy1wcm9kL3Byb2R1Y3RzLzM4ODc3My9vcmlnaW5hbC8xLzIwMjItMDgtMjNUMDYlM0E1MSUzQTE5LjY1MTAwMCUyQjAwJTNBMDAvMzg4NzczXzEuanBn.jpg; https://imgproxy.sbermarket.ru/imgproxy/size-220-220-2x/czM6Ly9jb250ZW50LWltYWdlcy1wcm9kL3Byb2R1Y3RzLzM4ODc3My9vcmlnaW5hbC8xLzIwMjItMDgtMjNUMDYlM0E1MSUzQTE5LjY1MTAwMCUyQjAwJTNBMDAvMzg4NzczXzEuanBn.webp 2x;199,99;-
проспект Альберта Камалеева, 32Б, Казань, Республика Татарстан;ovoshchi-frukti-orekhi;/auchan/ogurtsy-korotkoplodnye-450-g-8835960?sid=70;Огурцы короткоплодные 450 г;https://imgproxy.sbermarket.ru/imgproxy/size-220-220/czM6Ly9jb250ZW50LWltYWdlcy1wcm9kL3Byb2R1Y3RzLzM4NzcwNC9vcmlnaW5hbC8xLzIwMjMtMDQtMDVUMTIlM0EyNiUzQTE0Ljc3MjQ1OSUyQjAwJTNBMDAvMzg3NzA0XzEuanBn.jpg; https://imgproxy.sbermarket.ru/imgproxy/size-220-220-2x/czM6Ly9jb250ZW50LWltYWdlcy1wcm9kL3Byb2R1Y3RzLzM4NzcwNC9vcmlnaW5hbC8xLzIwMjMtMDQtMDVUMTIlM0EyNiUzQTE0Ljc3MjQ1OSUyQjAwJTNBMDAvMzg3NzA0XzEuanBn.webp 2x;59,90;89,99
проспект Альберта Камалеева, 32Б, Казань, Республика Татарстан;ovoshchi-frukti-orekhi;/auchan/kartofel-belyy-2-kg-506163d?sid=70;Картофель белый ~2 кг;https://imgproxy.sbermarket.ru/imgproxy/size-220-220/czM6Ly9jb250ZW50LWltYWdlcy1wcm9kL3Byb2R1Y3RzLzE0MTEzNjMvb3JpZ2luYWwvMS8yMDIxLTEyLTE5VDIxJTNBNTclM0ExMi45NTcwMDAlMkIwMCUzQTAwLzE0MTEzNjNfMS5qcGc=.jpg; https://imgproxy.sbermarket.ru/imgproxy/size-220-220-2x/czM6Ly9jb250ZW50LWltYWdlcy1wcm9kL3Byb2R1Y3RzLzE0MTEzNjMvb3JpZ2luYWwvMS8yMDIxLTEyLTE5VDIxJTNBNTclM0ExMi45NTcwMDAlMkIwMCUzQTAwLzE0MTEzNjNfMS5qcGc=.webp 2x;99,98;-
проспект Альберта Камалеева, 32Б, Казань, Республика Татарстан;ovoshchi-frukti-orekhi;/auchan/kartofel-229bf0f?sid=70;Картофель;https://imgproxy.sbermarket.ru/imgproxy/size-220-220/czM6Ly9jb250ZW50LWltYWdlcy1wcm9kL3Byb2R1Y3RzLzEyNDg4MzEvb3JpZ2luYWwvMS8yMDIyLTA4LTIzVDEyJTNBNDYlM0EzNC43ODMwMDAlMkIwMCUzQTAwLzEyNDg4MzFfMS5qcGc=.jpg; https://imgproxy.sbermarket.ru/imgproxy/size-220-220-2x/czM6Ly9jb250ZW50LWltYWdlcy1wcm9kL3Byb2R1Y3RzLzEyNDg4MzEvb3JpZ2luYWwvMS8yMDIyLTA4LTIzVDEyJTNBNDYlM0EzNC43ODMwMDAlMkIwMCUzQTAwLzEyNDg4MzFfMS5qcGc=.webp 2x;50,00;-
проспект Альберта Камалеева, 32Б, Казань, Республика Татарстан;ovoshchi-frukti-orekhi;/auchan/avokado-haas-700-g-af9f9f1?sid=70;Авокадо Хаас 700 г;https://imgproxy.sbermarket.ru/imgproxy/size-220-220/czM6Ly9jb250ZW50LWltYWdlcy1wcm9kL3Byb2R1Y3RzLzE1MTQzOTMyL29yaWdpbmFsLzEvMjAyMi0wOC0yM1QxMiUzQTAyJTNBMjMuNjQwMDAwJTJCMDAlM0EwMC8xNTE0MzkzMl8xLmpwZw==.jpg; https://imgproxy.sbermarket.ru/imgproxy/size-220-220-2x/czM6Ly9jb250ZW50LWltYWdlcy1wcm9kL3Byb2R1Y3RzLzE1MTQzOTMyL29yaWdpbmFsLzEvMjAyMi0wOC0yM1QxMiUzQTAyJTNBMjMuNjQwMDAwJTJCMDAlM0EwMC8xNTE0MzkzMl8xLmpwZw==.webp 2x;349,90;499,99
проспект Альберта Камалеева, 32Б, Казань, Республика Татарстан;ovoshchi-frukti-orekhi;/auchan/avokado-hass-1-sht-43fb7bb?sid=70;Авокадо Хасс 1 шт;https://imgproxy.sbermarket.ru/imgproxy/size-220-220/czM6Ly9jb250ZW50LWltYWdlcy1wcm9kL3Byb2R1Y3RzLzMwNDEyL29yaWdpbmFsLzEvMjAyMy0wNS0zMFQwNyUzQTExJTNBMDQuNzk1ODA5JTJCMDAlM0EwMC8zMDQxMl8xLmpwZw==.jpg; https://imgproxy.sbermarket.ru/imgproxy/size-220-220-2x/czM6Ly9jb250ZW50LWltYWdlcy1wcm9kL3Byb2R1Y3RzLzMwNDEyL29yaWdpbmFsLzEvMjAyMy0wNS0zMFQwNyUzQTExJTNBMDQuNzk1ODA5JTJCMDAlM0EwMC8zMDQxMl8xLmpwZw==.webp 2x;49,90;79,99
проспект Альберта Камалеева, 32Б, Казань, Республика Татарстан;ovoshchi-frukti-orekhi;/auchan/grushi-kitayskie?sid=70;Груши китайские;https://imgproxy.sbermarket.ru/imgproxy/size-220-220/czM6Ly9jb250ZW50LWltYWdlcy1wcm9kL3Byb2R1Y3RzLzY1MzcwNS9vcmlnaW5hbC8xLzIwMjItMDgtMjNUMTMlM0E0MyUzQTAyLjkwNzAwMCUyQjAwJTNBMDAvNjUzNzA1XzEuanBn.jpg; https://imgproxy.sbermarket.ru/imgproxy/size-220-220-2x/czM6Ly9jb250ZW50LWltYWdlcy1wcm9kL3Byb2R1Y3RzLzY1MzcwNS9vcmlnaW5hbC8xLzIwMjItMDgtMjNUMTMlM0E0MyUzQTAyLjkwNzAwMCUyQjAwJTNBMDAvNjUzNzA1XzEuanBn.webp 2x;90,00;-
проспект Альберта Камалеева, 32Б, Казань, Республика Татарстан;ovoshchi-frukti-orekhi;/auchan/prorostki-fasoli-mash-zelenyy-sad-250-g?sid=70;Проростки фасоли Маш Зеленый Сад 250 г;https://imgproxy.sbermarket.ru/imgproxy/size-220-220/czM6Ly9jb250ZW50LWltYWdlcy1wcm9kL3Byb2R1Y3RzLzIyNDE5L29yaWdpbmFsLzEvMjAyMy0xMS0yNFQxNiUzQTMwJTNBMjcuNDgyNzY0JTJCMDAlM0EwMC8yMjQxOV8xLmpwZw==.jpg; https://imgproxy.sbermarket.ru/imgproxy/size-220-220-2x/czM6Ly9jb250ZW50LWltYWdlcy1wcm9kL3Byb2R1Y3RzLzIyNDE5L29yaWdpbmFsLzEvMjAyMy0xMS0yNFQxNiUzQTMwJTNBMjcuNDgyNzY0JTJCMDAlM0EwMC8yMjQxOV8xLmpwZw==.webp 2x;79,99;-
проспект Альберта Камалеева, 32Б, Казань, Республика Татарстан;ovoshchi-frukti-orekhi;/auchan/mango-egipet-600-g-fc8c2f4?sid=70;Манго Египет ~600 г;https://imgproxy.sbermarket.ru/imgproxy/size-220-220/czM6Ly9jb250ZW50LWltYWdlcy1wcm9kL3Byb2R1Y3RzLzExNjQyNC9vcmlnaW5hbC8xLzIwMjMtMDgtMzFUMDglM0EzNyUzQTQ4Ljc4NTQ4NyUyQjAwJTNBMDAvMTE2NDI0XzEuanBn.jpg; https://imgproxy.sbermarket.ru/imgproxy/size-220-220-2x/czM6Ly9jb250ZW50LWltYWdlcy1wcm9kL3Byb2R1Y3RzLzExNjQyNC9vcmlnaW5hbC8xLzIwMjMtMDgtMzFUMDglM0EzNyUzQTQ4Ljc4NTQ4NyUyQjAwJTNBMDAvMTE2NDI0XzEuanBn.webp 2x;239,94;299,99
проспект Альберта Камалеева, 32Б, Казань, Республика Татарстан;ovoshchi-frukti-orekhi;/auchan/pomidory-cherri-slivovidnye-250-g-f0032d7?sid=70;Помидоры Черри сливовидные 250 г;https://imgproxy.sbermarket.ru/imgproxy/size-220-220/czM6Ly9jb250ZW50LWltYWdlcy1wcm9kL3Byb2R1Y3RzLzQzNTg5L29yaWdpbmFsLzEvMjAyMy0xMi0wNVQxMSUzQTEyJTNBNDAuNzExOTM5JTJCMDAlM0EwMC80MzU4OV8xLmpwZw==.jpg; https://imgproxy.sbermarket.ru/imgproxy/size-220-220-2x/czM6Ly9jb250ZW50LWltYWdlcy1wcm9kL3Byb2R1Y3RzLzQzNTg5L29yaWdpbmFsLzEvMjAyMy0xMi0wNVQxMSUzQTEyJTNBNDAuNzExOTM5JTJCMDAlM0EwMC80MzU4OV8xLmpwZw==.webp 2x;179,99;-
проспект Альберта Камалеева, 32Б, Казань, Республика Татарстан;ovoshchi-frukti-orekhi;/auchan/nabor-zeleni-kazhdyy-den-assorti-50-g-4dca4e9?sid=70;Набор зелени Каждый День Ассорти 50 г;https://imgproxy.sbermarket.ru/imgproxy/size-220-220/czM6Ly9jb250ZW50LWltYWdlcy1wcm9kL3Byb2R1Y3RzLzE5OTQ1OTYzL29yaWdpbmFsLzEvMjAyMi0wOC0yMlQyMyUzQTU0JTNBMjEuMDc0MDAwJTJCMDAlM0EwMC8xOTk0NTk2M18xLmpwZw==.jpg; https://imgproxy.sbermarket.ru/imgproxy/size-220-220-2x/czM6Ly9jb250ZW50LWltYWdlcy1wcm9kL3Byb2R1Y3RzLzE5OTQ1OTYzL29yaWdpbmFsLzEvMjAyMi0wOC0yMlQyMyUzQTU0JTNBMjEuMDc0MDAwJTJCMDAlM0EwMC8xOTk0NTk2M18xLmpwZw==.webp 2x;49,99;-
проспект Альберта Камалеева, 32Б, Казань, Республика Татарстан;ovoshchi-frukti-orekhi;/auchan/yabloki-red-chif-74ee9f1?sid=70;Яблоки Ред Чиф;https://imgproxy.sbermarket.ru/imgproxy/size-220-220/czM6Ly9jb250ZW50LWltYWdlcy1wcm9kL3Byb2R1Y3RzLzEyNDg4MjUvb3JpZ2luYWwvMS8yMDIyLTA4LTIzVDIzJTNBMTclM0EwNS41NzgwMDAlMkIwMCUzQTAwLzEyNDg4MjVfMS5qcGc=.jpg; https://imgproxy.sbermarket.ru/imgproxy/size-220-220-2x/czM6Ly9jb250ZW50LWltYWdlcy1wcm9kL3Byb2R1Y3RzLzEyNDg4MjUvb3JpZ2luYWwvMS8yMDIyLTA4LTIzVDIzJTNBMTclM0EwNS41NzgwMDAlMkIwMCUzQTAwLzEyNDg4MjVfMS5qcGc=.webp 2x;74,95;85,00
проспект Альберта Камалеева, 32Б, Казань, Республика Татарстан;ovoshchi-frukti-orekhi;/auchan/masliny-kazhdyy-den-chernye-bez-kostochki-280-g?sid=70;Маслины Каждый День черные без косточки 280 г;https://imgproxy.sbermarket.ru/imgproxy/size-220-220/czM6Ly9jb250ZW50LWltYWdlcy1wcm9kL3Byb2R1Y3RzLzE1MTY2MjI4L29yaWdpbmFsLzEvMjAyNC0wNC0yNFQxNyUzQTMwJTNBNDYuNzEwNjU0JTJCMDAlM0EwMC8xNTE2NjIyOF8xLmpwZw==.jpg; https://imgproxy.sbermarket.ru/imgproxy/size-220-220-2x/czM6Ly9jb250ZW50LWltYWdlcy1wcm9kL3Byb2R1Y3RzLzE1MTY2MjI4L29yaWdpbmFsLzEvMjAyNC0wNC0yNFQxNyUzQTMwJTNBNDYuNzEwNjU0JTJCMDAlM0EwMC8xNTE2NjIyOF8xLmpwZw==.webp 2x;78,98;-
проспект Альберта Камалеева, 32Б, Казань, Республика Татарстан;ovoshchi-frukti-orekhi;/auchan/shpinat-ashan-krasnaya-ptitsa-mini-125-g?sid=70;Шпинат АШАН Красная птица мини 125 г;https://imgproxy.sbermarket.ru/imgproxy/size-220-220/czM6Ly9jb250ZW50LWltYWdlcy1wcm9kL3Byb2R1Y3RzLzMyNjIwMjA3L29yaWdpbmFsLzEvMjAyNC0wMy0yNlQxMSUzQTMxJTNBNTEuOTkzODMyJTJCMDAlM0EwMC8zMjYyMDIwN18xLmpwZw==.jpg; https://imgproxy.sbermarket.ru/imgproxy/size-220-220-2x/czM6Ly9jb250ZW50LWltYWdlcy1wcm9kL3Byb2R1Y3RzLzMyNjIwMjA3L29yaWdpbmFsLzEvMjAyNC0wMy0yNlQxMSUzQTMxJTNBNTEuOTkzODMyJTJCMDAlM0EwMC8zMjYyMDIwN18xLmpwZw==.webp 2x;149,99;-
проспект Альберта Камалеева, 32Б, Казань, Республика Татарстан;ovoshchi-frukti-orekhi;/auchan/avokado-has-2-sht-96f7d04?sid=70;Авокадо Has 2 шт;https://imgproxy.sbermarket.ru/imgproxy/size-220-220/czM6Ly9jb250ZW50LWltYWdlcy1wcm9kL3Byb2R1Y3RzLzI0NTczNC9vcmlnaW5hbC8xLzIwMjMtMTEtMzBUMTglM0E0OCUzQTIxLjcxOTY2MCUyQjAwJTNBMDAvMjQ1NzM0XzEuanBn.jpg; https://imgproxy.sbermarket.ru/imgproxy/size-220-220-2x/czM6Ly9jb250ZW50LWltYWdlcy1wcm9kL3Byb2R1Y3RzLzI0NTczNC9vcmlnaW5hbC8xLzIwMjMtMTEtMzBUMTglM0E0OCUzQTIxLjcxOTY2MCUyQjAwJTNBMDAvMjQ1NzM0XzEuanBn.webp 2x;199,99;-
проспект Альберта Камалеева, 32Б, Казань, Республика Татарстан;ovoshchi-frukti-orekhi;/auchan/ukrop-kazhdyy-den-100-g-3c5c831?sid=70;Укроп Каждый День 100 г;https://imgproxy.sbermarket.ru/imgproxy/size-220-220/czM6Ly9jb250ZW50LWltYWdlcy1wcm9kL3Byb2R1Y3RzLzE5OTQ1OTY2L29yaWdpbmFsLzEvMjAyMi0wOC0yM1QxNyUzQTQ2JTNBMDMuNjIwMDAwJTJCMDAlM0EwMC8xOTk0NTk2Nl8xLmpwZw==.jpg; https://imgproxy.sbermarket.ru/imgproxy/size-220-220-2x/czM6Ly9jb250ZW50LWltYWdlcy1wcm9kL3Byb2R1Y3RzLzE5OTQ1OTY2L29yaWdpbmFsLzEvMjAyMi0wOC0yM1QxNyUzQTQ2JTNBMDMuNjIwMDAwJTJCMDAlM0EwMC8xOTk0NTk2Nl8xLmpwZw==.webp 2x;79,99;-
проспект Альберта Камалеева, 32Б, Казань, Республика Татарстан;ovoshchi-frukti-orekhi;/auchan/pomidory-kokteyl-nye-rozovye-350-g-9090d9a?sid=70;Помидоры коктейльные розовые 350 г;https://imgproxy.sbermarket.ru/imgproxy/size-220-220/czM6Ly9jb250ZW50LWltYWdlcy1wcm9kL3Byb2R1Y3RzLzI0NDM4Ny9vcmlnaW5hbC8xLzIwMjMtMDUtMDNUMDclM0EyMyUzQTIzLjk5ODE5OSUyQjAwJTNBMDAvMjQ0Mzg3XzEuanBn.jpg; https://imgproxy.sbermarket.ru/imgproxy/size-220-220-2x/czM6Ly9jb250ZW50LWltYWdlcy1wcm9kL3Byb2R1Y3RzLzI0NDM4Ny9vcmlnaW5hbC8xLzIwMjMtMDUtMDNUMDclM0EyMyUzQTIzLjk5ODE5OSUyQjAwJTNBMDAvMjQ0Mzg3XzEuanBn.webp 2x;179,99;-
проспект Альберта Камалеева, 32Б, Казань, Республика Татарстан;ovoshchi-frukti-orekhi;/auchan/yabloki-grenni-smit-6e80ab1?sid=70;Яблоки Гренни Смит;https://imgproxy.sbermarket.ru/imgproxy/size-220-220/czM6Ly9jb250ZW50LWltYWdlcy1wcm9kL3Byb2R1Y3RzLzExNjQxMi9vcmlnaW5hbC8xLzIwMjItMDgtMjNUMDklM0EwNSUzQTAzLjgzMzAwMCUyQjAwJTNBMDAvMTE2NDEyXzEuanBn.jpg; https://imgproxy.sbermarket.ru/imgproxy/size-220-220-2x/czM6Ly9jb250ZW50LWltYWdlcy1wcm9kL3Byb2R1Y3RzLzExNjQxMi9vcmlnaW5hbC8xLzIwMjItMDgtMjNUMDklM0EwNSUzQTAzLjgzMzAwMCUyQjAwJTNBMDAvMTE2NDEyXzEuanBn.webp 2x;80,00;-
проспект Альберта Камалеева, 32Б, Казань, Республика Татарстан;ovoshchi-frukti-orekhi;/auchan/bazilik-zelenyy-v-gorshochke-1-sht-9040842?sid=70;Базилик зеленый в горшочке 1 шт;https://imgproxy.sbermarket.ru/imgproxy/size-220-220/czM6Ly9jb250ZW50LWltYWdlcy1wcm9kL3Byb2R1Y3RzLzY5MjEzL29yaWdpbmFsLzEvMjAyMi0wOC0yM1QyMiUzQTAwJTNBMjQuOTU5MDAwJTJCMDAlM0EwMC82OTIxM18xLmpwZw==.jpg; https://imgproxy.sbermarket.ru/imgproxy/size-220-220-2x/czM6Ly9jb250ZW50LWltYWdlcy1wcm9kL3Byb2R1Y3RzLzY5MjEzL29yaWdpbmFsLzEvMjAyMi0wOC0yM1QyMiUzQTAwJTNBMjQuOTU5MDAwJTJCMDAlM0EwMC82OTIxM18xLmpwZw==.webp 2x;129,99;-
проспект Альберта Камалеева, 32Б, Казань, Республика Татарстан;ovoshchi-frukti-orekhi;/auchan/luk-krasnyy-c37f4af?sid=70;Лук красный;https://imgproxy.sbermarket.ru/imgproxy/size-220-220/czM6Ly9jb250ZW50LWltYWdlcy1wcm9kL3Byb2R1Y3RzLzExNjMzMy9vcmlnaW5hbC8xLzIwMjItMDgtMjNUMTklM0E0MiUzQTQyLjAwNjAwMCUyQjAwJTNBMDAvMTE2MzMzXzEuanBn.jpg; https://imgproxy.sbermarket.ru/imgproxy/size-220-220-2x/czM6Ly9jb250ZW50LWltYWdlcy1wcm9kL3Byb2R1Y3RzLzExNjMzMy9vcmlnaW5hbC8xLzIwMjItMDgtMjNUMTklM0E0MiUzQTQyLjAwNjAwMCUyQjAwJTNBMDAvMTE2MzMzXzEuanBn.webp 2x;80,00;-
проспект Альберта Камалеева, 32Б, Казань, Республика Татарстан;ovoshchi-frukti-orekhi;/auchan/perets-ramiro-200-g-1a652a7?sid=70;Перец Рамиро 200 г;https://imgproxy.sbermarket.ru/imgproxy/size-220-220/czM6Ly9jb250ZW50LWltYWdlcy1wcm9kL3Byb2R1Y3RzLzgxNTY4L29yaWdpbmFsLzEvMjAyMi0wOC0yMlQxOCUzQTQ1JTNBMTcuODg1MDAwJTJCMDAlM0EwMC84MTU2OF8xLmpwZw==.jpg; https://imgproxy.sbermarket.ru/imgproxy/size-220-220-2x/czM6Ly9jb250ZW50LWltYWdlcy1wcm9kL3Byb2R1Y3RzLzgxNTY4L29yaWdpbmFsLzEvMjAyMi0wOC0yMlQxOCUzQTQ1JTNBMTcuODg1MDAwJTJCMDAlM0EwMC84MTU2OF8xLmpwZw==.webp 2x;219,99;-
проспект Альберта Камалеева, 32Б, Казань, Республика Татарстан;ovoshchi-frukti-orekhi;/auchan/morkov-6fc398e?sid=70;Морковь;https://imgproxy.sbermarket.ru/imgproxy/size-220-220/czM6Ly9jb250ZW50LWltYWdlcy1wcm9kL3Byb2R1Y3RzLzY4MzUzL29yaWdpbmFsLzEvMjAyNC0wNC0wMlQwOCUzQTUxJTNBMTkuOTUzNjI4JTJCMDAlM0EwMC82ODM1M18xLmpwZw==.jpg; https://imgproxy.sbermarket.ru/imgproxy/size-220-220-2x/czM6Ly9jb250ZW50LWltYWdlcy1wcm9kL3Byb2R1Y3RzLzY4MzUzL29yaWdpbmFsLzEvMjAyNC0wNC0wMlQwOCUzQTUxJTNBMTkuOTUzNjI4JTJCMDAlM0EwMC82ODM1M18xLmpwZw==.webp 2x;32,99;-
проспект Альберта Камалеева, 32Б, Казань, Республика Татарстан;ovoshchi-frukti-orekhi;/auchan/persiki-fcdb0b3?sid=70;Персики;https://imgproxy.sbermarket.ru/imgproxy/size-220-220/czM6Ly9jb250ZW50LWltYWdlcy1wcm9kL3Byb2R1Y3RzLzE0MTE1NjUvb3JpZ2luYWwvMS8yMDIyLTA4LTIzVDA2JTNBMjElM0E1MC4yNjEwMDAlMkIwMCUzQTAwLzE0MTE1NjVfMS5qcGc=.jpg; https://imgproxy.sbermarket.ru/imgproxy/size-220-220-2x/czM6Ly9jb250ZW50LWltYWdlcy1wcm9kL3Byb2R1Y3RzLzE0MTE1NjUvb3JpZ2luYWwvMS8yMDIyLTA4LTIzVDA2JTNBMjElM0E1MC4yNjEwMDAlMkIwMCUzQTAwLzE0MTE1NjVfMS5qcGc=.webp 2x;79,95;100,00
проспект Альберта Камалеева, 32Б, Казань, Республика Татарстан;ovoshchi-frukti-orekhi;/auchan/mango-tayskoe-zheltoe-1-sht-36e9761?sid=70;Манго Тайское желтое 1 шт;https://imgproxy.sbermarket.ru/imgproxy/size-220-220/czM6Ly9jb250ZW50LWltYWdlcy1wcm9kL3Byb2R1Y3RzLzIxODkyMjE0L29yaWdpbmFsLzEvMjAyMy0wNy0wM1QxNiUzQTQ5JTNBMjEuMDQ0MDUxJTJCMDAlM0EwMC8yMTg5MjIxNF8xLmpwZw==.jpg; https://imgproxy.sbermarket.ru/imgproxy/size-220-220-2x/czM6Ly9jb250ZW50LWltYWdlcy1wcm9kL3Byb2R1Y3RzLzIxODkyMjE0L29yaWdpbmFsLzEvMjAyMy0wNy0wM1QxNiUzQTQ5JTNBMjEuMDQ0MDUxJTJCMDAlM0EwMC8yMTg5MjIxNF8xLmpwZw==.webp 2x;199,90;249,99
проспект Альберта Камалеева, 32Б, Казань, Республика Татарстан;ovoshchi-frukti-orekhi;/auchan/kartofel-bebi-2-kg-b5291af?sid=70;Картофель Бэби 2 кг;https://imgproxy.sbermarket.ru/imgproxy/size-220-220/czM6Ly9jb250ZW50LWltYWdlcy1wcm9kL3Byb2R1Y3RzLzIxMTcxOC9vcmlnaW5hbC8xLzIwMjItMDgtMjJUMjElM0E0NyUzQTMzLjkwNjAwMCUyQjAwJTNBMDAvMjExNzE4XzEuanBn.jpg; https://imgproxy.sbermarket.ru/imgproxy/size-220-220-2x/czM6Ly9jb250ZW50LWltYWdlcy1wcm9kL3Byb2R1Y3RzLzIxMTcxOC9vcmlnaW5hbC8xLzIwMjItMDgtMjJUMjElM0E0NyUzQTMzLjkwNjAwMCUyQjAwJTNBMDAvMjExNzE4XzEuanBn.webp 2x;119,99;-
проспект Альберта Камалеева, 32Б, Казань, Республика Татарстан;ovoshchi-frukti-orekhi;/auchan/salatnyy-miks-verona-120-g-1c7621e?sid=70;Салатный микс Верона 120 г;https://imgproxy.sbermarket.ru/imgproxy/size-220-220/czM6Ly9jb250ZW50LWltYWdlcy1wcm9kL3Byb2R1Y3RzLzE1ODYzNDUyL29yaWdpbmFsLzEvMjAyMi0wOC0yM1QxMyUzQTM5JTNBMDIuNTg2MDAwJTJCMDAlM0EwMC8xNTg2MzQ1Ml8xLmpwZw==.jpg; https://imgproxy.sbermarket.ru/imgproxy/size-220-220-2x/czM6Ly9jb250ZW50LWltYWdlcy1wcm9kL3Byb2R1Y3RzLzE1ODYzNDUyL29yaWdpbmFsLzEvMjAyMi0wOC0yM1QxMyUzQTM5JTNBMDIuNTg2MDAwJTJCMDAlM0EwMC8xNTg2MzQ1Ml8xLmpwZw==.webp 2x;149,99;-
