проспект Альберта Камалеева, 32Б, Казань, Республика Татарстан;bakaleya;/lenta/makaronnye-izdeliya-pasteroni-grandine-ptitim-122-400-g-27fe5a0?sid=57;Макаронные изделия Pasteroni Grandine Ptitim № 122 400 г;https://imgproxy.sbermarket.ru/imgproxy/size-220-220/czM6Ly9jb250ZW50LWltYWdlcy1wcm9kL3Byb2R1Y3RzLzIzMDU1MjI1L29yaWdpbmFsLzEvMjAyMy0wNi0wNlQwNSUzQTIxJTNBNDYuMTAzMDcxJTJCMDAlM0EwMC8yMzA1NTIyNV8xLmpwZw==.jpg; https://imgproxy.sbermarket.ru/imgproxy/size-220-220-2x/czM6Ly9jb250ZW50LWltYWdlcy1wcm9kL3Byb2R1Y3RzLzIzMDU1MjI1L29yaWdpbmFsLzEvMjAyMy0wNi0wNlQwNSUzQTIxJTNBNDYuMTAzMDcxJTJCMDAlM0EwMC8yMzA1NTIyNV8xLmpwZw==.webp 2x;69,99;110,59
проспект Альберта Камалеева, 32Б, Казань, Республика Татарстан;bakaleya;/lenta/makaronnye-izdeliya-federici-bantiki-400-g-c03987d?sid=57;Макаронные изделия Federici Бантики 400 г;https://imgproxy.sbermarket.ru/imgproxy/size-220-220/czM6Ly9jb250ZW50LWltYWdlcy1wcm9kL3Byb2R1Y3RzLzQ0NzY5L29yaWdpbmFsLzEvMjAyMy0xMS0yNFQxNiUzQTM0JTNBMDIuOTk1MzQ1JTJCMDAlM0EwMC80NDc2OV8xLmpwZw==.jpg; https://imgproxy.sbermarket.ru/imgproxy/size-220-220-2x/czM6Ly9jb250ZW50LWltYWdlcy1wcm9kL3Byb2R1Y3RzLzQ0NzY5L29yaWdpbmFsLzEvMjAyMy0xMS0yNFQxNiUzQTM0JTNBMDIuOTk1MzQ1JTJCMDAlM0EwMC80NDc2OV8xLmpwZw==.webp 2x;59,99;115,79
проспект Альберта Камалеева, 32Б, Казань, Республика Татарстан;bakaleya;/lenta/makaronnye-izdeliya-marco-panatti-rizo-121-400-g?sid=57;Макаронные изделия Marco Panatti Ризо № 121 400 г;https://imgproxy.sbermarket.ru/imgproxy/size-220-220/czM6Ly9jb250ZW50LWltYWdlcy1wcm9kL3Byb2R1Y3RzLzI2NjcxNTg4L29yaWdpbmFsLzEvMjAyMy0xMS0xNVQxNCUzQTQwJTNBMzAuMDA2MTMxJTJCMDAlM0EwMC8yNjY3MTU4OF8xLmpwZw==.jpg; https://imgproxy.sbermarket.ru/imgproxy/size-220-220-2x/czM6Ly9jb250ZW50LWltYWdlcy1wcm9kL3Byb2R1Y3RzLzI2NjcxNTg4L29yaWdpbmFsLzEvMjAyMy0xMS0xNVQxNCUzQTQwJTNBMzAuMDA2MTMxJTJCMDAlM0EwMC8yNjY3MTU4OF8xLmpwZw==.webp 2x;64,99;94,79
проспект Альберта Камалеева, 32Б, Казань, Республика Татарстан;bakaleya;/lenta/krupa-grechnevaya-uvelka-ekstra-yadritsa-bystrorazvarivayuschayasya-800-g-d6c46b1?sid=57;Крупа гречневая Увелка Экстра ядрица быстроразваривающаяся...;https://imgproxy.sbermarket.ru/imgproxy/size-220-220/czM6Ly9jb250ZW50LWltYWdlcy1wcm9kL3Byb2R1Y3RzLzE2NTM2NzYyL29yaWdpbmFsLzEvMjAyMy0xMS0yNFQxNiUzQTQ4JTNBMjMuNjE5MTgxJTJCMDAlM0EwMC8xNjUzNjc2Ml8xLmpwZw==.jpg; https://imgproxy.sbermarket.ru/imgproxy/size-220-220-2x/czM6Ly9jb250ZW50LWltYWdlcy1wcm9kL3Byb2R1Y3RzLzE2NTM2NzYyL29yaWdpbmFsLzEvMjAyMy0xMS0yNFQxNiUzQTQ4JTNBMjMuNjE5MTgxJTJCMDAlM0EwMC8xNjUzNjc2Ml8xLmpwZw==.webp 2x;79,99;144,19
проспект Альберта Камалеева, 32Б, Казань, Республика Татарстан;bakaleya;/lenta/sol-povarennaya-iletskaya-russol-vysshiy-sort-pomol-1-1-kg-b878f35?sid=57;Соль поваренная Илецкая РусСоль высший сорт помол № 1 1 кг;https://imgproxy.sbermarket.ru/imgproxy/size-220-220/czM6Ly9jb250ZW50LWltYWdlcy1wcm9kL3Byb2R1Y3RzLzU2MjU1L29yaWdpbmFsLzEvMjAyMy0xMS0yNFQxNiUzQTM4JTNBMTQuOTI0OTM3JTJCMDAlM0EwMC81NjI1NV8xLmpwZw==.jpg; https://imgproxy.sbermarket.ru/imgproxy/size-220-220-2x/czM6Ly9jb250ZW50LWltYWdlcy1wcm9kL3Byb2R1Y3RzLzU2MjU1L29yaWdpbmFsLzEvMjAyMy0xMS0yNFQxNiUzQTM4JTNBMTQuOTI0OTM3JTJCMDAlM0EwMC81NjI1NV8xLmpwZw==.webp 2x;10,52;-
проспект Альберта Камалеева, 32Б, Казань, Республика Татарстан;bakaleya;/lenta/makaronnye-izdeliya-sen-soy-vermishel-funchoza-200-g-4c127a3?sid=57;Макаронные изделия Sen Soy Вермишель Фунчоза 200 г;https://imgproxy.sbermarket.ru/imgproxy/size-220-220/czM6Ly9jb250ZW50LWltYWdlcy1wcm9kL3Byb2R1Y3RzLzEwODkyL29yaWdpbmFsLzEvMjAyMy0xMS0yNFQxNiUzQTUwJTNBMjQuNTg2MzA0JTJCMDAlM0EwMC8xMDg5Ml8xLmpwZw==.jpg; https://imgproxy.sbermarket.ru/imgproxy/size-220-220-2x/czM6Ly9jb250ZW50LWltYWdlcy1wcm9kL3Byb2R1Y3RzLzEwODkyL29yaWdpbmFsLzEvMjAyMy0xMS0yNFQxNiUzQTUwJTNBMjQuNTg2MzA0JTJCMDAlM0EwMC8xMDg5Ml8xLmpwZw==.webp 2x;139,99;210,59
проспект Альберта Камалеева, 32Б, Казань, Республика Татарстан;bakaleya;/lenta/muka-makfa-pshenichnaya-hlebopekarnaya-vysshiy-sort-2-kg-7839d64?sid=57;Мука Makfa пшеничная хлебопекарная высший сорт 2 кг;https://imgproxy.sbermarket.ru/imgproxy/size-220-220/czM6Ly9jb250ZW50LWltYWdlcy1wcm9kL3Byb2R1Y3RzLzI0NjUwMy9vcmlnaW5hbC8xLzIwMjMtMTEtMzBUMTglM0E0OCUzQTM2LjIzNDM1NCUyQjAwJTNBMDAvMjQ2NTAzXzEuanBn.jpg; https://imgproxy.sbermarket.ru/imgproxy/size-220-220-2x/czM6Ly9jb250ZW50LWltYWdlcy1wcm9kL3Byb2R1Y3RzLzI0NjUwMy9vcmlnaW5hbC8xLzIwMjMtMTEtMzBUMTglM0E0OCUzQTM2LjIzNDM1NCUyQjAwJTNBMDAvMjQ2NTAzXzEuanBn.webp 2x;103,99;136,89
проспект Альберта Камалеева, 32Б, Казань, Республика Татарстан;bakaleya;/lenta/smes-bobovyh-mistral-dlya-gustyh-i-navaristyh-supov-500-g-ddfd600?sid=57;Смесь бобовых Мистраль для густых и наваристых супов 500 г;https://imgproxy.sbermarket.ru/imgproxy/size-220-220/czM6Ly9jb250ZW50LWltYWdlcy1wcm9kL3Byb2R1Y3RzLzEyODQ1NS9vcmlnaW5hbC8xLzIwMjItMTItMjFUMTElM0ExMCUzQTMxLjQ1Mjg1NyUyQjAwJTNBMDAvMTI4NDU1XzEuanBn.jpg; https://imgproxy.sbermarket.ru/imgproxy/size-220-220-2x/czM6Ly9jb250ZW50LWltYWdlcy1wcm9kL3Byb2R1Y3RzLzEyODQ1NS9vcmlnaW5hbC8xLzIwMjItMTItMjFUMTElM0ExMCUzQTMxLjQ1Mjg1NyUyQjAwJTNBMDAvMTI4NDU1XzEuanBn.webp 2x;79,99;142,09
проспект Альберта Камалеева, 32Б, Казань, Республика Татарстан;bakaleya;/lenta/krupa-grechnevaya-uvelka-v-varochnyh-paketikah-80-g-h-5-sht-c1dec3e?sid=57;Крупа гречневая Увелка в варочных пакетиках 80 г х 5 шт;https://imgproxy.sbermarket.ru/imgproxy/size-220-220/czM6Ly9jb250ZW50LWltYWdlcy1wcm9kL3Byb2R1Y3RzLzQ0NzU3L29yaWdpbmFsLzEvMjAyMy0xMS0yNFQxNiUzQTM0JTNBMDAuMjgzODYxJTJCMDAlM0EwMC80NDc1N18xLmpwZw==.jpg; https://imgproxy.sbermarket.ru/imgproxy/size-220-220-2x/czM6Ly9jb250ZW50LWltYWdlcy1wcm9kL3Byb2R1Y3RzLzQ0NzU3L29yaWdpbmFsLzEvMjAyMy0xMS0yNFQxNiUzQTM0JTNBMDAuMjgzODYxJTJCMDAlM0EwMC80NDc1N18xLmpwZw==.webp 2x;69,99;101,99
проспект Альберта Камалеева, 32Б, Казань, Республика Татарстан;bakaleya;/lenta/makaronnye-izdeliya-shebekinskie-spiral-tri-tsveta-450-g-1ee4469?sid=57;Макаронные изделия Шебекинские Спираль три цвета 450 г;https://imgproxy.sbermarket.ru/imgproxy/size-220-220/czM6Ly9jb250ZW50LWltYWdlcy1wcm9kL3Byb2R1Y3RzLzMzODk0L29yaWdpbmFsLzEvMjAyMy0wMy0xNFQxMyUzQTU0JTNBMzIuOTgzMjcxJTJCMDAlM0EwMC8zMzg5NF8xLmpwZw==.jpg; https://imgproxy.sbermarket.ru/imgproxy/size-220-220-2x/czM6Ly9jb250ZW50LWltYWdlcy1wcm9kL3Byb2R1Y3RzLzMzODk0L29yaWdpbmFsLzEvMjAyMy0wMy0xNFQxMyUzQTU0JTNBMzIuOTgzMjcxJTJCMDAlM0EwMC8zMzg5NF8xLmpwZw==.webp 2x;59,99;89,49
проспект Альберта Камалеева, 32Б, Казань, Республика Татарстан;bakaleya;/lenta/makaronnye-izdeliya-maltagliati-kapellini-450-g-b86efc9?sid=57;Макаронные изделия Maltagliati Капеллини 450 г;https://imgproxy.sbermarket.ru/imgproxy/size-220-220/czM6Ly9jb250ZW50LWltYWdlcy1wcm9kL3Byb2R1Y3RzLzE4NDYxNzkxL29yaWdpbmFsLzEvMjAyMy0xMS0yOFQxNyUzQTQ1JTNBMjQuMTQ4Nzg1JTJCMDAlM0EwMC8xODQ2MTc5MV8xLmpwZw==.jpg; https://imgproxy.sbermarket.ru/imgproxy/size-220-220-2x/czM6Ly9jb250ZW50LWltYWdlcy1wcm9kL3Byb2R1Y3RzLzE4NDYxNzkxL29yaWdpbmFsLzEvMjAyMy0xMS0yOFQxNyUzQTQ1JTNBMjQuMTQ4Nzg1JTJCMDAlM0EwMC8xODQ2MTc5MV8xLmpwZw==.webp 2x;79,99;105,29
проспект Альберта Камалеева, 32Б, Казань, Республика Татарстан;bakaleya;/lenta/sup-yelli-grecheskiy-s-orzo-i-pryanymi-travami-250-g-ff6692f?sid=57;Суп Yelli Греческий с орзо и пряными травами 250 г;https://imgproxy.sbermarket.ru/imgproxy/size-220-220/czM6Ly9jb250ZW50LWltYWdlcy1wcm9kL3Byb2R1Y3RzLzE3OTQzMDMzL29yaWdpbmFsLzEvMjAyMi0wOC0yM1QwNCUzQTI0JTNBMDguNjM3MDAwJTJCMDAlM0EwMC8xNzk0MzAzM18xLmpwZw==.jpg; https://imgproxy.sbermarket.ru/imgproxy/size-220-220-2x/czM6Ly9jb250ZW50LWltYWdlcy1wcm9kL3Byb2R1Y3RzLzE3OTQzMDMzL29yaWdpbmFsLzEvMjAyMi0wOC0yM1QwNCUzQTI0JTNBMDguNjM3MDAwJTJCMDAlM0EwMC8xNzk0MzAzM18xLmpwZw==.webp 2x;154,99;221,09
проспект Альберта Камалеева, 32Б, Казань, Республика Татарстан;bakaleya;/lenta/makaronnye-izdeliya-imperial-cuisine-lapsha-udon-pshenichnaya-400-g?sid=57;Макаронные изделия Imperial Cuisine Лапша удон пшеничная...;https://imgproxy.sbermarket.ru/imgproxy/size-220-220/czM6Ly9jb250ZW50LWltYWdlcy1wcm9kL3Byb2R1Y3RzLzIzMTE3MDY0L29yaWdpbmFsLzEvMjAyMy0wMy0yNFQxMSUzQTEyJTNBNTQuMjY2MDAwJTJCMDAlM0EwMC8yMzExNzA2NF8xLmpwZw==.jpg; https://imgproxy.sbermarket.ru/imgproxy/size-220-220-2x/czM6Ly9jb250ZW50LWltYWdlcy1wcm9kL3Byb2R1Y3RzLzIzMTE3MDY0L29yaWdpbmFsLzEvMjAyMy0wMy0yNFQxMSUzQTEyJTNBNTQuMjY2MDAwJTJCMDAlM0EwMC8yMzExNzA2NF8xLmpwZw==.webp 2x;49,99;63,19
проспект Альберта Камалеева, 32Б, Казань, Республика Татарстан;bakaleya;/lenta/makaronnye-izdeliya-pasteroni-spiral-ki-125-400-g-9b17765?sid=57;Макаронные изделия Pasteroni Спиральки № 125 400 г;https://imgproxy.sbermarket.ru/imgproxy/size-220-220/czM6Ly9jb250ZW50LWltYWdlcy1wcm9kL3Byb2R1Y3RzLzIxODk4MzY0L29yaWdpbmFsLzEvMjAyMy0wNi0wNlQwNSUzQTIxJTNBMTYuNzQ0ODQ2JTJCMDAlM0EwMC8yMTg5ODM2NF8xLmpwZw==.jpg; https://imgproxy.sbermarket.ru/imgproxy/size-220-220-2x/czM6Ly9jb250ZW50LWltYWdlcy1wcm9kL3Byb2R1Y3RzLzIxODk4MzY0L29yaWdpbmFsLzEvMjAyMy0wNi0wNlQwNSUzQTIxJTNBMTYuNzQ0ODQ2JTJCMDAlM0EwMC8yMTg5ODM2NF8xLmpwZw==.webp 2x;69,99;110,59
проспект Альберта Камалеева, 32Б, Казань, Республика Татарстан;bakaleya;/lenta/detskiy-supchik-yelli-kids-bukovki-80-g-126e4a7?sid=57;Детский супчик Yelli Kids Буковки 80 г;https://imgproxy.sbermarket.ru/imgproxy/size-220-220/czM6Ly9jb250ZW50LWltYWdlcy1wcm9kL3Byb2R1Y3RzLzYxNjc0L29yaWdpbmFsLzEvMjAyMi0wOC0yM1QyMCUzQTUzJTNBNDUuOTMzMDAwJTJCMDAlM0EwMC82MTY3NF8xLnBuZw==.png; https://imgproxy.sbermarket.ru/imgproxy/size-220-220-2x/czM6Ly9jb250ZW50LWltYWdlcy1wcm9kL3Byb2R1Y3RzLzYxNjc0L29yaWdpbmFsLzEvMjAyMi0wOC0yM1QyMCUzQTUzJTNBNDUuOTMzMDAwJTJCMDAlM0EwMC82MTY3NF8xLnBuZw==.webp 2x;69,99;88,49
проспект Альберта Камалеева, 32Б, Казань, Республика Татарстан;bakaleya;/lenta/makaronnye-izdeliya-shebekinskie-bukatini-350-g-2f97bb9?sid=57;Макаронные изделия Шебекинские Букатини 350 г;https://imgproxy.sbermarket.ru/imgproxy/size-220-220/czM6Ly9jb250ZW50LWltYWdlcy1wcm9kL3Byb2R1Y3RzLzI5MDU1Ny9vcmlnaW5hbC8xLzIwMjItMDgtMjNUMDUlM0EyMSUzQTE0LjY5NjAwMCUyQjAwJTNBMDAvMjkwNTU3XzEuanBn.jpg; https://imgproxy.sbermarket.ru/imgproxy/size-220-220-2x/czM6Ly9jb250ZW50LWltYWdlcy1wcm9kL3Byb2R1Y3RzLzI5MDU1Ny9vcmlnaW5hbC8xLzIwMjItMDgtMjNUMDUlM0EyMSUzQTE0LjY5NjAwMCUyQjAwJTNBMDAvMjkwNTU3XzEuanBn.webp 2x;54,99;78,99
проспект Альберта Камалеева, 32Б, Казань, Республика Татарстан;bakaleya;/lenta/makaronnye-izdeliya-marco-panatti-zvezdochki-400-g?sid=57;Макаронные изделия Marco Panatti Звездочки 400 г;https://imgproxy.sbermarket.ru/imgproxy/size-220-220/czM6Ly9jb250ZW50LWltYWdlcy1wcm9kL3Byb2R1Y3RzLzI2NjcxNTkxL29yaWdpbmFsLzEvMjAyMy0xMS0xNVQxNCUzQTQwJTNBMzAuNjExMDY0JTJCMDAlM0EwMC8yNjY3MTU5MV8xLmpwZw==.jpg; https://imgproxy.sbermarket.ru/imgproxy/size-220-220-2x/czM6Ly9jb250ZW50LWltYWdlcy1wcm9kL3Byb2R1Y3RzLzI2NjcxNTkxL29yaWdpbmFsLzEvMjAyMy0xMS0xNVQxNCUzQTQwJTNBMzAuNjExMDY0JTJCMDAlM0EwMC8yNjY3MTU5MV8xLmpwZw==.webp 2x;64,99;105,29
проспект Альберта Камалеева, 32Б, Казань, Республика Татарстан;bakaleya;/lenta/limonnaya-kislota-lenta-80-g-43e2d17?sid=57;Лимонная кислота Лента 80 г;https://imgproxy.sbermarket.ru/imgproxy/size-220-220/czM6Ly9jb250ZW50LWltYWdlcy1wcm9kL3Byb2R1Y3RzLzg1NzIxOC9vcmlnaW5hbC8xLzIwMjItMDgtMjNUMTYlM0E0NCUzQTUzLjE1OTAwMCUyQjAwJTNBMDAvODU3MjE4XzEuanBn.jpg; https://imgproxy.sbermarket.ru/imgproxy/size-220-220-2x/czM6Ly9jb250ZW50LWltYWdlcy1wcm9kL3Byb2R1Y3RzLzg1NzIxOC9vcmlnaW5hbC8xLzIwMjItMDgtMjNUMTYlM0E0NCUzQTUzLjE1OTAwMCUyQjAwJTNBMDAvODU3MjE4XzEuanBn.webp 2x;39,99;52,69
проспект Альберта Камалеева, 32Б, Казань, Республика Татарстан;bakaleya;/lenta/ris-natsional-dlya-plova-srednezernyy-shlifovannyy-900-g-b0f5958?sid=57;Рис Националь Для плова среднезерный шлифованный 900 г;https://imgproxy.sbermarket.ru/imgproxy/size-220-220/czM6Ly9jb250ZW50LWltYWdlcy1wcm9kL3Byb2R1Y3RzLzU1NjUxL29yaWdpbmFsLzEvMjAyNC0wNC0wMVQxNCUzQTQ2JTNBMzQuMTE3ODQwJTJCMDAlM0EwMC81NTY1MV8xLmpwZw==.jpg; https://imgproxy.sbermarket.ru/imgproxy/size-220-220-2x/czM6Ly9jb250ZW50LWltYWdlcy1wcm9kL3Byb2R1Y3RzLzU1NjUxL29yaWdpbmFsLzEvMjAyNC0wNC0wMVQxNCUzQTQ2JTNBMzQuMTE3ODQwJTJCMDAlM0EwMC81NTY1MV8xLmpwZw==.webp 2x;136,89;-
проспект Альберта Камалеева, 32Б, Казань, Республика Татарстан;bakaleya;/lenta/soda-bsk-pischevaya-500-g-7da9f31?sid=57;Сода БСК пищевая 500 г;https://imgproxy.sbermarket.ru/imgproxy/size-220-220/aHR0cHM6Ly9pbWdwcm94eS5zYmVybWFya2V0LnJ1L2ltZ3Byb3h5L3dpZHRoLWF1dG8vY3pNNkx5OWpiMjUwWlc1MExXbHRZV2RsY3kxd2NtOWtMM0J5YjJSMVkzUnpMekkzTWpVek1pOXZjbWxuYVc1aGJDOHhMekl3TWpRdE1EUXRNamRVTVRrbE0wRTBOQ1V6UVRJekxqZzRNREEwT1NVeVFqQXdKVE5CTURBdk1qY3lOVE15WHpFdWFuQmxadz09LmpwZWc.jpg; https://imgproxy.sbermarket.ru/imgproxy/size-220-220-2x/aHR0cHM6Ly9pbWdwcm94eS5zYmVybWFya2V0LnJ1L2ltZ3Byb3h5L3dpZHRoLWF1dG8vY3pNNkx5OWpiMjUwWlc1MExXbHRZV2RsY3kxd2NtOWtMM0J5YjJSMVkzUnpMekkzTWpVek1pOXZjbWxuYVc1aGJDOHhMekl3TWpRdE1EUXRNamRVTVRrbE0wRTBOQ1V6UVRJekxqZzRNREEwT1NVeVFqQXdKVE5CTURBdk1qY3lOVE15WHpFdWFuQmxadz09LmpwZWc.webp 2x;45,29;-
проспект Альберта Камалеева, 32Б, Казань, Республика Татарстан;bakaleya;/lenta/makaronnye-izdeliya-pasteroni-dzhirandole-124-400-g?sid=57;Макаронные изделия Pasteroni Джирандоле № 124 400 г;https://imgproxy.sbermarket.ru/imgproxy/size-220-220/aHR0cHM6Ly9pbWdwcm94eS5zYmVybWFya2V0LnJ1L2ltZ3Byb3h5L3dpZHRoLWF1dG8vY3pNNkx5OWpiMjUwWlc1MExXbHRZV2RsY3kxd2NtOWtMM0J5YjJSMVkzUnpMek14TnpRMk9ESTNMMjl5YVdkcGJtRnNMekV2TWpBeU5DMHdNaTB5TjFReE15VXpRVFF4SlROQk1qUXVNVEE1TVRNekpUSkNNREFsTTBFd01DOHpNVGMwTmpneU4xOHhMbXB3WldjPS5qcGVn.jpg; https://imgproxy.sbermarket.ru/imgproxy/size-220-220-2x/aHR0cHM6Ly9pbWdwcm94eS5zYmVybWFya2V0LnJ1L2ltZ3Byb3h5L3dpZHRoLWF1dG8vY3pNNkx5OWpiMjUwWlc1MExXbHRZV2RsY3kxd2NtOWtMM0J5YjJSMVkzUnpMek14TnpRMk9ESTNMMjl5YVdkcGJtRnNMekV2TWpBeU5DMHdNaTB5TjFReE15VXpRVFF4SlROQk1qUXVNVEE1TVRNekpUSkNNREFsTTBFd01DOHpNVGMwTmpneU4xOHhMbXB3WldjPS5qcGVn.webp 2x;69,99;126,39
проспект Альберта Камалеева, 32Б, Казань, Республика Татарстан;bakaleya;/lenta/makaronnye-izdeliya-makfa-kapellini-450-g-a175155?sid=57;Макаронные изделия Makfa Капеллини 450 г;https://imgproxy.sbermarket.ru/imgproxy/size-220-220/czM6Ly9jb250ZW50LWltYWdlcy1wcm9kL3Byb2R1Y3RzLzE5MDYwODM3L29yaWdpbmFsLzEvMjAyMy0xMS0yOFQxNyUzQTQ3JTNBMDUuODk3ODk3JTJCMDAlM0EwMC8xOTA2MDgzN18xLmpwZw==.jpg; https://imgproxy.sbermarket.ru/imgproxy/size-220-220-2x/czM6Ly9jb250ZW50LWltYWdlcy1wcm9kL3Byb2R1Y3RzLzE5MDYwODM3L29yaWdpbmFsLzEvMjAyMy0xMS0yOFQxNyUzQTQ3JTNBMDUuODk3ODk3JTJCMDAlM0EwMC8xOTA2MDgzN18xLmpwZw==.webp 2x;49,99;84,29
проспект Альберта Камалеева, 32Б, Казань, Республика Татарстан;bakaleya;/lenta/krupa-shebekinskaya-mannaya-iz-tverdoy-pshenitsy-500-g-4613f28?sid=57;Крупа Шебекинская Манная из твердой пшеницы 500 г;https://imgproxy.sbermarket.ru/imgproxy/size-220-220/czM6Ly9jb250ZW50LWltYWdlcy1wcm9kL3Byb2R1Y3RzLzc5MTc1MC9vcmlnaW5hbC8xLzIwMjMtMTEtMzBUMTklM0EwNCUzQTA0LjE5MjEyOCUyQjAwJTNBMDAvNzkxNzUwXzEuanBn.jpg; https://imgproxy.sbermarket.ru/imgproxy/size-220-220-2x/czM6Ly9jb250ZW50LWltYWdlcy1wcm9kL3Byb2R1Y3RzLzc5MTc1MC9vcmlnaW5hbC8xLzIwMjMtMTEtMzBUMTklM0EwNCUzQTA0LjE5MjEyOCUyQjAwJTNBMDAvNzkxNzUwXzEuanBn.webp 2x;64,99;81,09
проспект Альберта Камалеева, 32Б, Казань, Республика Татарстан;bakaleya;/lenta/sahar-1-kg-1503dea?sid=57;Сахар 1 кг;https://imgproxy.sbermarket.ru/imgproxy/size-220-220/czM6Ly9jb250ZW50LWltYWdlcy1wcm9kL3Byb2R1Y3RzLzEzMTMzMTYvb3JpZ2luYWwvMS8yMDIyLTA4LTIzVDA3JTNBMzElM0E1Mi42MTQwMDAlMkIwMCUzQTAwLzEzMTMzMTZfMS5qcGc=.jpg; https://imgproxy.sbermarket.ru/imgproxy/size-220-220-2x/czM6Ly9jb250ZW50LWltYWdlcy1wcm9kL3Byb2R1Y3RzLzEzMTMzMTYvb3JpZ2luYWwvMS8yMDIyLTA4LTIzVDA3JTNBMzElM0E1Mi42MTQwMDAlMkIwMCUzQTAwLzEzMTMzMTZfMS5qcGc=.webp 2x;85,29;-
проспект Альберта Камалеева, 32Б, Казань, Республика Татарстан;bakaleya;/lenta/makaronnye-izdeliya-maltagliati-038-rozhki-450-g-7f3e768?sid=57;Макаронные изделия Maltagliati № 038 рожки 450 г;https://imgproxy.sbermarket.ru/imgproxy/size-220-220/czM6Ly9jb250ZW50LWltYWdlcy1wcm9kL3Byb2R1Y3RzLzE5MzQ2NDQzL29yaWdpbmFsLzEvMjAyMy0xMS0yOFQxNyUzQTQ1JTNBMTAuODgyNTQyJTJCMDAlM0EwMC8xOTM0NjQ0M18xLmpwZw==.jpg; https://imgproxy.sbermarket.ru/imgproxy/size-220-220-2x/czM6Ly9jb250ZW50LWltYWdlcy1wcm9kL3Byb2R1Y3RzLzE5MzQ2NDQzL29yaWdpbmFsLzEvMjAyMy0xMS0yOFQxNyUzQTQ1JTNBMTAuODgyNTQyJTJCMDAlM0EwMC8xOTM0NjQ0M18xLmpwZw==.webp 2x;79,99;105,29
проспект Альберта Камалеева, 32Б, Казань, Республика Татарстан;bakaleya;/lenta/ris-uvelka-kruglozernyy-v-varochnyh-paketikah-80-g-h-5-sht-8dda6bb?sid=57;Рис Увелка круглозерный в варочных пакетиках 80 г х 5 шт;https://imgproxy.sbermarket.ru/imgproxy/size-220-220/czM6Ly9jb250ZW50LWltYWdlcy1wcm9kL3Byb2R1Y3RzLzQ0NzYyL29yaWdpbmFsLzEvMjAyMy0xMS0yNFQxNiUzQTM0JTNBMDIuNDA3NDY2JTJCMDAlM0EwMC80NDc2Ml8xLmpwZw==.jpg; https://imgproxy.sbermarket.ru/imgproxy/size-220-220-2x/czM6Ly9jb250ZW50LWltYWdlcy1wcm9kL3Byb2R1Y3RzLzQ0NzYyL29yaWdpbmFsLzEvMjAyMy0xMS0yNFQxNiUzQTM0JTNBMDIuNDA3NDY2JTJCMDAlM0EwMC80NDc2Ml8xLmpwZw==.webp 2x;69,99;87,39
проспект Альберта Камалеева, 32Б, Казань, Республика Татарстан;bakaleya;/lenta/makaronnye-izdeliya-shebekinskie-400-babochki-350-g?sid=57;Макаронные изделия Шебекинские № 400 Бабочки 350 г;https://imgproxy.sbermarket.ru/imgproxy/size-220-220/czM6Ly9jb250ZW50LWltYWdlcy1wcm9kL3Byb2R1Y3RzLzE3Mjk4NzUzL29yaWdpbmFsLzEvMjAyMy0xMS0yNFQxNiUzQTQ5JTNBMzIuNDI0ODU1JTJCMDAlM0EwMC8xNzI5ODc1M18xLmpwZw==.jpg; https://imgproxy.sbermarket.ru/imgproxy/size-220-220-2x/czM6Ly9jb250ZW50LWltYWdlcy1wcm9kL3Byb2R1Y3RzLzE3Mjk4NzUzL29yaWdpbmFsLzEvMjAyMy0xMS0yNFQxNiUzQTQ5JTNBMzIuNDI0ODU1JTJCMDAlM0EwMC8xNzI5ODc1M18xLmpwZw==.webp 2x;66,99;89,49
проспект Альберта Камалеева, 32Б, Казань, Республика Татарстан;bakaleya;/lenta/makaronnye-izdeliya-lenta-rakushki-450-g?sid=57;Макаронные изделия Лента Ракушки 450 г;https://imgproxy.sbermarket.ru/imgproxy/size-220-220/czM6Ly9jb250ZW50LWltYWdlcy1wcm9kL3Byb2R1Y3RzLzI1ODAwMzQ2L29yaWdpbmFsLzEvMjAyMy0xMS0xNVQxNCUzQTM5JTNBMDMuMDMwNDk2JTJCMDAlM0EwMC8yNTgwMDM0Nl8xLmpwZw==.jpg; https://imgproxy.sbermarket.ru/imgproxy/size-220-220-2x/czM6Ly9jb250ZW50LWltYWdlcy1wcm9kL3Byb2R1Y3RzLzI1ODAwMzQ2L29yaWdpbmFsLzEvMjAyMy0xMS0xNVQxNCUzQTM5JTNBMDMuMDMwNDk2JTJCMDAlM0EwMC8yNTgwMDM0Nl8xLmpwZw==.webp 2x;39,99;63,19
проспект Альберта Камалеева, 32Б, Казань, Республика Татарстан;bakaleya;/lenta/krupa-grechnevaya-365-dney-yadritsa-800-g-1e26616?sid=57;Крупа гречневая 365 дней ядрица 800 г;https://imgproxy.sbermarket.ru/imgproxy/size-220-220/czM6Ly9jb250ZW50LWltYWdlcy1wcm9kL3Byb2R1Y3RzLzY2NjEwL29yaWdpbmFsLzEvMjAyMi0wOC0yMlQyMyUzQTMxJTNBMTguMzE5MDAwJTJCMDAlM0EwMC82NjYxMF8xLmpwZw==.jpg; https://imgproxy.sbermarket.ru/imgproxy/size-220-220-2x/czM6Ly9jb250ZW50LWltYWdlcy1wcm9kL3Byb2R1Y3RzLzY2NjEwL29yaWdpbmFsLzEvMjAyMi0wOC0yMlQyMyUzQTMxJTNBMTguMzE5MDAwJTJCMDAlM0EwMC82NjYxMF8xLmpwZw==.webp 2x;47,36;-
проспект Альберта Камалеева, 32Б, Казань, Республика Татарстан;bakaleya;/lenta/chechevitsa-lenta-krasnaya-450-g-2d9181d?sid=57;Чечевица Лента красная 450 г;https://imgproxy.sbermarket.ru/imgproxy/size-220-220/czM6Ly9jb250ZW50LWltYWdlcy1wcm9kL3Byb2R1Y3RzLzI0MTQyMDc0L29yaWdpbmFsLzEvMjAyMy0wNy0xMlQxMyUzQTM0JTNBMzcuNDYyNjYwJTJCMDAlM0EwMC8yNDE0MjA3NF8xLmpwZw==.jpg; https://imgproxy.sbermarket.ru/imgproxy/size-220-220-2x/czM6Ly9jb250ZW50LWltYWdlcy1wcm9kL3Byb2R1Y3RzLzI0MTQyMDc0L29yaWdpbmFsLzEvMjAyMy0wNy0xMlQxMyUzQTM0JTNBMzcuNDYyNjYwJTJCMDAlM0EwMC8yNDE0MjA3NF8xLmpwZw==.webp 2x;69,99;105,29
проспект Альберта Камалеева, 32Б, Казань, Республика Татарстан;bakaleya;/lenta/makaronnye-izdeliya-maltagliati-spagetti-4-450-g?sid=57;Макаронные изделия Maltagliati Спагетти № 4 450 г;https://imgproxy.sbermarket.ru/imgproxy/size-220-220/czM6Ly9jb250ZW50LWltYWdlcy1wcm9kL3Byb2R1Y3RzLzI2MzQ2MzA2L29yaWdpbmFsLzEvMjAyMy0xMC0wNlQxMiUzQTI2JTNBNDEuODc5NDA4JTJCMDAlM0EwMC8yNjM0NjMwNl8xLmpwZw==.jpg; https://imgproxy.sbermarket.ru/imgproxy/size-220-220-2x/czM6Ly9jb250ZW50LWltYWdlcy1wcm9kL3Byb2R1Y3RzLzI2MzQ2MzA2L29yaWdpbmFsLzEvMjAyMy0xMC0wNlQxMiUzQTI2JTNBNDEuODc5NDA4JTJCMDAlM0EwMC8yNjM0NjMwNl8xLmpwZw==.webp 2x;79,99;105,29
проспект Альберта Камалеева, 32Б, Казань, Республика Татарстан;bakaleya;/lenta/hlop-ya-ovsyanye-yasno-solnyshko-ekstra-2-800-g-959f874?sid=57;Хлопья овсяные Ясно Солнышко Экстра №2 800 г;https://imgproxy.sbermarket.ru/imgproxy/size-220-220/czM6Ly9jb250ZW50LWltYWdlcy1wcm9kL3Byb2R1Y3RzLzY4ODUzL29yaWdpbmFsLzEvMjAyMi0wOC0yM1QwNCUzQTI0JTNBNTQuODczMDAwJTJCMDAlM0EwMC82ODg1M18xLnBuZw==.png; https://imgproxy.sbermarket.ru/imgproxy/size-220-220-2x/czM6Ly9jb250ZW50LWltYWdlcy1wcm9kL3Byb2R1Y3RzLzY4ODUzL29yaWdpbmFsLzEvMjAyMi0wOC0yM1QwNCUzQTI0JTNBNTQuODczMDAwJTJCMDAlM0EwMC82ODg1M18xLnBuZw==.webp 2x;99,99;115,79
проспект Альберта Камалеева, 32Б, Казань, Республика Татарстан;bakaleya;/lenta/ris-agro-al-yans-ekstra-dlya-plova-900-g-f9b8549?sid=57;Рис Агро-Альянс Экстра для плова 900 г;https://imgproxy.sbermarket.ru/imgproxy/size-220-220/czM6Ly9jb250ZW50LWltYWdlcy1wcm9kL3Byb2R1Y3RzLzE3ODQ4NjM4L29yaWdpbmFsLzEvMjAyMi0xMi0wN1QxMyUzQTA1JTNBMzUuMzM5MTU0JTJCMDAlM0EwMC8xNzg0ODYzOF8xLmpwZw==.jpg; https://imgproxy.sbermarket.ru/imgproxy/size-220-220-2x/czM6Ly9jb250ZW50LWltYWdlcy1wcm9kL3Byb2R1Y3RzLzE3ODQ4NjM4L29yaWdpbmFsLzEvMjAyMi0xMi0wN1QxMyUzQTA1JTNBMzUuMzM5MTU0JTJCMDAlM0EwMC8xNzg0ODYzOF8xLmpwZw==.webp 2x;131,59;-
проспект Альберта Камалеева, 32Б, Казань, Республика Татарстан;bakaleya;/lenta/sol-povarennaya-iletskaya-vysshiy-sort-pischevaya-pomol-1-1-kg-2665c76?sid=57;Соль поваренная Илецкая высший сорт пищевая помол №1 1 кг;https://imgproxy.sbermarket.ru/imgproxy/size-220-220/czM6Ly9jb250ZW50LWltYWdlcy1wcm9kL3Byb2R1Y3RzLzEyNDcwMC9vcmlnaW5hbC8xLzIwMjMtMDEtMTJUMDclM0E1MiUzQTM1LjA5MDIzNyUyQjAwJTNBMDAvMTI0NzAwXzEuanBn.jpg; https://imgproxy.sbermarket.ru/imgproxy/size-220-220-2x/czM6Ly9jb250ZW50LWltYWdlcy1wcm9kL3Byb2R1Y3RzLzEyNDcwMC9vcmlnaW5hbC8xLzIwMjMtMDEtMTJUMDclM0E1MiUzQTM1LjA5MDIzNyUyQjAwJTNBMDAvMTI0NzAwXzEuanBn.webp 2x;29,39;-
проспект Альберта Камалеева, 32Б, Казань, Республика Татарстан;bakaleya;/lenta/krupa-grechnevaya-makfa-yadritsa-800-g-6a5fe83?sid=57;Крупа гречневая Makfa ядрица 800 г;https://imgproxy.sbermarket.ru/imgproxy/size-220-220/czM6Ly9jb250ZW50LWltYWdlcy1wcm9kL3Byb2R1Y3RzLzI2MjcwNC9vcmlnaW5hbC8xLzIwMjMtMTEtMzBUMTglM0E1MSUzQTA4Ljk5MTI1NiUyQjAwJTNBMDAvMjYyNzA0XzEuanBn.jpg; https://imgproxy.sbermarket.ru/imgproxy/size-220-220-2x/czM6Ly9jb250ZW50LWltYWdlcy1wcm9kL3Byb2R1Y3RzLzI2MjcwNC9vcmlnaW5hbC8xLzIwMjMtMTEtMzBUMTglM0E1MSUzQTA4Ljk5MTI1NiUyQjAwJTNBMDAvMjYyNzA0XzEuanBn.webp 2x;74,99;126,39
проспект Альберта Камалеева, 32Б, Казань, Республика Татарстан;bakaleya;/lenta/ris-lenta-kruglozernyy-900-g-6c7401e?sid=57;Рис Лента круглозерный 900 г;https://imgproxy.sbermarket.ru/imgproxy/size-220-220/czM6Ly9jb250ZW50LWltYWdlcy1wcm9kL3Byb2R1Y3RzLzY4NjE5L29yaWdpbmFsLzEvMjAyMi0wOC0yMlQxOSUzQTU1JTNBMTguODI5MDAwJTJCMDAlM0EwMC82ODYxOV8xLnBuZw==.png; https://imgproxy.sbermarket.ru/imgproxy/size-220-220-2x/czM6Ly9jb250ZW50LWltYWdlcy1wcm9kL3Byb2R1Y3RzLzY4NjE5L29yaWdpbmFsLzEvMjAyMi0wOC0yMlQxOSUzQTU1JTNBMTguODI5MDAwJTJCMDAlM0EwMC82ODYxOV8xLnBuZw==.webp 2x;94,99;115,79
проспект Альберта Камалеева, 32Б, Казань, Республика Татарстан;bakaleya;/lenta/kuskus-gotovo-s-tomatami-250-g-15278567?sid=57;Кускус Готово! с томатами 250 г;https://imgproxy.sbermarket.ru/imgproxy/size-220-220/czM6Ly9jb250ZW50LWltYWdlcy1wcm9kL3Byb2R1Y3RzLzE1Mjc4NTY3L29yaWdpbmFsLzEvMjAyMi0wOC0yMlQxNyUzQTU2JTNBMTkuNTcxMDAwJTJCMDAlM0EwMC8xNTI3ODU2N18xLmpwZw==.jpg; https://imgproxy.sbermarket.ru/imgproxy/size-220-220-2x/czM6Ly9jb250ZW50LWltYWdlcy1wcm9kL3Byb2R1Y3RzLzE1Mjc4NTY3L29yaWdpbmFsLzEvMjAyMi0wOC0yMlQxNyUzQTU2JTNBMTkuNTcxMDAwJTJCMDAlM0EwMC8xNTI3ODU2N18xLmpwZw==.webp 2x;129,99;168,49
проспект Альберта Камалеева, 32Б, Казань, Республика Татарстан;bakaleya;/lenta/makaronnye-izdeliya-grand-di-pasta-farfalle-400-g-9a00c13?sid=57;Макаронные изделия Grand di Pasta Farfalle 400 г;https://imgproxy.sbermarket.ru/imgproxy/size-220-220/czM6Ly9jb250ZW50LWltYWdlcy1wcm9kL3Byb2R1Y3RzLzI1NzA2Ni9vcmlnaW5hbC8xLzIwMjMtMTEtMjRUMTElM0E0OCUzQTA0LjAyOTY1MyUyQjAwJTNBMDAvMjU3MDY2XzEuanBn.jpg; https://imgproxy.sbermarket.ru/imgproxy/size-220-220-2x/czM6Ly9jb250ZW50LWltYWdlcy1wcm9kL3Byb2R1Y3RzLzI1NzA2Ni9vcmlnaW5hbC8xLzIwMjMtMTEtMjRUMTElM0E0OCUzQTA0LjAyOTY1MyUyQjAwJTNBMDAvMjU3MDY2XzEuanBn.webp 2x;64,99;121,09
проспект Альберта Камалеева, 32Б, Казань, Республика Татарстан;bakaleya;/lenta/makaronnye-izdeliya-makfa-tsvetochki-450-g-1b91a21?sid=57;Макаронные изделия Makfа Цветочки 450 г;https://imgproxy.sbermarket.ru/imgproxy/size-220-220/czM6Ly9jb250ZW50LWltYWdlcy1wcm9kL3Byb2R1Y3RzLzI0NjY4OS9vcmlnaW5hbC8xLzIwMjMtMTEtMzBUMTglM0E0OCUzQTM5Ljg5NjQ2OCUyQjAwJTNBMDAvMjQ2Njg5XzEuanBn.jpg; https://imgproxy.sbermarket.ru/imgproxy/size-220-220-2x/czM6Ly9jb250ZW50LWltYWdlcy1wcm9kL3Byb2R1Y3RzLzI0NjY4OS9vcmlnaW5hbC8xLzIwMjMtMTEtMzBUMTglM0E0OCUzQTM5Ljg5NjQ2OCUyQjAwJTNBMDAvMjQ2Njg5XzEuanBn.webp 2x;59,99;84,29
проспект Альберта Камалеева, 32Б, Казань, Республика Татарстан;bakaleya;/lenta/makaronnye-izdeliya-maltagliati-102-spiral-liguriyskaya-450-g-4970522?sid=57;Макаронные изделия Maltagliati 102 Спираль Лигурийская 450 г;https://imgproxy.sbermarket.ru/imgproxy/size-220-220/czM6Ly9jb250ZW50LWltYWdlcy1wcm9kL3Byb2R1Y3RzLzE5MzAyNTAwL29yaWdpbmFsLzEvMjAyMy0wMS0xN1QxMiUzQTM4JTNBMDAuNDE0MDAwJTJCMDAlM0EwMC8xOTMwMjUwMF8xLmpwZw==.jpg; https://imgproxy.sbermarket.ru/imgproxy/size-220-220-2x/czM6Ly9jb250ZW50LWltYWdlcy1wcm9kL3Byb2R1Y3RzLzE5MzAyNTAwL29yaWdpbmFsLzEvMjAyMy0wMS0xN1QxMiUzQTM4JTNBMDAuNDE0MDAwJTJCMDAlM0EwMC8xOTMwMjUwMF8xLmpwZw==.webp 2x;79,99;105,29
проспект Альберта Камалеева, 32Б, Казань, Республика Татарстан;bakaleya;/lenta/makaronnye-izdeliya-shebekinskie-gnezda-450-g-e75730b?sid=57;Макаронные изделия Шебекинские Гнезда 450 г;https://imgproxy.sbermarket.ru/imgproxy/size-220-220/czM6Ly9jb250ZW50LWltYWdlcy1wcm9kL3Byb2R1Y3RzLzI2MjgwL29yaWdpbmFsLzEvMjAyMi0wOS0xNVQxMiUzQTE3JTNBMDAuMDA4MDAwJTJCMDAlM0EwMC8yNjI4MF8xLmpwZw==.jpg; https://imgproxy.sbermarket.ru/imgproxy/size-220-220-2x/czM6Ly9jb250ZW50LWltYWdlcy1wcm9kL3Byb2R1Y3RzLzI2MjgwL29yaWdpbmFsLzEvMjAyMi0wOS0xNVQxMiUzQTE3JTNBMDAuMDA4MDAwJTJCMDAlM0EwMC8yNjI4MF8xLmpwZw==.webp 2x;66,99;110,59
проспект Альберта Камалеева, 32Б, Казань, Республика Татарстан;bakaleya;/lenta/makaronnye-izdeliya-shebekinskie-193-rakushka-malen-kaya-450-g?sid=57;Макаронные изделия Шебекинские № 193 Ракушка маленькая 450 г;https://imgproxy.sbermarket.ru/imgproxy/size-220-220/czM6Ly9jb250ZW50LWltYWdlcy1wcm9kL3Byb2R1Y3RzLzEwNjA4Mi9vcmlnaW5hbC8xLzIwMjQtMDQtMTdUMDclM0ExNyUzQTM4LjUyNjU1MCUyQjAwJTNBMDAvMTA2MDgyXzEuanBn.jpg; https://imgproxy.sbermarket.ru/imgproxy/size-220-220-2x/czM6Ly9jb250ZW50LWltYWdlcy1wcm9kL3Byb2R1Y3RzLzEwNjA4Mi9vcmlnaW5hbC8xLzIwMjQtMDQtMTdUMDclM0ExNyUzQTM4LjUyNjU1MCUyQjAwJTNBMDAvMTA2MDgyXzEuanBn.webp 2x;62,99;78,99
проспект Альберта Камалеева, 32Б, Казань, Республика Татарстан;bakaleya;/lenta/ris-agro-al-yans-ekstra-elitnyy-kubanskiy-900-g-0ca6fa1?sid=57;Рис Агро-Альянс Экстра Элитный Кубанский 900 г;https://imgproxy.sbermarket.ru/imgproxy/size-220-220/czM6Ly9jb250ZW50LWltYWdlcy1wcm9kL3Byb2R1Y3RzLzE3ODQ4NjM2L29yaWdpbmFsLzEvMjAyMi0xMi0wN1QxMyUzQTA1JTNBMzQuOTg1OTU3JTJCMDAlM0EwMC8xNzg0ODYzNl8xLmpwZw==.jpg; https://imgproxy.sbermarket.ru/imgproxy/size-220-220-2x/czM6Ly9jb250ZW50LWltYWdlcy1wcm9kL3Byb2R1Y3RzLzE3ODQ4NjM2L29yaWdpbmFsLzEvMjAyMi0xMi0wN1QxMyUzQTA1JTNBMzQuOTg1OTU3JTJCMDAlM0EwMC8xNzg0ODYzNl8xLmpwZw==.webp 2x;109,99;136,89
проспект Альберта Камалеева, 32Б, Казань, Республика Татарстан;bakaleya;/lenta/makaronnye-izdeliya-makfa-zvezdochki-dlya-zapravki-supov-i-bul-onov-250-g-8b2e0f0?sid=57;Макаронные изделия Makfa Звездочки для заправки супов и...;https://imgproxy.sbermarket.ru/imgproxy/size-220-220/czM6Ly9jb250ZW50LWltYWdlcy1wcm9kL3Byb2R1Y3RzLzU1NzY1L29yaWdpbmFsLzEvMjAyMy0wMi0yN1QxMiUzQTIwJTNBNTYuNjEyMDAwJTJCMDAlM0EwMC81NTc2NV8xLmpwZw==.jpg; https://imgproxy.sbermarket.ru/imgproxy/size-220-220-2x/czM6Ly9jb250ZW50LWltYWdlcy1wcm9kL3Byb2R1Y3RzLzU1NzY1L29yaWdpbmFsLzEvMjAyMy0wMi0yN1QxMiUzQTIwJTNBNTYuNjEyMDAwJTJCMDAlM0EwMC81NTc2NV8xLmpwZw==.webp 2x;47,99;68,49
проспект Альберта Камалеева, 32Б, Казань, Республика Татарстан;bakaleya;/lenta/muka-lenta-pshenichnaya-hlebopekarnaya-vysshiy-sort-2-kg-ce851a6?sid=57;Мука Лента пшеничная хлебопекарная высший сорт 2 кг;https://imgproxy.sbermarket.ru/imgproxy/size-220-220/czM6Ly9jb250ZW50LWltYWdlcy1wcm9kL3Byb2R1Y3RzLzE5ODc4My9vcmlnaW5hbC8xLzIwMjMtMDktMjFUMDclM0E0MCUzQTA1LjI5NTg1OCUyQjAwJTNBMDAvMTk4NzgzXzEuanBn.jpg; https://imgproxy.sbermarket.ru/imgproxy/size-220-220-2x/czM6Ly9jb250ZW50LWltYWdlcy1wcm9kL3Byb2R1Y3RzLzE5ODc4My9vcmlnaW5hbC8xLzIwMjMtMDktMjFUMDclM0E0MCUzQTA1LjI5NTg1OCUyQjAwJTNBMDAvMTk4NzgzXzEuanBn.webp 2x;74,99;89,49
проспект Альберта Камалеева, 32Б, Казань, Республика Татарстан;bakaleya;/lenta/makaronnye-izdeliya-pasteroni-pipe-rigate-129-400-g-22f4431?sid=57;Макаронные изделия Pasteroni Пипе ригате № 129 400 г;https://imgproxy.sbermarket.ru/imgproxy/size-220-220/czM6Ly9jb250ZW50LWltYWdlcy1wcm9kL3Byb2R1Y3RzLzEyMjU4MS9vcmlnaW5hbC8xLzIwMjMtMDktMTlUMTYlM0ExNiUzQTA0LjM2NDUzNyUyQjAwJTNBMDAvMTIyNTgxXzEuanBn.jpg; https://imgproxy.sbermarket.ru/imgproxy/size-220-220-2x/czM6Ly9jb250ZW50LWltYWdlcy1wcm9kL3Byb2R1Y3RzLzEyMjU4MS9vcmlnaW5hbC8xLzIwMjMtMDktMTlUMTYlM0ExNiUzQTA0LjM2NDUzNyUyQjAwJTNBMDAvMTIyNTgxXzEuanBn.webp 2x;69,99;110,59
проспект Альберта Камалеева, 32Б, Казань, Республика Татарстан;bakaleya;/lenta/ris-vybor-sem-i-dlya-plova-700-g?sid=57;Рис Выбор Семьи для плова 700 г;https://imgproxy.sbermarket.ru/imgproxy/size-220-220/czM6Ly9jb250ZW50LWltYWdlcy1wcm9kL3Byb2R1Y3RzLzMwODQ2MTE4L29yaWdpbmFsLzEvMjAyNC0wMy0xMlQwNyUzQTI0JTNBNDguODkyNDMyJTJCMDAlM0EwMC8zMDg0NjExOF8xLmpwZw==.jpg; https://imgproxy.sbermarket.ru/imgproxy/size-220-220-2x/czM6Ly9jb250ZW50LWltYWdlcy1wcm9kL3Byb2R1Y3RzLzMwODQ2MTE4L29yaWdpbmFsLzEvMjAyNC0wMy0xMlQwNyUzQTI0JTNBNDguODkyNDMyJTJCMDAlM0EwMC8zMDg0NjExOF8xLmpwZw==.webp 2x;79,99;94,79
проспект Альберта Камалеева, 32Б, Казань, Республика Татарстан;bakaleya;/lenta/sup-maggi-zvezdochki-54-g-eac6c07?sid=57;Суп Maggi звездочки 54 г;https://imgproxy.sbermarket.ru/imgproxy/size-220-220/czM6Ly9jb250ZW50LWltYWdlcy1wcm9kL3Byb2R1Y3RzLzU1NDQ1L29yaWdpbmFsLzEvMjAyMy0xMC0xOVQxMiUzQTU0JTNBNDMuMTM2MjExJTJCMDAlM0EwMC81NTQ0NV8xLmpwZw==.jpg; https://imgproxy.sbermarket.ru/imgproxy/size-220-220-2x/czM6Ly9jb250ZW50LWltYWdlcy1wcm9kL3Byb2R1Y3RzLzU1NDQ1L29yaWdpbmFsLzEvMjAyMy0xMC0xOVQxMiUzQTU0JTNBNDMuMTM2MjExJTJCMDAlM0EwMC81NTQ0NV8xLmpwZw==.webp 2x;39,99;52,69
проспект Альберта Камалеева, 32Б, Казань, Республика Татарстан;bakaleya;/lenta/makaronnye-izdeliya-pasteroni-spagetti-114-450-g?sid=57;Макаронные изделия Pasteroni Спагетти № 114 450 г;https://imgproxy.sbermarket.ru/imgproxy/size-220-220/czM6Ly9jb250ZW50LWltYWdlcy1wcm9kL3Byb2R1Y3RzLzY1OTEzL29yaWdpbmFsLzEvMjAyMy0wOS0xOVQxNiUzQTE1JTNBNTQuMzAwODc5JTJCMDAlM0EwMC82NTkxM18xLmpwZw==.jpg; https://imgproxy.sbermarket.ru/imgproxy/size-220-220-2x/czM6Ly9jb250ZW50LWltYWdlcy1wcm9kL3Byb2R1Y3RzLzY1OTEzL29yaWdpbmFsLzEvMjAyMy0wOS0xOVQxNiUzQTE1JTNBNTQuMzAwODc5JTJCMDAlM0EwMC82NTkxM18xLmpwZw==.webp 2x;69,99;110,59
проспект Альберта Камалеева, 32Б, Казань, Республика Татарстан;bakaleya;/lenta/chechevitsa-mistral-persidskaya-krasnaya-kolotaya-450-g-a8f1573?sid=57;Чечевица Мистраль Персидская красная колотая 450 г;https://imgproxy.sbermarket.ru/imgproxy/size-220-220/czM6Ly9jb250ZW50LWltYWdlcy1wcm9kL3Byb2R1Y3RzLzEwOTYxNTEvb3JpZ2luYWwvMS8yMDIzLTExLTMwVDE4JTNBMzQlM0E0NC4yMTI2MjYlMkIwMCUzQTAwLzEwOTYxNTFfMS5qcGc=.jpg; https://imgproxy.sbermarket.ru/imgproxy/size-220-220-2x/czM6Ly9jb250ZW50LWltYWdlcy1wcm9kL3Byb2R1Y3RzLzEwOTYxNTEvb3JpZ2luYWwvMS8yMDIzLTExLTMwVDE4JTNBMzQlM0E0NC4yMTI2MjYlMkIwMCUzQTAwLzEwOTYxNTFfMS5qcGc=.webp 2x;149,99;210,59
проспект Альберта Камалеева, 32Б, Казань, Республика Татарстан;bakaleya;/lenta/makaronnye-izdeliya-makfa-rakushki-450-g-78fb07d?sid=57;Макаронные изделия Makfa Ракушки 450 г;https://imgproxy.sbermarket.ru/imgproxy/size-220-220/czM6Ly9jb250ZW50LWltYWdlcy1wcm9kL3Byb2R1Y3RzLzk0NTgyL29yaWdpbmFsLzEvMjAyMy0xMS0yNFQxNiUzQTI1JTNBNDQuNTk5ODc2JTJCMDAlM0EwMC85NDU4Ml8xLmpwZw==.jpg; https://imgproxy.sbermarket.ru/imgproxy/size-220-220-2x/czM6Ly9jb250ZW50LWltYWdlcy1wcm9kL3Byb2R1Y3RzLzk0NTgyL29yaWdpbmFsLzEvMjAyMy0xMS0yNFQxNiUzQTI1JTNBNDQuNTk5ODc2JTJCMDAlM0EwMC85NDU4Ml8xLmpwZw==.webp 2x;59,99;84,29
проспект Альберта Камалеева, 32Б, Казань, Республика Татарстан;bakaleya;/lenta/makaronnye-izdeliya-maltagliati-lingvini-010-450-g-6ea35ab?sid=57;Макаронные изделия Maltagliati Лингвини № 010 450 г;https://imgproxy.sbermarket.ru/imgproxy/size-220-220/czM6Ly9jb250ZW50LWltYWdlcy1wcm9kL3Byb2R1Y3RzLzE4OTA5NTg1L29yaWdpbmFsLzEvMjAyMi0wOC0yM1QwMiUzQTU1JTNBMzguMTk2MDAwJTJCMDAlM0EwMC8xODkwOTU4NV8xLmpwZw==.jpg; https://imgproxy.sbermarket.ru/imgproxy/size-220-220-2x/czM6Ly9jb250ZW50LWltYWdlcy1wcm9kL3Byb2R1Y3RzLzE4OTA5NTg1L29yaWdpbmFsLzEvMjAyMi0wOC0yM1QwMiUzQTU1JTNBMzguMTk2MDAwJTJCMDAlM0EwMC8xODkwOTU4NV8xLmpwZw==.webp 2x;79,99;105,29
проспект Альберта Камалеева, 32Б, Казань, Республика Татарстан;bakaleya;/lenta/makaronnye-izdeliya-shebekinskie-lingvini-011-450-g?sid=57;Макаронные изделия Шебекинские Лингвини № 011 450 г;https://imgproxy.sbermarket.ru/imgproxy/size-220-220/czM6Ly9jb250ZW50LWltYWdlcy1wcm9kL3Byb2R1Y3RzLzc5MTc3NS9vcmlnaW5hbC8xLzIwMjItMDgtMjNUMDglM0EyMiUzQTIzLjIzNDAwMCUyQjAwJTNBMDAvNzkxNzc1XzEuanBn.jpg; https://imgproxy.sbermarket.ru/imgproxy/size-220-220-2x/czM6Ly9jb250ZW50LWltYWdlcy1wcm9kL3Byb2R1Y3RzLzc5MTc3NS9vcmlnaW5hbC8xLzIwMjItMDgtMjNUMDglM0EyMiUzQTIzLjIzNDAwMCUyQjAwJTNBMDAvNzkxNzc1XzEuanBn.webp 2x;62,99;78,99
проспект Альберта Камалеева, 32Б, Казань, Республика Татарстан;bakaleya;/lenta/detskiy-supchik-yelli-kids-gorohovyy-100-g-9689597?sid=57;Детский супчик Yelli Kids Гороховый 100 г;https://imgproxy.sbermarket.ru/imgproxy/size-220-220/czM6Ly9jb250ZW50LWltYWdlcy1wcm9kL3Byb2R1Y3RzLzYxNjc3L29yaWdpbmFsLzEvMjAyMi0wOC0yM1QyMCUzQTQyJTNBMjguOTU1MDAwJTJCMDAlM0EwMC82MTY3N18xLmpwZw==.jpg; https://imgproxy.sbermarket.ru/imgproxy/size-220-220-2x/czM6Ly9jb250ZW50LWltYWdlcy1wcm9kL3Byb2R1Y3RzLzYxNjc3L29yaWdpbmFsLzEvMjAyMi0wOC0yM1QyMCUzQTQyJTNBMjguOTU1MDAwJTJCMDAlM0EwMC82MTY3N18xLmpwZw==.webp 2x;69,99;88,49
проспект Альберта Камалеева, 32Б, Казань, Республика Татарстан;bakaleya;/lenta/sol-pischevaya-ekstra-yodirovannaya-500-g-6251ee3?sid=57;Соль пищевая Экстра йодированная 500 г;https://imgproxy.sbermarket.ru/imgproxy/size-220-220/czM6Ly9jb250ZW50LWltYWdlcy1wcm9kL3Byb2R1Y3RzLzIyMTA3NzAyL29yaWdpbmFsLzEvMjAyMy0xMS0yOFQxNyUzQTU4JTNBNTguNDE0MDM2JTJCMDAlM0EwMC8yMjEwNzcwMl8xLmpwZw==.jpg; https://imgproxy.sbermarket.ru/imgproxy/size-220-220-2x/czM6Ly9jb250ZW50LWltYWdlcy1wcm9kL3Byb2R1Y3RzLzIyMTA3NzAyL29yaWdpbmFsLzEvMjAyMy0xMS0yOFQxNyUzQTU4JTNBNTguNDE0MDM2JTJCMDAlM0EwMC8yMjEwNzcwMl8xLmpwZw==.webp 2x;68,49;-
проспект Альберта Камалеева, 32Б, Казань, Республика Татарстан;bakaleya;/lenta/makaronnye-izdeliya-marco-panatti-rakushki-800-g?sid=57;Макаронные изделия Marco Panatti Ракушки 800 г;https://imgproxy.sbermarket.ru/imgproxy/size-220-220/czM6Ly9jb250ZW50LWltYWdlcy1wcm9kL3Byb2R1Y3RzLzIzODI3NTY4L29yaWdpbmFsLzEvMjAyMy0wNC0yOFQxNSUzQTE5JTNBNDUuMTM3MTcwJTJCMDAlM0EwMC8yMzgyNzU2OF8xLmpwZw==.jpg; https://imgproxy.sbermarket.ru/imgproxy/size-220-220-2x/czM6Ly9jb250ZW50LWltYWdlcy1wcm9kL3Byb2R1Y3RzLzIzODI3NTY4L29yaWdpbmFsLzEvMjAyMy0wNC0yOFQxNSUzQTE5JTNBNDUuMTM3MTcwJTJCMDAlM0EwMC8yMzgyNzU2OF8xLmpwZw==.webp 2x;59,99;89,49
проспект Альберта Камалеева, 32Б, Казань, Республика Татарстан;bakaleya;/lenta/hlop-ya-365-dney-gerkules-ovsyanye-400-g-d21c06f?sid=57;Хлопья 365 дней Геркулес овсяные 400 г;https://imgproxy.sbermarket.ru/imgproxy/size-220-220/czM6Ly9jb250ZW50LWltYWdlcy1wcm9kL3Byb2R1Y3RzLzY4NzM0L29yaWdpbmFsLzEvMjAyMi0wOC0yMlQxNyUzQTI4JTNBNTIuNzcxMDAwJTJCMDAlM0EwMC82ODczNF8xLmpwZw==.jpg; https://imgproxy.sbermarket.ru/imgproxy/size-220-220-2x/czM6Ly9jb250ZW50LWltYWdlcy1wcm9kL3Byb2R1Y3RzLzY4NzM0L29yaWdpbmFsLzEvMjAyMi0wOC0yMlQxNyUzQTI4JTNBNTIuNzcxMDAwJTJCMDAlM0EwMC82ODczNF8xLmpwZw==.webp 2x;19,99;-
проспект Альберта Камалеева, 32Б, Казань, Республика Татарстан;bakaleya;/lenta/makaronnye-izdeliya-tsar-lapsha-grechnevaya-400-g-0118ceb?sid=57;Макаронные изделия Царь Лапша гречневая 400 г;https://imgproxy.sbermarket.ru/imgproxy/size-220-220/czM6Ly9jb250ZW50LWltYWdlcy1wcm9kL3Byb2R1Y3RzLzI0NjY1NS9vcmlnaW5hbC8xLzIwMjQtMDMtMDRUMTQlM0EyNSUzQTEyLjcxODgxNCUyQjAwJTNBMDAvMjQ2NjU1XzEuanBn.jpg; https://imgproxy.sbermarket.ru/imgproxy/size-220-220-2x/czM6Ly9jb250ZW50LWltYWdlcy1wcm9kL3Byb2R1Y3RzLzI0NjY1NS9vcmlnaW5hbC8xLzIwMjQtMDMtMDRUMTQlM0EyNSUzQTEyLjcxODgxNCUyQjAwJTNBMDAvMjQ2NjU1XzEuanBn.webp 2x;39,99;55,79
проспект Альберта Камалеева, 32Б, Казань, Республика Татарстан;bakaleya;/lenta/chechevitsa-agro-al-yans-ekstra-krasnaya-450-g-3e55970?sid=57;Чечевица Агро-Альянс Экстра красная 450 г;https://imgproxy.sbermarket.ru/imgproxy/size-220-220/czM6Ly9jb250ZW50LWltYWdlcy1wcm9kL3Byb2R1Y3RzLzIyNTQ3Mi9vcmlnaW5hbC8xLzIwMjItMTItMjBUMTElM0E1MiUzQTU2LjYzODU0MyUyQjAwJTNBMDAvMjI1NDcyXzEuanBn.jpg; https://imgproxy.sbermarket.ru/imgproxy/size-220-220-2x/czM6Ly9jb250ZW50LWltYWdlcy1wcm9kL3Byb2R1Y3RzLzIyNTQ3Mi9vcmlnaW5hbC8xLzIwMjItMTItMjBUMTElM0E1MiUzQTU2LjYzODU0MyUyQjAwJTNBMDAvMjI1NDcyXzEuanBn.webp 2x;109,99;147,39
проспект Альберта Камалеева, 32Б, Казань, Республика Татарстан;bakaleya;/lenta/makaronnye-izdeliya-makfa-ekspress-spiral-ki-400-g-6b746e1?sid=57;Макаронные изделия Makfa Экспресс Спиральки 400 г;https://imgproxy.sbermarket.ru/imgproxy/size-220-220/czM6Ly9jb250ZW50LWltYWdlcy1wcm9kL3Byb2R1Y3RzLzU1NzYyL29yaWdpbmFsLzEvMjAyMy0xMS0yNFQxNiUzQTM4JTNBMDUuMjk3Mjg1JTJCMDAlM0EwMC81NTc2Ml8xLmpwZw==.jpg; https://imgproxy.sbermarket.ru/imgproxy/size-220-220-2x/czM6Ly9jb250ZW50LWltYWdlcy1wcm9kL3Byb2R1Y3RzLzU1NzYyL29yaWdpbmFsLzEvMjAyMy0xMS0yNFQxNiUzQTM4JTNBMDUuMjk3Mjg1JTJCMDAlM0EwMC81NTc2Ml8xLmpwZw==.webp 2x;54,99;84,29
проспект Альберта Камалеева, 32Б, Казань, Республика Татарстан;bakaleya;/lenta/makaronnye-izdeliya-makfa-tal-yatelle-gnezda-450-g-4d600d1?sid=57;Макаронные изделия Makfa Тальятелле гнезда 450 г;https://imgproxy.sbermarket.ru/imgproxy/size-220-220/czM6Ly9jb250ZW50LWltYWdlcy1wcm9kL3Byb2R1Y3RzLzM2MDgwL29yaWdpbmFsLzEvMjAyMy0xMS0yNFQxNiUzQTMxJTNBNTAuMjg3OTEyJTJCMDAlM0EwMC8zNjA4MF8xLmpwZw==.jpg; https://imgproxy.sbermarket.ru/imgproxy/size-220-220-2x/czM6Ly9jb250ZW50LWltYWdlcy1wcm9kL3Byb2R1Y3RzLzM2MDgwL29yaWdpbmFsLzEvMjAyMy0xMS0yNFQxNiUzQTMxJTNBNTAuMjg3OTEyJTJCMDAlM0EwMC8zNjA4MF8xLmpwZw==.webp 2x;94,99;121,09
проспект Альберта Камалеева, 32Б, Казань, Республика Татарстан;bakaleya;/lenta/mash-lenta-450-g-70f151b?sid=57;Маш Лента 450 г;https://imgproxy.sbermarket.ru/imgproxy/size-220-220/czM6Ly9jb250ZW50LWltYWdlcy1wcm9kL3Byb2R1Y3RzLzkwMDAwMi9vcmlnaW5hbC8xLzIwMjItMDgtMjJUMTklM0EyMiUzQTUwLjYxNTAwMCUyQjAwJTNBMDAvOTAwMDAyXzEucG5n.png; https://imgproxy.sbermarket.ru/imgproxy/size-220-220-2x/czM6Ly9jb250ZW50LWltYWdlcy1wcm9kL3Byb2R1Y3RzLzkwMDAwMi9vcmlnaW5hbC8xLzIwMjItMDgtMjJUMTklM0EyMiUzQTUwLjYxNTAwMCUyQjAwJTNBMDAvOTAwMDAyXzEucG5n.webp 2x;99,99;115,79
проспект Альберта Камалеева, 32Б, Казань, Республика Татарстан;bakaleya;/lenta/sol-morskaya-4life-yodirovannaya-melkaya-500-g-69254d8?sid=57;Соль морская 4Life йодированная мелкая 500 г;https://imgproxy.sbermarket.ru/imgproxy/size-220-220/czM6Ly9jb250ZW50LWltYWdlcy1wcm9kL3Byb2R1Y3RzLzI2Mzk2NDU0L29yaWdpbmFsLzEvMjAyMy0wOS0xMlQwNyUzQTI4JTNBNTIuNjU0MjczJTJCMDAlM0EwMC8yNjM5NjQ1NF8xLmpwZw==.jpg; https://imgproxy.sbermarket.ru/imgproxy/size-220-220-2x/czM6Ly9jb250ZW50LWltYWdlcy1wcm9kL3Byb2R1Y3RzLzI2Mzk2NDU0L29yaWdpbmFsLzEvMjAyMy0wOS0xMlQwNyUzQTI4JTNBNTIuNjU0MjczJTJCMDAlM0EwMC8yNjM5NjQ1NF8xLmpwZw==.webp 2x;54,99;71,49
проспект Альберта Камалеева, 32Б, Казань, Республика Татарстан;bakaleya;/lenta/ris-365-dney-dlinnozernyy-800-g-914e64a?sid=57;Рис 365 дней длиннозерный 800 г;https://imgproxy.sbermarket.ru/imgproxy/size-220-220/czM6Ly9jb250ZW50LWltYWdlcy1wcm9kL3Byb2R1Y3RzLzY4ODAxL29yaWdpbmFsLzEvMjAyMi0wOC0yM1QxMiUzQTI1JTNBNTAuODI3MDAwJTJCMDAlM0EwMC82ODgwMV8xLmpwZw==.jpg; https://imgproxy.sbermarket.ru/imgproxy/size-220-220-2x/czM6Ly9jb250ZW50LWltYWdlcy1wcm9kL3Byb2R1Y3RzLzY4ODAxL29yaWdpbmFsLzEvMjAyMi0wOC0yM1QxMiUzQTI1JTNBNTAuODI3MDAwJTJCMDAlM0EwMC82ODgwMV8xLmpwZw==.webp 2x;71,57;-
проспект Альберта Камалеева, 32Б, Казань, Республика Татарстан;bakaleya;/lenta/razryhlitel-testa-lenta-10-g-092065d?sid=57;Разрыхлитель теста Лента 10 г;https://imgproxy.sbermarket.ru/imgproxy/size-220-220/czM6Ly9jb250ZW50LWltYWdlcy1wcm9kL3Byb2R1Y3RzLzE5OTI4MC9vcmlnaW5hbC8xLzIwMjMtMDgtMjJUMDclM0E0NCUzQTE5LjU5NDcyMCUyQjAwJTNBMDAvMTk5MjgwXzEuanBn.jpg; https://imgproxy.sbermarket.ru/imgproxy/size-220-220-2x/czM6Ly9jb250ZW50LWltYWdlcy1wcm9kL3Byb2R1Y3RzLzE5OTI4MC9vcmlnaW5hbC8xLzIwMjMtMDgtMjJUMDclM0E0NCUzQTE5LjU5NDcyMCUyQjAwJTNBMDAvMTk5MjgwXzEuanBn.webp 2x;4,99;6,39
проспект Альберта Камалеева, 32Б, Казань, Республика Татарстан;bakaleya;/lenta/hlop-ya-russkiy-produkt-traditsionnyy-gerkules-ovsyanye-iz-tsel-nogo-zerna-500-g?sid=57;Хлопья Русский Продукт Традиционный геркулес овсяные из...;https://imgproxy.sbermarket.ru/imgproxy/size-220-220/czM6Ly9jb250ZW50LWltYWdlcy1wcm9kL3Byb2R1Y3RzLzE0MjM2Mjcvb3JpZ2luYWwvMS8yMDI0LTAzLTI2VDA4JTNBMjUlM0EyNS44OTMzNTUlMkIwMCUzQTAwLzE0MjM2MjdfMS5qcGc=.jpg; https://imgproxy.sbermarket.ru/imgproxy/size-220-220-2x/czM6Ly9jb250ZW50LWltYWdlcy1wcm9kL3Byb2R1Y3RzLzE0MjM2Mjcvb3JpZ2luYWwvMS8yMDI0LTAzLTI2VDA4JTNBMjUlM0EyNS44OTMzNTUlMkIwMCUzQTAwLzE0MjM2MjdfMS5qcGc=.webp 2x;66,99;87,39
проспект Альберта Камалеева, 32Б, Казань, Республика Татарстан;bakaleya;/lenta/ris-passim-zhasmin-milk-aroma-500-g-4be46e9?sid=57;Рис Passim Жасмин Milk Aroma 500 г;https://imgproxy.sbermarket.ru/imgproxy/size-220-220/czM6Ly9jb250ZW50LWltYWdlcy1wcm9kL3Byb2R1Y3RzLzE1ODUxODIvb3JpZ2luYWwvMS8yMDIyLTA4LTIzVDIyJTNBMzIlM0EyNS44MjUwMDAlMkIwMCUzQTAwLzE1ODUxODJfMS5qcGc=.jpg; https://imgproxy.sbermarket.ru/imgproxy/size-220-220-2x/czM6Ly9jb250ZW50LWltYWdlcy1wcm9kL3Byb2R1Y3RzLzE1ODUxODIvb3JpZ2luYWwvMS8yMDIyLTA4LTIzVDIyJTNBMzIlM0EyNS44MjUwMDAlMkIwMCUzQTAwLzE1ODUxODJfMS5qcGc=.webp 2x;119,99;157,89
проспект Альберта Камалеева, 32Б, Казань, Республика Татарстан;bakaleya;/lenta/krupa-pshenichnaya-uvelka-v-varochnyh-paketikah-80-g-h-5-sht-d4fb5a4?sid=57;Крупа пшеничная Увелка в варочных пакетиках 80 г х 5 шт;https://imgproxy.sbermarket.ru/imgproxy/size-220-220/czM6Ly9jb250ZW50LWltYWdlcy1wcm9kL3Byb2R1Y3RzLzQ0NzU5L29yaWdpbmFsLzEvMjAyMy0xMS0yNFQxNiUzQTM0JTNBMDEuNzgyMzk1JTJCMDAlM0EwMC80NDc1OV8xLmpwZw==.jpg; https://imgproxy.sbermarket.ru/imgproxy/size-220-220-2x/czM6Ly9jb250ZW50LWltYWdlcy1wcm9kL3Byb2R1Y3RzLzQ0NzU5L29yaWdpbmFsLzEvMjAyMy0xMS0yNFQxNiUzQTM0JTNBMDEuNzgyMzk1JTJCMDAlM0EwMC80NDc1OV8xLmpwZw==.webp 2x;59,99;105,19
проспект Альберта Камалеева, 32Б, Казань, Республика Татарстан;bakaleya;/lenta/krupa-grechnevaya-lenta-yadritsa-1-5-kg-0f5e0c3?sid=57;Крупа гречневая Лента ядрица 1,5 кг;https://imgproxy.sbermarket.ru/imgproxy/size-220-220/czM6Ly9jb250ZW50LWltYWdlcy1wcm9kL3Byb2R1Y3RzLzEzNjg2MzEvb3JpZ2luYWwvMS8yMDIyLTA4LTIzVDEzJTNBMDElM0EyNy44ODYwMDAlMkIwMCUzQTAwLzEzNjg2MzFfMS5qcGc=.jpg; https://imgproxy.sbermarket.ru/imgproxy/size-220-220-2x/czM6Ly9jb250ZW50LWltYWdlcy1wcm9kL3Byb2R1Y3RzLzEzNjg2MzEvb3JpZ2luYWwvMS8yMDIyLTA4LTIzVDEzJTNBMDElM0EyNy44ODYwMDAlMkIwMCUzQTAwLzEzNjg2MzFfMS5qcGc=.webp 2x;99,99;136,89
проспект Альберта Камалеева, 32Б, Казань, Республика Татарстан;bakaleya;/lenta/makaronnye-izdeliya-shebekinskie-ziti-400-g-1d1ed37?sid=57;Макаронные изделия Шебекинские Зити 400 г;https://imgproxy.sbermarket.ru/imgproxy/size-220-220/czM6Ly9jb250ZW50LWltYWdlcy1wcm9kL3Byb2R1Y3RzLzE5MzM2ODEyL29yaWdpbmFsLzEvMjAyMi0xMS0wMVQwOSUzQTM3JTNBMDguMzA3MDAwJTJCMDAlM0EwMC8xOTMzNjgxMl8xLmpwZw==.jpg; https://imgproxy.sbermarket.ru/imgproxy/size-220-220-2x/czM6Ly9jb250ZW50LWltYWdlcy1wcm9kL3Byb2R1Y3RzLzE5MzM2ODEyL29yaWdpbmFsLzEvMjAyMi0xMS0wMVQwOSUzQTM3JTNBMDguMzA3MDAwJTJCMDAlM0EwMC8xOTMzNjgxMl8xLmpwZw==.webp 2x;66,99;110,59
проспект Альберта Камалеева, 32Б, Казань, Республика Татарстан;bakaleya;/lenta/kisel-lenta-vishnya-30-g-4e15711?sid=57;Кисель Лента вишня 30 г;https://imgproxy.sbermarket.ru/imgproxy/size-220-220/czM6Ly9jb250ZW50LWltYWdlcy1wcm9kL3Byb2R1Y3RzLzg1NzMyNi9vcmlnaW5hbC8xLzIwMjItMDgtMjJUMjElM0EwNyUzQTQzLjQ5MTAwMCUyQjAwJTNBMDAvODU3MzI2XzEuanBn.jpg; https://imgproxy.sbermarket.ru/imgproxy/size-220-220-2x/czM6Ly9jb250ZW50LWltYWdlcy1wcm9kL3Byb2R1Y3RzLzg1NzMyNi9vcmlnaW5hbC8xLzIwMjItMDgtMjJUMjElM0EwNyUzQTQzLjQ5MTAwMCUyQjAwJTNBMDAvODU3MzI2XzEuanBn.webp 2x;8,99;10,59
проспект Альберта Камалеева, 32Б, Казань, Республика Татарстан;bakaleya;/lenta/makaronnye-izdeliya-uvelka-pasta-karbonara-v-syrnom-souse-290-g-ddd096d?sid=57;Макаронные изделия Увелка Паста Карбонара в сырном соусе...;https://imgproxy.sbermarket.ru/imgproxy/size-220-220/czM6Ly9jb250ZW50LWltYWdlcy1wcm9kL3Byb2R1Y3RzLzI1ODEyNy9vcmlnaW5hbC8xLzIwMjItMTEtMjJUMTIlM0EwOSUzQTI2LjY1MDAwMCUyQjAwJTNBMDAvMjU4MTI3XzEuanBn.jpg; https://imgproxy.sbermarket.ru/imgproxy/size-220-220-2x/czM6Ly9jb250ZW50LWltYWdlcy1wcm9kL3Byb2R1Y3RzLzI1ODEyNy9vcmlnaW5hbC8xLzIwMjItMTEtMjJUMTIlM0EwOSUzQTI2LjY1MDAwMCUyQjAwJTNBMDAvMjU4MTI3XzEuanBn.webp 2x;124,99;147,39
