проспект Альберта Камалеева, 32Б, Казань, Республика Татарстан;sladosti_new;/lenta/pechenie-yashkino-stix-v-molochnom-shokolade-130-g-88c255b?sid=57;Печенье Яшкино Stix в молочном шоколаде 130 г;https://imgproxy.sbermarket.ru/imgproxy/size-220-220/czM6Ly9jb250ZW50LWltYWdlcy1wcm9kL3Byb2R1Y3RzLzIxNjYwOTQxL29yaWdpbmFsLzEvMjAyMy0xMi0yNlQwOCUzQTU0JTNBNDYuNjA5Nzk5JTJCMDAlM0EwMC8yMTY2MDk0MV8xLmpwZw==.jpg; https://imgproxy.sbermarket.ru/imgproxy/size-220-220-2x/czM6Ly9jb250ZW50LWltYWdlcy1wcm9kL3Byb2R1Y3RzLzIxNjYwOTQxL29yaWdpbmFsLzEvMjAyMy0xMi0yNlQwOCUzQTU0JTNBNDYuNjA5Nzk5JTJCMDAlM0EwMC8yMTY2MDk0MV8xLmpwZw==.webp 2x;84,99;111,59
проспект Альберта Камалеева, 32Б, Казань, Республика Татарстан;sladosti_new;/lenta/pechenie-delisse-oreshek-s-varenoy-sguschenkoy-600-g-c0cd964?sid=57;Печенье Delisse Орешек с вареной сгущенкой 600 г;https://imgproxy.sbermarket.ru/imgproxy/size-220-220/czM6Ly9jb250ZW50LWltYWdlcy1wcm9kL3Byb2R1Y3RzLzIwMzI1NzUwL29yaWdpbmFsLzEvMjAyMi0wOC0yM1QwNCUzQTM4JTNBNDkuNzg2MDAwJTJCMDAlM0EwMC8yMDMyNTc1MF8xLmpwZw==.jpg; https://imgproxy.sbermarket.ru/imgproxy/size-220-220-2x/czM6Ly9jb250ZW50LWltYWdlcy1wcm9kL3Byb2R1Y3RzLzIwMzI1NzUwL29yaWdpbmFsLzEvMjAyMi0wOC0yM1QwNCUzQTM4JTNBNDkuNzg2MDAwJTJCMDAlM0EwMC8yMDMyNTc1MF8xLmpwZw==.webp 2x;169,99;210,52
проспект Альберта Камалеева, 32Б, Казань, Республика Татарстан;sladosti_new;/lenta/pechenie-lotte-choco-pie-biskvitnoe-glazirovannoe-336-g-c90fd4e?sid=57;Печенье Lotte Choco Pie бисквитное глазированное 336 г;https://imgproxy.sbermarket.ru/imgproxy/size-220-220/czM6Ly9jb250ZW50LWltYWdlcy1wcm9kL3Byb2R1Y3RzLzU0OTAwL29yaWdpbmFsLzEvMjAyMy0xMS0yNFQxNiUzQTM3JTNBMzYuMTQzNTQ0JTJCMDAlM0EwMC81NDkwMF8xLmpwZw==.jpg; https://imgproxy.sbermarket.ru/imgproxy/size-220-220-2x/czM6Ly9jb250ZW50LWltYWdlcy1wcm9kL3Byb2R1Y3RzLzU0OTAwL29yaWdpbmFsLzEvMjAyMy0xMS0yNFQxNiUzQTM3JTNBMzYuMTQzNTQ0JTJCMDAlM0EwMC81NDkwMF8xLmpwZw==.webp 2x;139,99;228,49
проспект Альберта Камалеева, 32Б, Казань, Республика Татарстан;sladosti_new;/lenta/shokoladnye-konfety-rot-front-batonchiki-309dcf2?sid=57;Шоколадные конфеты Рот Фронт Батончики;https://imgproxy.sbermarket.ru/imgproxy/size-220-220/czM6Ly9jb250ZW50LWltYWdlcy1wcm9kL3Byb2R1Y3RzLzE1MTQ1MjYvb3JpZ2luYWwvMS8yMDIzLTAxLTEzVDEzJTNBNDQlM0ExOC43NDUxNDQlMkIwMCUzQTAwLzE1MTQ1MjZfMS5qcGc=.jpg; https://imgproxy.sbermarket.ru/imgproxy/size-220-220-2x/czM6Ly9jb250ZW50LWltYWdlcy1wcm9kL3Byb2R1Y3RzLzE1MTQ1MjYvb3JpZ2luYWwvMS8yMDIzLTAxLTEzVDEzJTNBNDQlM0ExOC43NDUxNDQlMkIwMCUzQTAwLzE1MTQ1MjZfMS5qcGc=.webp 2x;88,00;174,74
проспект Альберта Камалеева, 32Б, Казань, Республика Татарстан;sladosti_new;/lenta/shokolad-babyfox-molochnyy-45-g-1639772?sid=57;Шоколад BabyFox молочный 45 г;https://imgproxy.sbermarket.ru/imgproxy/size-220-220/czM6Ly9jb250ZW50LWltYWdlcy1wcm9kL3Byb2R1Y3RzLzIxMTU2NTI5L29yaWdpbmFsLzEvMjAyMy0wMy0wMlQwNyUzQTMwJTNBNTkuMjI5MDAwJTJCMDAlM0EwMC8yMTE1NjUyOV8xLmpwZw==.jpg; https://imgproxy.sbermarket.ru/imgproxy/size-220-220-2x/czM6Ly9jb250ZW50LWltYWdlcy1wcm9kL3Byb2R1Y3RzLzIxMTU2NTI5L29yaWdpbmFsLzEvMjAyMy0wMy0wMlQwNyUzQTMwJTNBNTkuMjI5MDAwJTJCMDAlM0EwMC8yMTE1NjUyOV8xLmpwZw==.webp 2x;29,99;42,19
проспект Альберта Камалеева, 32Б, Казань, Республика Татарстан;sladosti_new;/lenta/drazhe-skittles-2-v-1-v-raznotsvetnoy-saharnoy-glazuri-70-g?sid=57;Драже Skittles 2 в 1 в разноцветной сахарной глазури 70 г;https://imgproxy.sbermarket.ru/imgproxy/size-220-220/czM6Ly9jb250ZW50LWltYWdlcy1wcm9kL3Byb2R1Y3RzLzE1MTU2Nzc2L29yaWdpbmFsLzEvMjAyMy0xMS0zMFQxOCUzQTM5JTNBMjkuMTYxMDE1JTJCMDAlM0EwMC8xNTE1Njc3Nl8xLmpwZw==.jpg; https://imgproxy.sbermarket.ru/imgproxy/size-220-220-2x/czM6Ly9jb250ZW50LWltYWdlcy1wcm9kL3Byb2R1Y3RzLzE1MTU2Nzc2L29yaWdpbmFsLzEvMjAyMy0xMS0zMFQxOCUzQTM5JTNBMjkuMTYxMDE1JTJCMDAlM0EwMC8xNTE1Njc3Nl8xLmpwZw==.webp 2x;66,99;91,68
проспект Альберта Камалеева, 32Б, Казань, Республика Татарстан;sladosti_new;/lenta/pechenie-delisse-pechenyush-apel-sinych-biskvitnoe-v-glazuri-450-g-d51d358?sid=57;Печенье Delisse Печенюш Апельсиныч бисквитное в глазури 450...;https://imgproxy.sbermarket.ru/imgproxy/size-220-220/czM6Ly9jb250ZW50LWltYWdlcy1wcm9kL3Byb2R1Y3RzLzIzODI4NDk4L29yaWdpbmFsLzEvMjAyMy0wNC0yOFQxNSUzQTIwJTNBMDUuMTE2MDc4JTJCMDAlM0EwMC8yMzgyODQ5OF8xLmpwZw==.jpg; https://imgproxy.sbermarket.ru/imgproxy/size-220-220-2x/czM6Ly9jb250ZW50LWltYWdlcy1wcm9kL3Byb2R1Y3RzLzIzODI4NDk4L29yaWdpbmFsLzEvMjAyMy0wNC0yOFQxNSUzQTIwJTNBMDUuMTE2MDc4JTJCMDAlM0EwMC8yMzgyODQ5OF8xLmpwZw==.webp 2x;169,99;210,59
проспект Альберта Камалеева, 32Б, Казань, Республика Татарстан;sladosti_new;/lenta/drazhe-skittles-fruktovyy-vkus-v-saharnoy-glazuri-70-g-871d581?sid=57;Драже Skittles Фруктовый вкус в сахарной глазури 70 г;https://imgproxy.sbermarket.ru/imgproxy/size-220-220/czM6Ly9jb250ZW50LWltYWdlcy1wcm9kL3Byb2R1Y3RzLzE1NzExNzk5L29yaWdpbmFsLzEvMjAyMi0wOC0yM1QwOCUzQTA2JTNBMTQuODcwMDAwJTJCMDAlM0EwMC8xNTcxMTc5OV8xLmpwZw==.jpg; https://imgproxy.sbermarket.ru/imgproxy/size-220-220-2x/czM6Ly9jb250ZW50LWltYWdlcy1wcm9kL3Byb2R1Y3RzLzE1NzExNzk5L29yaWdpbmFsLzEvMjAyMi0wOC0yM1QwOCUzQTA2JTNBMTQuODcwMDAwJTJCMDAlM0EwMC8xNTcxMTc5OV8xLmpwZw==.webp 2x;66,99;91,68
проспект Альберта Камалеева, 32Б, Казань, Республика Татарстан;sladosti_new;/lenta/desert-zamorozhennyy-bodraya-korova-parfe-arbuz-dynya-bzmzh-80-g-ffaa072?sid=57;Десерт замороженный Бодрая Корова Парфе Арбуз-дыня БЗМЖ 80 г;https://imgproxy.sbermarket.ru/imgproxy/size-220-220/czM6Ly9jb250ZW50LWltYWdlcy1wcm9kL3Byb2R1Y3RzLzQwMTEwNC9vcmlnaW5hbC8xLzIwMjItMDgtMjNUMDYlM0EwOCUzQTE4LjkwMzAwMCUyQjAwJTNBMDAvNDAxMTA0XzEuanBn.jpg; https://imgproxy.sbermarket.ru/imgproxy/size-220-220-2x/czM6Ly9jb250ZW50LWltYWdlcy1wcm9kL3Byb2R1Y3RzLzQwMTEwNC9vcmlnaW5hbC8xLzIwMjItMDgtMjNUMDYlM0EwOCUzQTE4LjkwMzAwMCUyQjAwJTNBMDAvNDAxMTA0XzEuanBn.webp 2x;31,59;-
проспект Альберта Камалеева, 32Б, Казань, Республика Татарстан;sladosti_new;/lenta/batonchik-vafel-nyy-babyfox-bueno-v-molochnom-shokolade-23-g-5c6daa6?sid=57;Батончик вафельный Babyfox Bueno в молочном шоколаде 23 г;https://imgproxy.sbermarket.ru/imgproxy/size-220-220/czM6Ly9jb250ZW50LWltYWdlcy1wcm9kL3Byb2R1Y3RzLzIxNjA0ODE1L29yaWdpbmFsLzEvMjAyMy0wMS0xN1QxMiUzQTUzJTNBMzkuNTc5Mjc0JTJCMDAlM0EwMC8yMTYwNDgxNV8xLmpwZw==.jpg; https://imgproxy.sbermarket.ru/imgproxy/size-220-220-2x/czM6Ly9jb250ZW50LWltYWdlcy1wcm9kL3Byb2R1Y3RzLzIxNjA0ODE1L29yaWdpbmFsLzEvMjAyMy0wMS0xN1QxMiUzQTUzJTNBMzkuNTc5Mjc0JTJCMDAlM0EwMC8yMTYwNDgxNV8xLmpwZw==.webp 2x;17,99;21,09
проспект Альберта Камалеева, 32Б, Казань, Республика Татарстан;sladosti_new;/lenta/vafel-nye-ruletiki-yashkino-so-vkusom-sguschennogo-moloka-160-g-07ca52d?sid=57;Вафельные рулетики Яшкино со вкусом сгущенного молока 160 г;https://imgproxy.sbermarket.ru/imgproxy/size-220-220/czM6Ly9jb250ZW50LWltYWdlcy1wcm9kL3Byb2R1Y3RzLzE1Mzk2NDUvb3JpZ2luYWwvMS8yMDI0LTA0LTA5VDEzJTNBMDUlM0E1MS45NzgwMTklMkIwMCUzQTAwLzE1Mzk2NDVfMS5qcGc=.jpg; https://imgproxy.sbermarket.ru/imgproxy/size-220-220-2x/czM6Ly9jb250ZW50LWltYWdlcy1wcm9kL3Byb2R1Y3RzLzE1Mzk2NDUvb3JpZ2luYWwvMS8yMDI0LTA0LTA5VDEzJTNBMDUlM0E1MS45NzgwMTklMkIwMCUzQTAwLzE1Mzk2NDVfMS5qcGc=.webp 2x;59,99;89,49
проспект Альберта Камалеева, 32Б, Казань, Республика Татарстан;sladosti_new;/lenta/batonchik-yashkino-bonfetti-s-nugoy-i-arahisom-25-g-a80b8f7?sid=57;Батончик Яшкино Bonfetti с нугой и арахисом 25 г;https://imgproxy.sbermarket.ru/imgproxy/size-220-220/czM6Ly9jb250ZW50LWltYWdlcy1wcm9kL3Byb2R1Y3RzLzE0MjIzODAvb3JpZ2luYWwvMS8yMDIyLTA4LTIzVDAxJTNBMzAlM0E0MS42MzMwMDAlMkIwMCUzQTAwLzE0MjIzODBfMS5qcGc=.jpg; https://imgproxy.sbermarket.ru/imgproxy/size-220-220-2x/czM6Ly9jb250ZW50LWltYWdlcy1wcm9kL3Byb2R1Y3RzLzE0MjIzODAvb3JpZ2luYWwvMS8yMDIyLTA4LTIzVDAxJTNBMzAlM0E0MS42MzMwMDAlMkIwMCUzQTAwLzE0MjIzODBfMS5qcGc=.webp 2x;9,99;13,69
проспект Альберта Камалеева, 32Б, Казань, Республика Татарстан;sladosti_new;/lenta/vafli-yashkino-gollandskie-s-karamel-noy-nachinkoy-290-g-c6f1395?sid=57;Вафли Яшкино Голландские с карамельной начинкой 290 г;https://imgproxy.sbermarket.ru/imgproxy/size-220-220/czM6Ly9jb250ZW50LWltYWdlcy1wcm9kL3Byb2R1Y3RzLzI4NTExL29yaWdpbmFsLzEvMjAyNC0wNC0wOVQxMyUzQTEzJTNBMjQuMTAyNjQ1JTJCMDAlM0EwMC8yODUxMV8xLmpwZw==.jpg; https://imgproxy.sbermarket.ru/imgproxy/size-220-220-2x/czM6Ly9jb250ZW50LWltYWdlcy1wcm9kL3Byb2R1Y3RzLzI4NTExL29yaWdpbmFsLzEvMjAyNC0wNC0wOVQxMyUzQTEzJTNBMjQuMTAyNjQ1JTJCMDAlM0EwMC8yODUxMV8xLmpwZw==.webp 2x;89,99;147,39
проспект Альберта Камалеева, 32Б, Казань, Республика Татарстан;sladosti_new;/lenta/shokolad-vozdushnyy-belyy-85-g-a0d2010?sid=57;Шоколад Воздушный белый 85 г;https://imgproxy.sbermarket.ru/imgproxy/size-220-220/czM6Ly9jb250ZW50LWltYWdlcy1wcm9kL3Byb2R1Y3RzLzUyNDEwL29yaWdpbmFsLzEvMjAyMy0xMS0yNFQxNiUzQTM2JTNBMDYuNzE0MjA5JTJCMDAlM0EwMC81MjQxMF8xLmpwZw==.jpg; https://imgproxy.sbermarket.ru/imgproxy/size-220-220-2x/czM6Ly9jb250ZW50LWltYWdlcy1wcm9kL3Byb2R1Y3RzLzUyNDEwL29yaWdpbmFsLzEvMjAyMy0xMS0yNFQxNiUzQTM2JTNBMDYuNzE0MjA5JTJCMDAlM0EwMC81MjQxMF8xLmpwZw==.webp 2x;79,99;92,59
проспект Альберта Камалеева, 32Б, Казань, Республика Татарстан;sladosti_new;/lenta/pechenie-orion-choco-boy-biskvitnoe-45-g-2d87965?sid=57;Печенье Orion Choco Boy бисквитное 45 г;https://imgproxy.sbermarket.ru/imgproxy/size-220-220/czM6Ly9jb250ZW50LWltYWdlcy1wcm9kL3Byb2R1Y3RzLzE4NjUzMTUwL29yaWdpbmFsLzEvMjAyNC0wNC0xMVQwMCUzQTA5JTNBMDIuMDczMzM5JTJCMDAlM0EwMC8xODY1MzE1MF8xLmpwZw==.jpg; https://imgproxy.sbermarket.ru/imgproxy/size-220-220-2x/czM6Ly9jb250ZW50LWltYWdlcy1wcm9kL3Byb2R1Y3RzLzE4NjUzMTUwL29yaWdpbmFsLzEvMjAyNC0wNC0xMVQwMCUzQTA5JTNBMDIuMDczMzM5JTJCMDAlM0EwMC8xODY1MzE1MF8xLmpwZw==.webp 2x;42,10;-
проспект Альберта Камалеева, 32Б, Казань, Республика Татарстан;sladosti_new;/lenta/pirozhnoe-kinder-molochnyy-lomtik-28-g-d094b17?sid=57;Пирожное Kinder Молочный ломтик 28 г;https://imgproxy.sbermarket.ru/imgproxy/size-220-220/czM6Ly9jb250ZW50LWltYWdlcy1wcm9kL3Byb2R1Y3RzLzE1MjkzNTYwL29yaWdpbmFsLzEvMjAyNC0wNC0xMVQwMCUzQTA1JTNBNTMuMjU4OTc5JTJCMDAlM0EwMC8xNTI5MzU2MF8xLmpwZw==.jpg; https://imgproxy.sbermarket.ru/imgproxy/size-220-220-2x/czM6Ly9jb250ZW50LWltYWdlcy1wcm9kL3Byb2R1Y3RzLzE1MjkzNTYwL29yaWdpbmFsLzEvMjAyNC0wNC0xMVQwMCUzQTA1JTNBNTMuMjU4OTc5JTJCMDAlM0EwMC8xNTI5MzU2MF8xLmpwZw==.webp 2x;55,79;-
проспект Альберта Камалеева, 32Б, Казань, Республика Татарстан;sladosti_new;/lenta/pechenie-lotte-chocopie-cacao-28-g-h-12-sht-f40ee53?sid=57;Печенье Lotte Chocopie Cacao 28 г х 12 шт;https://imgproxy.sbermarket.ru/imgproxy/size-220-220/czM6Ly9jb250ZW50LWltYWdlcy1wcm9kL3Byb2R1Y3RzLzE0NjM1NDgvb3JpZ2luYWwvMS8yMDIyLTA4LTIzVDA0JTNBMTglM0E0NS4xNjcwMDAlMkIwMCUzQTAwLzE0NjM1NDhfMS5wbmc=.png; https://imgproxy.sbermarket.ru/imgproxy/size-220-220-2x/czM6Ly9jb250ZW50LWltYWdlcy1wcm9kL3Byb2R1Y3RzLzE0NjM1NDgvb3JpZ2luYWwvMS8yMDIyLTA4LTIzVDA0JTNBMTglM0E0NS4xNjcwMDAlMkIwMCUzQTAwLzE0NjM1NDhfMS5wbmc=.webp 2x;139,99;228,49
проспект Альберта Камалеева, 32Б, Казань, Республика Татарстан;sladosti_new;/lenta/konfety-glazirovannye-konti-zolotaya-liliya-21a9f62?sid=57;Конфеты глазированные Кonti Золотая лилия;https://imgproxy.sbermarket.ru/imgproxy/size-220-220/czM6Ly9jb250ZW50LWltYWdlcy1wcm9kL3Byb2R1Y3RzLzE5NzU1OS9vcmlnaW5hbC8xLzIwMjItMDgtMjNUMDIlM0EzNSUzQTEwLjY4NTAwMCUyQjAwJTNBMDAvMTk3NTU5XzEuanBn.jpg; https://imgproxy.sbermarket.ru/imgproxy/size-220-220-2x/czM6Ly9jb250ZW50LWltYWdlcy1wcm9kL3Byb2R1Y3RzLzE5NzU1OS9vcmlnaW5hbC8xLzIwMjItMDgtMjNUMDIlM0EzNSUzQTEwLjY4NTAwMCUyQjAwJTNBMDAvMTk3NTU5XzEuanBn.webp 2x;70,00;126,32
проспект Альберта Камалеева, 32Б, Казань, Республика Татарстан;sladosti_new;/lenta/vafli-yashkino-glazirovannye-s-oreshkami-200-g-c3f663f?sid=57;Вафли Яшкино глазированные с орешками 200 г;https://imgproxy.sbermarket.ru/imgproxy/size-220-220/czM6Ly9jb250ZW50LWltYWdlcy1wcm9kL3Byb2R1Y3RzLzE3NzgwOTI2L29yaWdpbmFsLzEvMjAyMy0xMS0yOFQxNyUzQTQxJTNBMDMuOTk5OTYyJTJCMDAlM0EwMC8xNzc4MDkyNl8xLmpwZw==.jpg; https://imgproxy.sbermarket.ru/imgproxy/size-220-220-2x/czM6Ly9jb250ZW50LWltYWdlcy1wcm9kL3Byb2R1Y3RzLzE3NzgwOTI2L29yaWdpbmFsLzEvMjAyMy0xMS0yOFQxNyUzQTQxJTNBMDMuOTk5OTYyJTJCMDAlM0EwMC8xNzc4MDkyNl8xLmpwZw==.webp 2x;59,99;94,69
проспект Альберта Камалеева, 32Б, Казань, Республика Татарстан;sladosti_new;/lenta/pechenie-yashkino-saharnoe-s-apel-sinovym-vkusom-155-g-c147eec?sid=57;Печенье Яшкино сахарное с апельсиновым вкусом 155 г;https://imgproxy.sbermarket.ru/imgproxy/size-220-220/czM6Ly9jb250ZW50LWltYWdlcy1wcm9kL3Byb2R1Y3RzLzIyNDM1ODY0L29yaWdpbmFsLzEvMjAyMy0xMi0yNlQwOCUzQTU0JTNBNTYuMTUwMTM3JTJCMDAlM0EwMC8yMjQzNTg2NF8xLmpwZw==.jpg; https://imgproxy.sbermarket.ru/imgproxy/size-220-220-2x/czM6Ly9jb250ZW50LWltYWdlcy1wcm9kL3Byb2R1Y3RzLzIyNDM1ODY0L29yaWdpbmFsLzEvMjAyMy0xMi0yNlQwOCUzQTU0JTNBNTYuMTUwMTM3JTJCMDAlM0EwMC8yMjQzNTg2NF8xLmpwZw==.webp 2x;64,99;73,69
проспект Альберта Камалеева, 32Б, Казань, Республика Татарстан;sladosti_new;/lenta/krendel-ki-yashkino-nemetskiy-brettsel-v-molochnom-shokolade-90-g-b32eced?sid=57;Крендельки Яшкино Немецкий бретцель в молочном шоколаде 90 г;https://imgproxy.sbermarket.ru/imgproxy/size-220-220/czM6Ly9jb250ZW50LWltYWdlcy1wcm9kL3Byb2R1Y3RzLzI2MjYwODE1L29yaWdpbmFsLzEvMjAyMy0wOS0wNVQwMiUzQTEyJTNBMzYuMDM5MjUyJTJCMDAlM0EwMC8yNjI2MDgxNV8xLmpwZw==.jpg; https://imgproxy.sbermarket.ru/imgproxy/size-220-220-2x/czM6Ly9jb250ZW50LWltYWdlcy1wcm9kL3Byb2R1Y3RzLzI2MjYwODE1L29yaWdpbmFsLzEvMjAyMy0wOS0wNVQwMiUzQTEyJTNBMzYuMDM5MjUyJTJCMDAlM0EwMC8yNjI2MDgxNV8xLmpwZw==.webp 2x;59,99;73,69
проспект Альберта Камалеева, 32Б, Казань, Республика Татарстан;sladosti_new;/lenta/pasta-nutella-orehovaya-s-kakao-350-g-8c1668d?sid=57;Паста Nutella ореховая с какао 350 г;https://imgproxy.sbermarket.ru/imgproxy/size-220-220/czM6Ly9jb250ZW50LWltYWdlcy1wcm9kL3Byb2R1Y3RzLzE1Mjk1ODkwL29yaWdpbmFsLzEvMjAyMy0xMS0zMFQxOCUzQTQ2JTNBNTIuNDIwOTc3JTJCMDAlM0EwMC8xNTI5NTg5MF8xLmpwZw==.jpg; https://imgproxy.sbermarket.ru/imgproxy/size-220-220-2x/czM6Ly9jb250ZW50LWltYWdlcy1wcm9kL3Byb2R1Y3RzLzE1Mjk1ODkwL29yaWdpbmFsLzEvMjAyMy0xMS0zMFQxOCUzQTQ2JTNBNTIuNDIwOTc3JTJCMDAlM0EwMC8xNTI5NTg5MF8xLmpwZw==.webp 2x;399,99;536,89
проспект Альберта Камалеева, 32Б, Казань, Республика Татарстан;sladosti_new;/lenta/batonchik-snickers-super-shokoladnyy-s-nugoy-karamel-yu-arahisom-80-g-be7155f?sid=57;Батончик Snickers Super шоколадный с...;https://imgproxy.sbermarket.ru/imgproxy/size-220-220/czM6Ly9jb250ZW50LWltYWdlcy1wcm9kL3Byb2R1Y3RzLzE1ODg3NjIzL29yaWdpbmFsLzEvMjAyMy0xMS0zMFQxOCUzQTQ3JTNBNDEuMzA1MzgxJTJCMDAlM0EwMC8xNTg4NzYyM18xLmpwZw==.jpg; https://imgproxy.sbermarket.ru/imgproxy/size-220-220-2x/czM6Ly9jb250ZW50LWltYWdlcy1wcm9kL3Byb2R1Y3RzLzE1ODg3NjIzL29yaWdpbmFsLzEvMjAyMy0xMS0zMFQxOCUzQTQ3JTNBNDEuMzA1MzgxJTJCMDAlM0EwMC8xNTg4NzYyM18xLmpwZw==.webp 2x;51,99;78,99
проспект Альберта Камалеева, 32Б, Казань, Республика Татарстан;sladosti_new;/lenta/shokolad-milka-molochnyy-s-tsel-nym-fundukom-85-g-be4be20?sid=57;Шоколад Milka молочный с цельным фундуком 85 г;https://imgproxy.sbermarket.ru/imgproxy/size-220-220/czM6Ly9jb250ZW50LWltYWdlcy1wcm9kL3Byb2R1Y3RzLzE1MTUzMzA1L29yaWdpbmFsLzEvMjAyNC0wNC0yN1QxMyUzQTAxJTNBNDguODU2Mzk3JTJCMDAlM0EwMC8xNTE1MzMwNV8xLmpwZw==.jpg; https://imgproxy.sbermarket.ru/imgproxy/size-220-220-2x/czM6Ly9jb250ZW50LWltYWdlcy1wcm9kL3Byb2R1Y3RzLzE1MTUzMzA1L29yaWdpbmFsLzEvMjAyNC0wNC0yN1QxMyUzQTAxJTNBNDguODU2Mzk3JTJCMDAlM0EwMC8xNTE1MzMwNV8xLmpwZw==.webp 2x;71,99;133,59
проспект Альберта Камалеева, 32Б, Казань, Республика Татарстан;sladosti_new;/lenta/pechenie-tondi-choco-pie-biskvitnoe-s-vanil-nym-marshmellou-v-shokoladnoy-glazuri-180-g-9519db1?sid=57;Печенье Tondi Choco Pie бисквитное с ванильным маршмеллоу в...;https://imgproxy.sbermarket.ru/imgproxy/size-220-220/czM6Ly9jb250ZW50LWltYWdlcy1wcm9kL3Byb2R1Y3RzLzE4NjUxMjUzL29yaWdpbmFsLzEvMjAyNC0wNC0wOVQxMyUzQTA4JTNBMTQuMjcwMTg0JTJCMDAlM0EwMC8xODY1MTI1M18xLmpwZw==.jpg; https://imgproxy.sbermarket.ru/imgproxy/size-220-220-2x/czM6Ly9jb250ZW50LWltYWdlcy1wcm9kL3Byb2R1Y3RzLzE4NjUxMjUzL29yaWdpbmFsLzEvMjAyNC0wNC0wOVQxMyUzQTA4JTNBMTQuMjcwMTg0JTJCMDAlM0EwMC8xODY1MTI1M18xLmpwZw==.webp 2x;84,99;128,49
проспект Альберта Камалеева, 32Б, Казань, Республика Татарстан;sladosti_new;/lenta/batonchik-picnic-big-shokoladnyy-s-arahisom-izyumom-karamel-yu-76-g-78eac32?sid=57;Батончик Picnic Big шоколадный с арахисом-изюмом-карамелью...;https://imgproxy.sbermarket.ru/imgproxy/size-220-220/czM6Ly9jb250ZW50LWltYWdlcy1wcm9kL3Byb2R1Y3RzLzI4Njk3L29yaWdpbmFsLzEvMjAyMy0xMS0yNFQxNiUzQTI4JTNBMzkuMTM2MzYxJTJCMDAlM0EwMC8yODY5N18xLmpwZw==.jpg; https://imgproxy.sbermarket.ru/imgproxy/size-220-220-2x/czM6Ly9jb250ZW50LWltYWdlcy1wcm9kL3Byb2R1Y3RzLzI4Njk3L29yaWdpbmFsLzEvMjAyMy0xMS0yNFQxNiUzQTI4JTNBMzkuMTM2MzYxJTJCMDAlM0EwMC8yODY5N18xLmpwZw==.webp 2x;54,99;68,49
проспект Альберта Камалеева, 32Б, Казань, Республика Татарстан;sladosti_new;/lenta/pechenie-belvita-utrennee-vitaminizirovannoe-s-kakao-i-yogurtovoy-nachinkoy-253-g-9733a14?sid=57;Печенье BelVita Утреннее Витаминизированное с какао и...;https://imgproxy.sbermarket.ru/imgproxy/size-220-220/czM6Ly9jb250ZW50LWltYWdlcy1wcm9kL3Byb2R1Y3RzLzgyNDk3L29yaWdpbmFsLzEvMjAyNC0wNC0wOVQxMyUzQTE0JTNBNDIuNTU2Njc2JTJCMDAlM0EwMC84MjQ5N18xLmpwZw==.jpg; https://imgproxy.sbermarket.ru/imgproxy/size-220-220-2x/czM6Ly9jb250ZW50LWltYWdlcy1wcm9kL3Byb2R1Y3RzLzgyNDk3L29yaWdpbmFsLzEvMjAyNC0wNC0wOVQxMyUzQTE0JTNBNDIuNTU2Njc2JTJCMDAlM0EwMC84MjQ5N18xLmpwZw==.webp 2x;139,99;189,49
проспект Альберта Камалеева, 32Б, Казань, Республика Татарстан;sladosti_new;/lenta/tarallini-nina-farina-s-chesnokom-180-g-ce1b68e?sid=57;Тараллини Nina Farina с чесноком 180 г;https://imgproxy.sbermarket.ru/imgproxy/size-220-220/czM6Ly9jb250ZW50LWltYWdlcy1wcm9kL3Byb2R1Y3RzLzIyMTA1OTU3L29yaWdpbmFsLzEvMjAyMi0xMi0yOVQwOSUzQTA1JTNBMjAuMTkxMDAwJTJCMDAlM0EwMC8yMjEwNTk1N18xLmpwZw==.jpg; https://imgproxy.sbermarket.ru/imgproxy/size-220-220-2x/czM6Ly9jb250ZW50LWltYWdlcy1wcm9kL3Byb2R1Y3RzLzIyMTA1OTU3L29yaWdpbmFsLzEvMjAyMi0xMi0yOVQwOSUzQTA1JTNBMjAuMTkxMDAwJTJCMDAlM0EwMC8yMjEwNTk1N18xLmpwZw==.webp 2x;41,99;73,69
проспект Альберта Камалеева, 32Б, Казань, Республика Татарстан;sladosti_new;/lenta/batonchiki-slavyanka-obyknovennoe-chudo-slivochnye-40-g?sid=57;Батончики Славянка Обыкновенное чудо сливочные 40 г;https://imgproxy.sbermarket.ru/imgproxy/size-220-220/czM6Ly9jb250ZW50LWltYWdlcy1wcm9kL3Byb2R1Y3RzLzM1OTY3L29yaWdpbmFsLzEvMjAyNC0wMi0wOFQwOCUzQTMxJTNBMjEuNTc0OTE1JTJCMDAlM0EwMC8zNTk2N18xLmpwZw==.jpg; https://imgproxy.sbermarket.ru/imgproxy/size-220-220-2x/czM6Ly9jb250ZW50LWltYWdlcy1wcm9kL3Byb2R1Y3RzLzM1OTY3L29yaWdpbmFsLzEvMjAyNC0wMi0wOFQwOCUzQTMxJTNBMjEuNTc0OTE1JTJCMDAlM0EwMC8zNTk2N18xLmpwZw==.webp 2x;25,99;52,69
проспект Альберта Камалеева, 32Б, Казань, Республика Татарстан;sladosti_new;/lenta/pechenie-polet-limonierki-s-limonom-500-g-d517d5f?sid=57;Печенье Полет Лимоньерки с лимоном 500 г;https://imgproxy.sbermarket.ru/imgproxy/size-220-220/czM6Ly9jb250ZW50LWltYWdlcy1wcm9kL3Byb2R1Y3RzLzcyMTA1L29yaWdpbmFsLzEvMjAyMy0xMS0yNFQxNiUzQTM1JTNBMDguNDQ5MjE4JTJCMDAlM0EwMC83MjEwNV8xLmpwZw==.jpg; https://imgproxy.sbermarket.ru/imgproxy/size-220-220-2x/czM6Ly9jb250ZW50LWltYWdlcy1wcm9kL3Byb2R1Y3RzLzcyMTA1L29yaWdpbmFsLzEvMjAyMy0xMS0yNFQxNiUzQTM1JTNBMDguNDQ5MjE4JTJCMDAlM0EwMC83MjEwNV8xLmpwZw==.webp 2x;229,89;299,99
проспект Альберта Камалеева, 32Б, Казань, Республика Татарстан;sladosti_new;/lenta/pechenie-frutonyanya-pshenichnoe-s-zemlyanikoy-s-6-mesyatsev-50-g-d038e31?sid=57;Печенье ФрутоНяня пшеничное с земляникой с 6 месяцев 50 г;https://imgproxy.sbermarket.ru/imgproxy/size-220-220/czM6Ly9jb250ZW50LWltYWdlcy1wcm9kL3Byb2R1Y3RzLzE0MzE1MDUvb3JpZ2luYWwvMS8yMDIyLTA4LTIzVDE4JTNBMzQlM0ExMS40OTMwMDAlMkIwMCUzQTAwLzE0MzE1MDVfMS5wbmc=.png; https://imgproxy.sbermarket.ru/imgproxy/size-220-220-2x/czM6Ly9jb250ZW50LWltYWdlcy1wcm9kL3Byb2R1Y3RzLzE0MzE1MDUvb3JpZ2luYWwvMS8yMDIyLTA4LTIzVDE4JTNBMzQlM0ExMS40OTMwMDAlMkIwMCUzQTAwLzE0MzE1MDVfMS5wbmc=.webp 2x;45,29;-
проспект Альберта Камалеева, 32Б, Казань, Республика Татарстан;sladosti_new;/lenta/pechenie-yashkino-zatyazhnoe-s-klubnichnym-kremom-190-g-4ca1b26?sid=57;Печенье Яшкино затяжное с клубничным кремом 190 г;https://imgproxy.sbermarket.ru/imgproxy/size-220-220/czM6Ly9jb250ZW50LWltYWdlcy1wcm9kL3Byb2R1Y3RzLzE2MTA4MDM3L29yaWdpbmFsLzEvMjAyNC0wNC0wOVQxMyUzQTA2JTNBMzIuMzkxODM2JTJCMDAlM0EwMC8xNjEwODAzN18xLmpwZw==.jpg; https://imgproxy.sbermarket.ru/imgproxy/size-220-220-2x/czM6Ly9jb250ZW50LWltYWdlcy1wcm9kL3Byb2R1Y3RzLzE2MTA4MDM3L29yaWdpbmFsLzEvMjAyNC0wNC0wOVQxMyUzQTA2JTNBMzIuMzkxODM2JTJCMDAlM0EwMC8xNjEwODAzN18xLmpwZw==.webp 2x;54,99;84,29
проспект Альберта Камалеева, 32Б, Казань, Республика Татарстан;sladosti_new;/lenta/pechenie-yashkino-kokosovoe-sdobnoe-200-g-2f87b24?sid=57;Печенье Яшкино кокосовое сдобное 200 г;https://imgproxy.sbermarket.ru/imgproxy/size-220-220/czM6Ly9jb250ZW50LWltYWdlcy1wcm9kL3Byb2R1Y3RzLzIwMzUzNTE5L29yaWdpbmFsLzEvMjAyMi0wOS0xNVQxNCUzQTU1JTNBMDEuMjc1MDAwJTJCMDAlM0EwMC8yMDM1MzUxOV8xLmpwZw==.jpg; https://imgproxy.sbermarket.ru/imgproxy/size-220-220-2x/czM6Ly9jb250ZW50LWltYWdlcy1wcm9kL3Byb2R1Y3RzLzIwMzUzNTE5L29yaWdpbmFsLzEvMjAyMi0wOS0xNVQxNCUzQTU1JTNBMDEuMjc1MDAwJTJCMDAlM0EwMC8yMDM1MzUxOV8xLmpwZw==.webp 2x;86,89;98,99
проспект Альберта Камалеева, 32Б, Казань, Республика Татарстан;sladosti_new;/lenta/konfety-yashkino-chio-rio-pralinovye-9f6961f?sid=57;Конфеты Яшкино Чио Рио пралиновые;https://imgproxy.sbermarket.ru/imgproxy/size-220-220/czM6Ly9jb250ZW50LWltYWdlcy1wcm9kL3Byb2R1Y3RzLzY2MTk0L29yaWdpbmFsLzEvMjAyMi0wOC0yMlQxNCUzQTU0JTNBMjEuMDQ1MDAwJTJCMDAlM0EwMC82NjE5NF8xLmpwZw==.jpg; https://imgproxy.sbermarket.ru/imgproxy/size-220-220-2x/czM6Ly9jb250ZW50LWltYWdlcy1wcm9kL3Byb2R1Y3RzLzY2MTk0L29yaWdpbmFsLzEvMjAyMi0wOC0yMlQxNCUzQTU0JTNBMjEuMDQ1MDAwJTJCMDAlM0EwMC82NjE5NF8xLmpwZw==.webp 2x;71,98;105,28
проспект Альберта Камалеева, 32Б, Казань, Республика Татарстан;sladosti_new;/lenta/shokolad-kinder-chocolate-molochnyy-100-g?sid=57;Шоколад Kinder Chocolate молочный 100 г;https://imgproxy.sbermarket.ru/imgproxy/size-220-220/czM6Ly9jb250ZW50LWltYWdlcy1wcm9kL3Byb2R1Y3RzLzM1ODk0L29yaWdpbmFsLzEvMjAyMy0xMS0yNFQxNiUzQTMxJTNBNDQuNjU3MzUzJTJCMDAlM0EwMC8zNTg5NF8xLmpwZw==.jpg; https://imgproxy.sbermarket.ru/imgproxy/size-220-220-2x/czM6Ly9jb250ZW50LWltYWdlcy1wcm9kL3Byb2R1Y3RzLzM1ODk0L29yaWdpbmFsLzEvMjAyMy0xMS0yNFQxNiUzQTMxJTNBNDQuNjU3MzUzJTJCMDAlM0EwMC8zNTg5NF8xLmpwZw==.webp 2x;142,10;-
проспект Альберта Камалеева, 32Б, Казань, Республика Татарстан;sladosti_new;/lenta/morozhenoe-plombir-delisses-fistashki-kesh-yu-100-g?sid=57;Мороженое пломбир Delisseс фисташки-кешью 100 г;https://imgproxy.sbermarket.ru/imgproxy/size-220-220/czM6Ly9jb250ZW50LWltYWdlcy1wcm9kL3Byb2R1Y3RzLzI2NTUwNzIzL29yaWdpbmFsLzEvMjAyMy0xMS0xNVQxNCUzQTM5JTNBNDkuOTA4NTUzJTJCMDAlM0EwMC8yNjU1MDcyM18xLmpwZw==.jpg; https://imgproxy.sbermarket.ru/imgproxy/size-220-220-2x/czM6Ly9jb250ZW50LWltYWdlcy1wcm9kL3Byb2R1Y3RzLzI2NTUwNzIzL29yaWdpbmFsLzEvMjAyMy0xMS0xNVQxNCUzQTM5JTNBNDkuOTA4NTUzJTJCMDAlM0EwMC8yNjU1MDcyM18xLmpwZw==.webp 2x;52,99;78,99
проспект Альберта Камалеева, 32Б, Казань, Республика Татарстан;sladosti_new;/lenta/batonchik-snaq-fabriq-kokos-molochnyy-40-g-39befeb?sid=57;Батончик Snaq Fabriq Кокос молочный 40 г;https://imgproxy.sbermarket.ru/imgproxy/size-220-220/czM6Ly9jb250ZW50LWltYWdlcy1wcm9kL3Byb2R1Y3RzLzE1NjkyODAvb3JpZ2luYWwvMS8yMDI0LTAzLTA1VDAxJTNBMTElM0EzNC42NDE4MTYlMkIwMCUzQTAwLzE1NjkyODBfMS5qcGc=.jpg; https://imgproxy.sbermarket.ru/imgproxy/size-220-220-2x/czM6Ly9jb250ZW50LWltYWdlcy1wcm9kL3Byb2R1Y3RzLzE1NjkyODAvb3JpZ2luYWwvMS8yMDI0LTAzLTA1VDAxJTNBMTElM0EzNC42NDE4MTYlMkIwMCUzQTAwLzE1NjkyODBfMS5qcGc=.webp 2x;49,99;84,29
проспект Альберта Камалеева, 32Б, Казань, Республика Татарстан;sladosti_new;/lenta/pechenie-yashkino-zatyazhnoe-so-slivochnym-kremom-190-g-63ed639?sid=57;Печенье Яшкино затяжное со сливочным кремом 190 г;https://imgproxy.sbermarket.ru/imgproxy/size-220-220/czM6Ly9jb250ZW50LWltYWdlcy1wcm9kL3Byb2R1Y3RzLzE5MDU4OTM3L29yaWdpbmFsLzEvMjAyMy0xMS0yOFQxNyUzQTQ3JTNBMDEuMjM0NzM4JTJCMDAlM0EwMC8xOTA1ODkzN18xLmpwZw==.jpg; https://imgproxy.sbermarket.ru/imgproxy/size-220-220-2x/czM6Ly9jb250ZW50LWltYWdlcy1wcm9kL3Byb2R1Y3RzLzE5MDU4OTM3L29yaWdpbmFsLzEvMjAyMy0xMS0yOFQxNyUzQTQ3JTNBMDEuMjM0NzM4JTJCMDAlM0EwMC8xOTA1ODkzN18xLmpwZw==.webp 2x;54,99;84,29
проспект Альберта Камалеева, 32Б, Казань, Республика Татарстан;sladosti_new;/lenta/zefir-kolomenskoe-moe-obozhanie-so-vkusom-vanili-i-maliny-250-g-bd9f74e?sid=57;Зефир Коломенское Мое обожание со вкусом ванили и малины...;https://imgproxy.sbermarket.ru/imgproxy/size-220-220/czM6Ly9jb250ZW50LWltYWdlcy1wcm9kL3Byb2R1Y3RzLzIyNzY5Mjg1L29yaWdpbmFsLzEvMjAyMy0wNC0wNFQxNSUzQTQ5JTNBMTcuNjE4MTQ1JTJCMDAlM0EwMC8yMjc2OTI4NV8xLmpwZw==.jpg; https://imgproxy.sbermarket.ru/imgproxy/size-220-220-2x/czM6Ly9jb250ZW50LWltYWdlcy1wcm9kL3Byb2R1Y3RzLzIyNzY5Mjg1L29yaWdpbmFsLzEvMjAyMy0wNC0wNFQxNSUzQTQ5JTNBMTcuNjE4MTQ1JTJCMDAlM0EwMC8yMjc2OTI4NV8xLmpwZw==.webp 2x;109,99;189,39
проспект Альберта Камалеева, 32Б, Казань, Республика Татарстан;sladosti_new;/lenta/pechenie-belvita-utrennee-s-yogurtovoy-nachinkoy-253-g-6d97f96?sid=57;Печенье BelVita Утреннее с йогуртовой начинкой 253 г;https://imgproxy.sbermarket.ru/imgproxy/size-220-220/czM6Ly9jb250ZW50LWltYWdlcy1wcm9kL3Byb2R1Y3RzLzgyNDk4L29yaWdpbmFsLzEvMjAyNC0wNC0wOVQxMyUzQTE0JTNBNDMuMTkwNDMwJTJCMDAlM0EwMC84MjQ5OF8xLmpwZw==.jpg; https://imgproxy.sbermarket.ru/imgproxy/size-220-220-2x/czM6Ly9jb250ZW50LWltYWdlcy1wcm9kL3Byb2R1Y3RzLzgyNDk4L29yaWdpbmFsLzEvMjAyNC0wNC0wOVQxMyUzQTE0JTNBNDMuMTkwNDMwJTJCMDAlM0EwMC84MjQ5OF8xLmpwZw==.webp 2x;139,99;189,49
проспект Альберта Камалеева, 32Б, Казань, Республика Татарстан;sladosti_new;/lenta/batonchik-kinder-bueno-dark-vafel-nyy-43-g-b37937f?sid=57;Батончик Kinder Bueno dark вафельный 43 г;https://imgproxy.sbermarket.ru/imgproxy/size-220-220/czM6Ly9jb250ZW50LWltYWdlcy1wcm9kL3Byb2R1Y3RzLzI0MjcxODA2L29yaWdpbmFsLzEvMjAyMy0xMS0yNFQxNSUzQTM2JTNBMDkuOTc2NzQxJTJCMDAlM0EwMC8yNDI3MTgwNl8xLmpwZw==.jpg; https://imgproxy.sbermarket.ru/imgproxy/size-220-220-2x/czM6Ly9jb250ZW50LWltYWdlcy1wcm9kL3Byb2R1Y3RzLzI0MjcxODA2L29yaWdpbmFsLzEvMjAyMy0xMS0yNFQxNSUzQTM2JTNBMDkuOTc2NzQxJTJCMDAlM0EwMC8yNDI3MTgwNl8xLmpwZw==.webp 2x;69,99;-
проспект Альберта Камалеева, 32Б, Казань, Республика Татарстан;sladosti_new;/lenta/drazhe-skittles-kislomiks-v-raznotsvetnoy-saharnoy-glazuri-70-g?sid=57;Драже Skittles Кисломикс в разноцветной сахарной глазури 70...;https://imgproxy.sbermarket.ru/imgproxy/size-220-220/czM6Ly9jb250ZW50LWltYWdlcy1wcm9kL3Byb2R1Y3RzLzE1MTY5OTQxL29yaWdpbmFsLzEvMjAyMy0xMS0zMFQxOCUzQTQwJTNBMDEuNDYzNTg1JTJCMDAlM0EwMC8xNTE2OTk0MV8xLmpwZw==.jpg; https://imgproxy.sbermarket.ru/imgproxy/size-220-220-2x/czM6Ly9jb250ZW50LWltYWdlcy1wcm9kL3Byb2R1Y3RzLzE1MTY5OTQxL29yaWdpbmFsLzEvMjAyMy0xMS0zMFQxOCUzQTQwJTNBMDEuNDYzNTg1JTJCMDAlM0EwMC8xNTE2OTk0MV8xLmpwZw==.webp 2x;66,99;91,68
проспект Альберта Камалеева, 32Б, Казань, Республика Татарстан;sladosti_new;/lenta/vafli-yashkino-tonkie-s-klubnichnym-kremom-144-g-791c881?sid=57;Вафли Яшкино тонкие с клубничным кремом 144 г;https://imgproxy.sbermarket.ru/imgproxy/size-220-220/czM6Ly9jb250ZW50LWltYWdlcy1wcm9kL3Byb2R1Y3RzLzE5MzAyODA0L29yaWdpbmFsLzEvMjAyNC0wNC0wMlQxNSUzQTA3JTNBMzkuNzg2NjkzJTJCMDAlM0EwMC8xOTMwMjgwNF8xLmpwZw==.jpg; https://imgproxy.sbermarket.ru/imgproxy/size-220-220-2x/czM6Ly9jb250ZW50LWltYWdlcy1wcm9kL3Byb2R1Y3RzLzE5MzAyODA0L29yaWdpbmFsLzEvMjAyNC0wNC0wMlQxNSUzQTA3JTNBMzkuNzg2NjkzJTJCMDAlM0EwMC8xOTMwMjgwNF8xLmpwZw==.webp 2x;66,89;91,57
проспект Альберта Камалеева, 32Б, Казань, Республика Татарстан;sladosti_new;/lenta/pryaniki-yashkino-shokoladnye-350-g-624ec4f?sid=57;Пряники Яшкино Шоколадные 350 г;https://imgproxy.sbermarket.ru/imgproxy/size-220-220/czM6Ly9jb250ZW50LWltYWdlcy1wcm9kL3Byb2R1Y3RzLzI3NDUxL29yaWdpbmFsLzEvMjAyNC0wNC0wOVQxMyUzQTEzJTNBMjAuMDQ1OTY5JTJCMDAlM0EwMC8yNzQ1MV8xLmpwZw==.jpg; https://imgproxy.sbermarket.ru/imgproxy/size-220-220-2x/czM6Ly9jb250ZW50LWltYWdlcy1wcm9kL3Byb2R1Y3RzLzI3NDUxL29yaWdpbmFsLzEvMjAyNC0wNC0wOVQxMyUzQTEzJTNBMjAuMDQ1OTY5JTJCMDAlM0EwMC8yNzQ1MV8xLmpwZw==.webp 2x;79,99;134,79
проспект Альберта Камалеева, 32Б, Казань, Республика Татарстан;sladosti_new;/lenta/pechenie-detskoe-kogda-ya-vyrastu-s-zhelezom-150-g-b6d1c72?sid=57;Печенье детское Когда я вырасту с железом 150 г;https://imgproxy.sbermarket.ru/imgproxy/size-220-220/czM6Ly9jb250ZW50LWltYWdlcy1wcm9kL3Byb2R1Y3RzLzIxNzUyNS9vcmlnaW5hbC8xLzIwMjMtMDEtMzBUMTMlM0E1MSUzQTA0LjEyMTAwMCUyQjAwJTNBMDAvMjE3NTI1XzEuanBn.jpg; https://imgproxy.sbermarket.ru/imgproxy/size-220-220-2x/czM6Ly9jb250ZW50LWltYWdlcy1wcm9kL3Byb2R1Y3RzLzIxNzUyNS9vcmlnaW5hbC8xLzIwMjMtMDEtMzBUMTMlM0E1MSUzQTA0LjEyMTAwMCUyQjAwJTNBMDAvMjE3NTI1XzEuanBn.webp 2x;62,99;-
проспект Альберта Камалеева, 32Б, Казань, Республика Татарстан;sladosti_new;/lenta/drazhe-m-m-s-s-arahisom-shokoladom-80-g-e2a4bcc?sid=57;Драже M&M's с арахисом-шоколадом 80 г;https://imgproxy.sbermarket.ru/imgproxy/size-220-220/czM6Ly9jb250ZW50LWltYWdlcy1wcm9kL3Byb2R1Y3RzLzE1MDYxMDkwL29yaWdpbmFsLzEvMjAyMy0xMS0zMFQxOCUzQTM3JTNBNDEuNzI5Nzk1JTJCMDAlM0EwMC8xNTA2MTA5MF8xLmpwZw==.jpg; https://imgproxy.sbermarket.ru/imgproxy/size-220-220-2x/czM6Ly9jb250ZW50LWltYWdlcy1wcm9kL3Byb2R1Y3RzLzE1MDYxMDkwL29yaWdpbmFsLzEvMjAyMy0xMS0zMFQxOCUzQTM3JTNBNDEuNzI5Nzk1JTJCMDAlM0EwMC8xNTA2MTA5MF8xLmpwZw==.webp 2x;81,99;118,94
проспект Альберта Камалеева, 32Б, Казань, Республика Татарстан;sladosti_new;/lenta/konfety-shokoladnye-slavyanka-zolotoy-step-s-nugoy-karamel-yu-arahisom-192-g?sid=57;Конфеты шоколадные Славянка Золотой Степ с...;https://imgproxy.sbermarket.ru/imgproxy/size-220-220/czM6Ly9jb250ZW50LWltYWdlcy1wcm9kL3Byb2R1Y3RzLzExMTQwMi9vcmlnaW5hbC8xLzIwMjQtMDItMDhUMDglM0EzMSUzQTM0LjI3MDQ4NCUyQjAwJTNBMDAvMTExNDAyXzEuanBn.jpg; https://imgproxy.sbermarket.ru/imgproxy/size-220-220-2x/czM6Ly9jb250ZW50LWltYWdlcy1wcm9kL3Byb2R1Y3RzLzExMTQwMi9vcmlnaW5hbC8xLzIwMjQtMDItMDhUMDglM0EzMSUzQTM0LjI3MDQ4NCUyQjAwJTNBMDAvMTExNDAyXzEuanBn.webp 2x;89,99;147,39
проспект Альберта Камалеева, 32Б, Казань, Республика Татарстан;sladosti_new;/lenta/pechenie-lotte-choco-pie-v-shokoladnoy-glazuri-168-g-5123c4e?sid=57;Печенье Lotte Choco Pie в шоколадной глазури 168 г;https://imgproxy.sbermarket.ru/imgproxy/size-220-220/czM6Ly9jb250ZW50LWltYWdlcy1wcm9kL3Byb2R1Y3RzLzE1MjM2NTU4L29yaWdpbmFsLzEvMjAyMi0wOC0yM1QwNSUzQTM0JTNBMjYuMzkxMDAwJTJCMDAlM0EwMC8xNTIzNjU1OF8xLmpwZw==.jpg; https://imgproxy.sbermarket.ru/imgproxy/size-220-220-2x/czM6Ly9jb250ZW50LWltYWdlcy1wcm9kL3Byb2R1Y3RzLzE1MjM2NTU4L29yaWdpbmFsLzEvMjAyMi0wOC0yM1QwNSUzQTM0JTNBMjYuMzkxMDAwJTJCMDAlM0EwMC8xNTIzNjU1OF8xLmpwZw==.webp 2x;74,99;129,49
проспект Альберта Камалеева, 32Б, Казань, Республика Татарстан;sladosti_new;/lenta/zhevatel-naya-rezinka-five-fusion-sladkie-yagody-31-2-g-d84af94?sid=57;Жевательная резинка Five Fusion Сладкие ягоды 31,2 г;https://imgproxy.sbermarket.ru/imgproxy/size-220-220/czM6Ly9jb250ZW50LWltYWdlcy1wcm9kL3Byb2R1Y3RzLzExNDcwODcvb3JpZ2luYWwvMS8yMDI0LTA0LTA0VDE1JTNBNDIlM0EzNy4zNDYyMTYlMkIwMCUzQTAwLzExNDcwODdfMS5qcGc=.jpg; https://imgproxy.sbermarket.ru/imgproxy/size-220-220-2x/czM6Ly9jb250ZW50LWltYWdlcy1wcm9kL3Byb2R1Y3RzLzExNDcwODcvb3JpZ2luYWwvMS8yMDI0LTA0LTA0VDE1JTNBNDIlM0EzNy4zNDYyMTYlMkIwMCUzQTAwLzExNDcwODdfMS5qcGc=.webp 2x;64,99;84,29
проспект Альберта Камалеева, 32Б, Казань, Республика Татарстан;sladosti_new;/lenta/shokolad-ritter-sport-al-piyskoe-moloko-molochnyy-100-g-dd145cd?sid=57;Шоколад Ritter Sport Альпийское молоко молочный 100 г;https://imgproxy.sbermarket.ru/imgproxy/size-220-220/czM6Ly9jb250ZW50LWltYWdlcy1wcm9kL3Byb2R1Y3RzLzE4OTM0MTM3L29yaWdpbmFsLzEvMjAyMy0xMS0yOFQxNyUzQTQ1JTNBNDQuMjEyMTk4JTJCMDAlM0EwMC8xODkzNDEzN18xLmpwZw==.jpg; https://imgproxy.sbermarket.ru/imgproxy/size-220-220-2x/czM6Ly9jb250ZW50LWltYWdlcy1wcm9kL3Byb2R1Y3RzLzE4OTM0MTM3L29yaWdpbmFsLzEvMjAyMy0xMS0yOFQxNyUzQTQ1JTNBNDQuMjEyMTk4JTJCMDAlM0EwMC8xODkzNDEzN18xLmpwZw==.webp 2x;114,99;178,99
проспект Альберта Камалеева, 32Б, Казань, Республика Татарстан;sladosti_new;/lenta/tort-fili-beyker-plombir-klassik-720-g-dc9b90e?sid=57;Торт Фили-Бейкер пломбир классик 720 г;https://imgproxy.sbermarket.ru/imgproxy/size-220-220/czM6Ly9jb250ZW50LWltYWdlcy1wcm9kL3Byb2R1Y3RzLzE2NzQ3NzA4L29yaWdpbmFsLzEvMjAyMi0wOC0yMlQyMiUzQTUwJTNBMjEuMTg0MDAwJTJCMDAlM0EwMC8xNjc0NzcwOF8xLmpwZw==.jpg; https://imgproxy.sbermarket.ru/imgproxy/size-220-220-2x/czM6Ly9jb250ZW50LWltYWdlcy1wcm9kL3Byb2R1Y3RzLzE2NzQ3NzA4L29yaWdpbmFsLzEvMjAyMi0wOC0yMlQyMiUzQTUwJTNBMjEuMTg0MDAwJTJCMDAlM0EwMC8xNjc0NzcwOF8xLmpwZw==.webp 2x;399,99;523,09
проспект Альберта Камалеева, 32Б, Казань, Республика Татарстан;sladosti_new;/lenta/pirozhnye-lotte-choco-pie-banan-336-g-4dc675c?sid=57;Пирожные Lotte Choco Pie банан 336 г;https://imgproxy.sbermarket.ru/imgproxy/size-220-220/czM6Ly9jb250ZW50LWltYWdlcy1wcm9kL3Byb2R1Y3RzLzEwNTAwNS9vcmlnaW5hbC8xLzIwMjItMDgtMjNUMTglM0EzNSUzQTA3LjYxNjAwMCUyQjAwJTNBMDAvMTA1MDA1XzEuanBn.jpg; https://imgproxy.sbermarket.ru/imgproxy/size-220-220-2x/czM6Ly9jb250ZW50LWltYWdlcy1wcm9kL3Byb2R1Y3RzLzEwNTAwNS9vcmlnaW5hbC8xLzIwMjItMDgtMjNUMTglM0EzNSUzQTA3LjYxNjAwMCUyQjAwJTNBMDAvMTA1MDA1XzEuanBn.webp 2x;159,99;273,69
проспект Альберта Камалеева, 32Б, Казань, Республика Татарстан;sladosti_new;/lenta/vafli-akul-chev-venskie-s-varenoy-sguschenkoy-100-g-a18ac7f?sid=57;Вафли Акульчев Венские с вареной сгущенкой 100 г;https://imgproxy.sbermarket.ru/imgproxy/size-220-220/czM6Ly9jb250ZW50LWltYWdlcy1wcm9kL3Byb2R1Y3RzLzI1MTE5MzgyL29yaWdpbmFsLzEvMjAyNC0wNC0wOVQxMiUzQTM0JTNBMjIuNzUwNzgxJTJCMDAlM0EwMC8yNTExOTM4Ml8xLmpwZw==.jpg; https://imgproxy.sbermarket.ru/imgproxy/size-220-220-2x/czM6Ly9jb250ZW50LWltYWdlcy1wcm9kL3Byb2R1Y3RzLzI1MTE5MzgyL29yaWdpbmFsLzEvMjAyNC0wNC0wOVQxMiUzQTM0JTNBMjIuNzUwNzgxJTJCMDAlM0EwMC8yNTExOTM4Ml8xLmpwZw==.webp 2x;49,99;72,69
проспект Альберта Камалеева, 32Б, Казань, Республика Татарстан;sladosti_new;/lenta/batonchik-snaq-fabriq-milky-shokoladnyy-so-slivochnoy-nachinkoy-34-g-b9e44a2?sid=57;Батончик Snaq Fabriq Milky шоколадный со сливочной начинкой...;https://imgproxy.sbermarket.ru/imgproxy/size-220-220/czM6Ly9jb250ZW50LWltYWdlcy1wcm9kL3Byb2R1Y3RzLzE5ODM1OTY5L29yaWdpbmFsLzEvMjAyMy0xMS0yOFQxNyUzQTQ5JTNBNTUuNzc4MzkzJTJCMDAlM0EwMC8xOTgzNTk2OV8xLmpwZw==.jpg; https://imgproxy.sbermarket.ru/imgproxy/size-220-220-2x/czM6Ly9jb250ZW50LWltYWdlcy1wcm9kL3Byb2R1Y3RzLzE5ODM1OTY5L29yaWdpbmFsLzEvMjAyMy0xMS0yOFQxNyUzQTQ5JTNBNTUuNzc4MzkzJTJCMDAlM0EwMC8xOTgzNTk2OV8xLmpwZw==.webp 2x;59,99;73,69
проспект Альберта Камалеева, 32Б, Казань, Республика Татарстан;sladosti_new;/lenta/pirozhnoe-kinder-pingui-shokolad-biskvitnoe-30-g-h-4-sht-f86cfad?sid=57;Пирожное Kinder Pingui Шоколад бисквитное 30 г х 4 шт;https://imgproxy.sbermarket.ru/imgproxy/size-220-220/czM6Ly9jb250ZW50LWltYWdlcy1wcm9kL3Byb2R1Y3RzLzY1NzgwL29yaWdpbmFsLzEvMjAyMy0wNy0zMFQxOCUzQTE1JTNBMDIuNTQ4NzU0JTJCMDAlM0EwMC82NTc4MF8xLmpwZw==.jpg; https://imgproxy.sbermarket.ru/imgproxy/size-220-220-2x/czM6Ly9jb250ZW50LWltYWdlcy1wcm9kL3Byb2R1Y3RzLzY1NzgwL29yaWdpbmFsLzEvMjAyMy0wNy0zMFQxOCUzQTE1JTNBMDIuNTQ4NzU0JTJCMDAlM0EwMC82NTc4MF8xLmpwZw==.webp 2x;247,39;-
проспект Альберта Камалеева, 32Б, Казань, Республика Татарстан;sladosti_new;/lenta/shokolad-ritter-sport-shokoladnoe-pechenie-s-orehami-molochnyy-100-g?sid=57;Шоколад Ritter Sport Шоколадное печенье с орехами молочный...;https://imgproxy.sbermarket.ru/imgproxy/size-220-220/czM6Ly9jb250ZW50LWltYWdlcy1wcm9kL3Byb2R1Y3RzLzE2NTcyNDU2L29yaWdpbmFsLzEvMjAyNC0wNC0xMVQwMCUzQTA4JTNBMzYuODg4NTg4JTJCMDAlM0EwMC8xNjU3MjQ1Nl8xLmpwZw==.jpg; https://imgproxy.sbermarket.ru/imgproxy/size-220-220-2x/czM6Ly9jb250ZW50LWltYWdlcy1wcm9kL3Byb2R1Y3RzLzE2NTcyNDU2L29yaWdpbmFsLzEvMjAyNC0wNC0xMVQwMCUzQTA4JTNBMzYuODg4NTg4JTJCMDAlM0EwMC8xNjU3MjQ1Nl8xLmpwZw==.webp 2x;119,99;178,99
проспект Альберта Камалеева, 32Б, Казань, Республика Татарстан;sladosti_new;/lenta/iris-toffifee-santa-lesnoy-oreh-karamel-shokolad-125-g-a243dd1?sid=57;Ирис Toffifee Санта лесной орех-карамель-шоколад 125 г;https://imgproxy.sbermarket.ru/imgproxy/size-220-220/czM6Ly9jb250ZW50LWltYWdlcy1wcm9kL3Byb2R1Y3RzLzExNDY1MzQvb3JpZ2luYWwvMS8yMDIzLTExLTMwVDE4JTNBMzclM0E1NC45OTQ5MjIlMkIwMCUzQTAwLzExNDY1MzRfMS5qcGc=.jpg; https://imgproxy.sbermarket.ru/imgproxy/size-220-220-2x/czM6Ly9jb250ZW50LWltYWdlcy1wcm9kL3Byb2R1Y3RzLzExNDY1MzQvb3JpZ2luYWwvMS8yMDIzLTExLTMwVDE4JTNBMzclM0E1NC45OTQ5MjIlMkIwMCUzQTAwLzExNDY1MzRfMS5qcGc=.webp 2x;159,99;263,99
проспект Альберта Камалеева, 32Б, Казань, Республика Татарстан;sladosti_new;/lenta/vafli-yashkino-vafel-nyy-sendvich-s-shokoladnoy-nachinkoy-180-g-8fd548d?sid=57;Вафли Яшкино вафельный сэндвич с шоколадной начинкой 180 г;https://imgproxy.sbermarket.ru/imgproxy/size-220-220/czM6Ly9jb250ZW50LWltYWdlcy1wcm9kL3Byb2R1Y3RzLzc5ODczOS9vcmlnaW5hbC8xLzIwMjQtMDQtMDlUMTMlM0ExNCUzQTQwLjcxNTM1NyUyQjAwJTNBMDAvNzk4NzM5XzEuanBn.jpg; https://imgproxy.sbermarket.ru/imgproxy/size-220-220-2x/czM6Ly9jb250ZW50LWltYWdlcy1wcm9kL3Byb2R1Y3RzLzc5ODczOS9vcmlnaW5hbC8xLzIwMjQtMDQtMDlUMTMlM0ExNCUzQTQwLjcxNTM1NyUyQjAwJTNBMDAvNzk4NzM5XzEuanBn.webp 2x;69,99;107,39
проспект Альберта Камалеева, 32Б, Казань, Республика Татарстан;sladosti_new;/lenta/trubochki-yashkino-vafel-nye-so-vkusom-sguschennogo-moloka-190-g-39e53f2?sid=57;Трубочки Яшкино вафельные со вкусом сгущенного молока 190 г;https://imgproxy.sbermarket.ru/imgproxy/size-220-220/czM6Ly9jb250ZW50LWltYWdlcy1wcm9kL3Byb2R1Y3RzLzEyMzc0Mi9vcmlnaW5hbC8xLzIwMjQtMDQtMDlUMTMlM0EwMyUzQTAzLjIyMTU3OCUyQjAwJTNBMDAvMTIzNzQyXzEuanBn.jpg; https://imgproxy.sbermarket.ru/imgproxy/size-220-220-2x/czM6Ly9jb250ZW50LWltYWdlcy1wcm9kL3Byb2R1Y3RzLzEyMzc0Mi9vcmlnaW5hbC8xLzIwMjQtMDQtMDlUMTMlM0EwMyUzQTAzLjIyMTU3OCUyQjAwJTNBMDAvMTIzNzQyXzEuanBn.webp 2x;79,99;115,79
проспект Альберта Камалеева, 32Б, Казань, Республика Татарстан;sladosti_new;/lenta/shokolad-alpen-gold-molochnyy-funduk-80-g?sid=57;Шоколад Alpen Gold молочный фундук 80 г;https://imgproxy.sbermarket.ru/imgproxy/size-220-220/czM6Ly9jb250ZW50LWltYWdlcy1wcm9kL3Byb2R1Y3RzLzMxODQ1OTEzL29yaWdpbmFsLzEvMjAyNC0wNC0wMlQxNSUzQTQwJTNBMjAuMjE5Njg3JTJCMDAlM0EwMC8zMTg0NTkxM18xLmpwZw==.jpg; https://imgproxy.sbermarket.ru/imgproxy/size-220-220-2x/czM6Ly9jb250ZW50LWltYWdlcy1wcm9kL3Byb2R1Y3RzLzMxODQ1OTEzL29yaWdpbmFsLzEvMjAyNC0wNC0wMlQxNSUzQTQwJTNBMjAuMjE5Njg3JTJCMDAlM0EwMC8zMTg0NTkxM18xLmpwZw==.webp 2x;45,99;78,99
проспект Альберта Камалеева, 32Б, Казань, Республика Татарстан;sladosti_new;/lenta/pechenie-polet-iskusstvo-zhit-ovsyanoe-so-zlakami-200-g-8fd1b9d?sid=57;Печенье Полет Искусство жить овсяное со злаками 200 г;https://imgproxy.sbermarket.ru/imgproxy/size-220-220/czM6Ly9jb250ZW50LWltYWdlcy1wcm9kL3Byb2R1Y3RzLzE1MDU1NTMzL29yaWdpbmFsLzEvMjAyMy0xMS0yNFQxNiUzQTQ0JTNBMzMuMDg4NTMxJTJCMDAlM0EwMC8xNTA1NTUzM18xLmpwZw==.jpg; https://imgproxy.sbermarket.ru/imgproxy/size-220-220-2x/czM6Ly9jb250ZW50LWltYWdlcy1wcm9kL3Byb2R1Y3RzLzE1MDU1NTMzL29yaWdpbmFsLzEvMjAyMy0xMS0yNFQxNiUzQTQ0JTNBMzMuMDg4NTMxJTJCMDAlM0EwMC8xNTA1NTUzM18xLmpwZw==.webp 2x;114,99;142,19
проспект Альберта Камалеева, 32Б, Казань, Республика Татарстан;sladosti_new;/lenta/konfety-yashkino-krokant-s-mindalem-5543d3d?sid=57;Конфеты Яшкино Крокант с миндалем;https://imgproxy.sbermarket.ru/imgproxy/size-220-220/czM6Ly9jb250ZW50LWltYWdlcy1wcm9kL3Byb2R1Y3RzLzY2MTkxL29yaWdpbmFsLzEvMjAyMi0wOC0yM1QwMCUzQTA0JTNBMzIuNTYzMDAwJTJCMDAlM0EwMC82NjE5MV8xLmpwZw==.jpg; https://imgproxy.sbermarket.ru/imgproxy/size-220-220-2x/czM6Ly9jb250ZW50LWltYWdlcy1wcm9kL3Byb2R1Y3RzLzY2MTkxL29yaWdpbmFsLzEvMjAyMi0wOC0yM1QwMCUzQTA0JTNBMzIuNTYzMDAwJTJCMDAlM0EwMC82NjE5MV8xLmpwZw==.webp 2x;69,98;105,28
проспект Альберта Камалеева, 32Б, Казань, Республика Татарстан;sladosti_new;/lenta/pechenie-chaykofskiy-amerikano-sdobnoe-s-kusochkami-shokolada-145-g-8d7fbf2?sid=57;Печенье Чайкофский Американо сдобное с кусочками шоколада...;https://imgproxy.sbermarket.ru/imgproxy/size-220-220/czM6Ly9jb250ZW50LWltYWdlcy1wcm9kL3Byb2R1Y3RzLzI0NjYwNjE5L29yaWdpbmFsLzEvMjAyNC0wNC0xMFQxMCUzQTU0JTNBNDYuNDM4NDczJTJCMDAlM0EwMC8yNDY2MDYxOV8xLmpwZw==.jpg; https://imgproxy.sbermarket.ru/imgproxy/size-220-220-2x/czM6Ly9jb250ZW50LWltYWdlcy1wcm9kL3Byb2R1Y3RzLzI0NjYwNjE5L29yaWdpbmFsLzEvMjAyNC0wNC0xMFQxMCUzQTU0JTNBNDYuNDM4NDczJTJCMDAlM0EwMC8yNDY2MDYxOV8xLmpwZw==.webp 2x;79,99;126,39
проспект Альберта Камалеева, 32Б, Казань, Республика Татарстан;sladosti_new;/lenta/shokolad-ritter-sport-temnyy-s-martsipanovoy-nachinkoy-100-g-88ecdc3?sid=57;Шоколад Ritter Sport темный с марципановой начинкой 100 г;https://imgproxy.sbermarket.ru/imgproxy/size-220-220/czM6Ly9jb250ZW50LWltYWdlcy1wcm9kL3Byb2R1Y3RzLzE4OTMzMjYzL29yaWdpbmFsLzEvMjAyNC0wMi0yMFQwNyUzQTQ5JTNBMDYuNTU5ODQ0JTJCMDAlM0EwMC8xODkzMzI2M18xLmpwZw==.jpg; https://imgproxy.sbermarket.ru/imgproxy/size-220-220-2x/czM6Ly9jb250ZW50LWltYWdlcy1wcm9kL3Byb2R1Y3RzLzE4OTMzMjYzL29yaWdpbmFsLzEvMjAyNC0wMi0yMFQwNyUzQTQ5JTNBMDYuNTU5ODQ0JTJCMDAlM0EwMC8xODkzMzI2M18xLmpwZw==.webp 2x;119,99;178,99
проспект Альберта Камалеева, 32Б, Казань, Республика Татарстан;sladosti_new;/lenta/morozhenoe-plombir-zolotoy-standart-s-taezhnoy-chernikoy-bzmzh-93-g-2a62375?sid=57;Мороженое пломбир Золотой Стандарт с таежной черникой БЗМЖ...;https://imgproxy.sbermarket.ru/imgproxy/size-220-220/czM6Ly9jb250ZW50LWltYWdlcy1wcm9kL3Byb2R1Y3RzLzIzNzYyOTQ5L29yaWdpbmFsLzEvMjAyMy0xMS0yNFQxNSUzQTMzJTNBMTMuNzE4MDQ1JTJCMDAlM0EwMC8yMzc2Mjk0OV8xLmpwZw==.jpg; https://imgproxy.sbermarket.ru/imgproxy/size-220-220-2x/czM6Ly9jb250ZW50LWltYWdlcy1wcm9kL3Byb2R1Y3RzLzIzNzYyOTQ5L29yaWdpbmFsLzEvMjAyMy0xMS0yNFQxNSUzQTMzJTNBMTMuNzE4MDQ1JTJCMDAlM0EwMC8yMzc2Mjk0OV8xLmpwZw==.webp 2x;43,99;77,79
проспект Альберта Камалеева, 32Б, Казань, Республика Татарстан;sladosti_new;/lenta/sufle-bon-pari-kislye-v-kube-65-g-095dbdf?sid=57;Суфле Бон Пари Кислые в кубе 65 г;https://imgproxy.sbermarket.ru/imgproxy/size-220-220/czM6Ly9jb250ZW50LWltYWdlcy1wcm9kL3Byb2R1Y3RzLzIyODA4MzYzL29yaWdpbmFsLzEvMjAyNC0wMi0xNVQwOSUzQTIzJTNBNTUuNzE3MTcxJTJCMDAlM0EwMC8yMjgwODM2M18xLmpwZw==.jpg; https://imgproxy.sbermarket.ru/imgproxy/size-220-220-2x/czM6Ly9jb250ZW50LWltYWdlcy1wcm9kL3Byb2R1Y3RzLzIyODA4MzYzL29yaWdpbmFsLzEvMjAyNC0wMi0xNVQwOSUzQTIzJTNBNTUuNzE3MTcxJTJCMDAlM0EwMC8yMjgwODM2M18xLmpwZw==.webp 2x;49,99;97,89
проспект Альберта Камалеева, 32Б, Казань, Республика Татарстан;sladosti_new;/lenta/fruktovyy-led-bon-pari-s-sokom-arbuza-67-g?sid=57;Фруктовый лед Бон Пари с соком арбуза 67 г;https://imgproxy.sbermarket.ru/imgproxy/size-220-220/czM6Ly9jb250ZW50LWltYWdlcy1wcm9kL3Byb2R1Y3RzLzIxODYxMTk2L29yaWdpbmFsLzEvMjAyMy0xMS0yOFQxNyUzQTU2JTNBNTkuMTY5NjM4JTJCMDAlM0EwMC8yMTg2MTE5Nl8xLmpwZw==.jpg; https://imgproxy.sbermarket.ru/imgproxy/size-220-220-2x/czM6Ly9jb250ZW50LWltYWdlcy1wcm9kL3Byb2R1Y3RzLzIxODYxMTk2L29yaWdpbmFsLzEvMjAyMy0xMS0yOFQxNyUzQTU2JTNBNTkuMTY5NjM4JTJCMDAlM0EwMC8yMTg2MTE5Nl8xLmpwZw==.webp 2x;44,99;69,49
проспект Альберта Камалеева, 32Б, Казань, Республика Татарстан;sladosti_new;/lenta/shokoladnoe-yaytso-kinder-syurpriz-20-g-190cbe6?sid=57;Шоколадное яйцо Kinder Сюрприз 20 г;https://imgproxy.sbermarket.ru/imgproxy/size-220-220/czM6Ly9jb250ZW50LWltYWdlcy1wcm9kL3Byb2R1Y3RzLzc4MzQ4NC9vcmlnaW5hbC8xLzIwMjItMDgtMjJUMTUlM0ExMyUzQTUxLjA4NTAwMCUyQjAwJTNBMDAvNzgzNDg0XzEuanBn.jpg; https://imgproxy.sbermarket.ru/imgproxy/size-220-220-2x/czM6Ly9jb250ZW50LWltYWdlcy1wcm9kL3Byb2R1Y3RzLzc4MzQ4NC9vcmlnaW5hbC8xLzIwMjItMDgtMjJUMTUlM0ExMyUzQTUxLjA4NTAwMCUyQjAwJTNBMDAvNzgzNDg0XzEuanBn.webp 2x;89,99;115,78
проспект Альберта Камалеева, 32Б, Казань, Республика Татарстан;sladosti_new;/lenta/shokolad-ritter-sport-tsel-nyy-lesnoy-oreh-molochnyy-100-g?sid=57;Шоколад Ritter Sport Цельный лесной орех молочный 100 г;https://imgproxy.sbermarket.ru/imgproxy/size-220-220/czM6Ly9jb250ZW50LWltYWdlcy1wcm9kL3Byb2R1Y3RzLzI0MjczMzM5L29yaWdpbmFsLzEvMjAyNC0wMi0yMFQwNyUzQTQ5JTNBNDQuMDExODQ3JTJCMDAlM0EwMC8yNDI3MzMzOV8xLmpwZw==.jpg; https://imgproxy.sbermarket.ru/imgproxy/size-220-220-2x/czM6Ly9jb250ZW50LWltYWdlcy1wcm9kL3Byb2R1Y3RzLzI0MjczMzM5L29yaWdpbmFsLzEvMjAyNC0wMi0yMFQwNyUzQTQ5JTNBNDQuMDExODQ3JTJCMDAlM0EwMC8yNDI3MzMzOV8xLmpwZw==.webp 2x;129,99;199,99
проспект Альберта Камалеева, 32Б, Казань, Республика Татарстан;sladosti_new;/lenta/tarallini-nina-farina-klassicheskie-180-g-aa2faf7?sid=57;Тараллини Nina Farina Классические 180 г;https://imgproxy.sbermarket.ru/imgproxy/size-220-220/czM6Ly9jb250ZW50LWltYWdlcy1wcm9kL3Byb2R1Y3RzLzIwMzk4My9vcmlnaW5hbC8xLzIwMjQtMDQtMDlUMTMlM0ExMiUzQTEzLjUxNDc3MSUyQjAwJTNBMDAvMjAzOTgzXzEuanBn.jpg; https://imgproxy.sbermarket.ru/imgproxy/size-220-220-2x/czM6Ly9jb250ZW50LWltYWdlcy1wcm9kL3Byb2R1Y3RzLzIwMzk4My9vcmlnaW5hbC8xLzIwMjQtMDQtMDlUMTMlM0ExMiUzQTEzLjUxNDc3MSUyQjAwJTNBMDAvMjAzOTgzXzEuanBn.webp 2x;44,99;73,69
проспект Альберта Камалеева, 32Б, Казань, Республика Татарстан;sladosti_new;/lenta/marmelad-bon-pari-kislye-chervyachki-so-vkusom-fruktov-75-g-a85de7b?sid=57;Мармелад Бон Пари Кислые червячки со вкусом фруктов 75 г;https://imgproxy.sbermarket.ru/imgproxy/size-220-220/czM6Ly9jb250ZW50LWltYWdlcy1wcm9kL3Byb2R1Y3RzLzYxNDcxL29yaWdpbmFsLzEvMjAyNC0wMi0xNVQwOSUzQTI0JTNBMDguNjExNjIxJTJCMDAlM0EwMC82MTQ3MV8xLmpwZw==.jpg; https://imgproxy.sbermarket.ru/imgproxy/size-220-220-2x/czM6Ly9jb250ZW50LWltYWdlcy1wcm9kL3Byb2R1Y3RzLzYxNDcxL29yaWdpbmFsLzEvMjAyNC0wMi0xNVQwOSUzQTI0JTNBMDguNjExNjIxJTJCMDAlM0EwMC82MTQ3MV8xLmpwZw==.webp 2x;49,89;97,89
проспект Альберта Камалеева, 32Б, Казань, Республика Татарстан;sladosti_new;/lenta/pechenie-posidelkino-lyubimoe-ovsyanoe-s-kusochkami-shokolada-310-g-c8d57c0?sid=57;Печенье Посиделкино Любимое овсяное с кусочками шоколада...;https://imgproxy.sbermarket.ru/imgproxy/size-220-220/czM6Ly9jb250ZW50LWltYWdlcy1wcm9kL3Byb2R1Y3RzLzk0Njc0L29yaWdpbmFsLzEvMjAyMi0wOC0yM1QwNCUzQTM2JTNBMDguMzgwMDAwJTJCMDAlM0EwMC85NDY3NF8xLmpwZw==.jpg; https://imgproxy.sbermarket.ru/imgproxy/size-220-220-2x/czM6Ly9jb250ZW50LWltYWdlcy1wcm9kL3Byb2R1Y3RzLzk0Njc0L29yaWdpbmFsLzEvMjAyMi0wOC0yM1QwNCUzQTM2JTNBMDguMzgwMDAwJTJCMDAlM0EwMC85NDY3NF8xLmpwZw==.webp 2x;74,89;118,99
