проспект Альберта Камалеева, 32Б, Казань, Республика Татарстан;ovoshchi-frukti-orekhi;/lenta/ogurtsy-gruntovye-luhovitskie-dec1b3c?sid=57;Огурцы грунтовые Луховицкие;https://imgproxy.sbermarket.ru/imgproxy/size-220-220/czM6Ly9jb250ZW50LWltYWdlcy1wcm9kL3Byb2R1Y3RzLzgyMTM5L29yaWdpbmFsLzEvMjAyMi0wOC0yM1QwMyUzQTQwJTNBNDIuMTUzMDAwJTJCMDAlM0EwMC84MjEzOV8xLmpwZw==.jpg; https://imgproxy.sbermarket.ru/imgproxy/size-220-220-2x/czM6Ly9jb250ZW50LWltYWdlcy1wcm9kL3Byb2R1Y3RzLzgyMTM5L29yaWdpbmFsLzEvMjAyMi0wOC0yM1QwMyUzQTQwJTNBNDIuMTUzMDAwJTJCMDAlM0EwMC84MjEzOV8xLmpwZw==.webp 2x;60,00;78,95
проспект Альберта Камалеева, 32Б, Казань, Республика Татарстан;ovoshchi-frukti-orekhi;/lenta/salat-aysberg-kochan-1-sht-78cbed9?sid=57;Салат Айсберг кочан 1 шт;https://imgproxy.sbermarket.ru/imgproxy/size-220-220/czM6Ly9jb250ZW50LWltYWdlcy1wcm9kL3Byb2R1Y3RzLzE3ODY3NTAxL29yaWdpbmFsLzEvMjAyMi0wOC0yMlQxOCUzQTQ0JTNBNTIuOTM5MDAwJTJCMDAlM0EwMC8xNzg2NzUwMV8xLmpwZw==.jpg; https://imgproxy.sbermarket.ru/imgproxy/size-220-220-2x/czM6Ly9jb250ZW50LWltYWdlcy1wcm9kL3Byb2R1Y3RzLzE3ODY3NTAxL29yaWdpbmFsLzEvMjAyMi0wOC0yMlQxOCUzQTQ0JTNBNTIuOTM5MDAwJTJCMDAlM0EwMC8xNzg2NzUwMV8xLmpwZw==.webp 2x;79,99;105,26
проспект Альберта Камалеева, 32Б, Казань, Республика Татарстан;ovoshchi-frukti-orekhi;/lenta/pomidory-flamenco-kokteyl-nye-krasnye-na-vetke-29a21a7?sid=57;Помидоры Flamenco коктейльные красные на ветке;https://imgproxy.sbermarket.ru/imgproxy/size-220-220/czM6Ly9jb250ZW50LWltYWdlcy1wcm9kL3Byb2R1Y3RzLzE5ODU5MjI3L29yaWdpbmFsLzEvMjAyMi0wOC0xN1QwMyUzQTIyJTNBMjYuMTEzMDAwJTJCMDAlM0EwMC8xOTg1OTIyN18xLmpwZw==.jpg; https://imgproxy.sbermarket.ru/imgproxy/size-220-220-2x/czM6Ly9jb250ZW50LWltYWdlcy1wcm9kL3Byb2R1Y3RzLzE5ODU5MjI3L29yaWdpbmFsLzEvMjAyMi0wOC0xN1QwMyUzQTIyJTNBMjYuMTEzMDAwJTJCMDAlM0EwMC8xOTg1OTIyN18xLmpwZw==.webp 2x;105,00;126,33
проспект Альберта Камалеева, 32Б, Казань, Республика Татарстан;ovoshchi-frukti-orekhi;/lenta/banany-802130f?sid=57;Бананы;https://imgproxy.sbermarket.ru/imgproxy/size-220-220/czM6Ly9jb250ZW50LWltYWdlcy1wcm9kL3Byb2R1Y3RzLzEwNzEyL29yaWdpbmFsLzEvMjAyNC0wNC0wMlQwOCUzQTQwJTNBMjguODU2NzEwJTJCMDAlM0EwMC8xMDcxMl8xLmpwZw==.jpg; https://imgproxy.sbermarket.ru/imgproxy/size-220-220-2x/czM6Ly9jb250ZW50LWltYWdlcy1wcm9kL3Byb2R1Y3RzLzEwNzEyL29yaWdpbmFsLzEvMjAyNC0wNC0wMlQwOCUzQTQwJTNBMjguODU2NzEwJTJCMDAlM0EwMC8xMDcxMl8xLmpwZw==.webp 2x;78,95;-
проспект Альберта Камалеева, 32Б, Казань, Республика Татарстан;ovoshchi-frukti-orekhi;/lenta/pomidory-flamenko-slivovidnye-5d6c185?sid=57;Помидоры Flamenko сливовидные;https://imgproxy.sbermarket.ru/imgproxy/size-220-220/czM6Ly9jb250ZW50LWltYWdlcy1wcm9kL3Byb2R1Y3RzLzIxMjcxNzI4L29yaWdpbmFsLzEvMjAyMy0wMy0wMlQxMiUzQTU4JTNBMjcuODc1NjEyJTJCMDAlM0EwMC8yMTI3MTcyOF8xLmpwZw==.jpg; https://imgproxy.sbermarket.ru/imgproxy/size-220-220-2x/czM6Ly9jb250ZW50LWltYWdlcy1wcm9kL3Byb2R1Y3RzLzIxMjcxNzI4L29yaWdpbmFsLzEvMjAyMy0wMy0wMlQxMiUzQTU4JTNBMjcuODc1NjEyJTJCMDAlM0EwMC8yMTI3MTcyOF8xLmpwZw==.webp 2x;81,00;91,59
проспект Альберта Камалеева, 32Б, Казань, Республика Татарстан;ovoshchi-frukti-orekhi;/lenta/nabor-zeleni-lenta-ukrop-petrushka-zelenyy-luk-100-g-7bcbe6e?sid=57;Набор зелени Лента укроп-петрушка-зеленый лук 100 г;https://imgproxy.sbermarket.ru/imgproxy/size-220-220/czM6Ly9jb250ZW50LWltYWdlcy1wcm9kL3Byb2R1Y3RzLzE1NjM3OTU1L29yaWdpbmFsLzEvMjAyMi0wOC0yM1QxNiUzQTEzJTNBMTcuODM5MDAwJTJCMDAlM0EwMC8xNTYzNzk1NV8xLmpwZw==.jpg; https://imgproxy.sbermarket.ru/imgproxy/size-220-220-2x/czM6Ly9jb250ZW50LWltYWdlcy1wcm9kL3Byb2R1Y3RzLzE1NjM3OTU1L29yaWdpbmFsLzEvMjAyMi0wOC0yM1QxNiUzQTEzJTNBMTcuODM5MDAwJTJCMDAlM0EwMC8xNTYzNzk1NV8xLmpwZw==.webp 2x;79,99;105,29
проспект Альберта Камалеева, 32Б, Казань, Республика Татарстан;ovoshchi-frukti-orekhi;/lenta/kabachki-6bb3456?sid=57;Кабачки;https://imgproxy.sbermarket.ru/imgproxy/size-220-220/czM6Ly9jb250ZW50LWltYWdlcy1wcm9kL3Byb2R1Y3RzLzMwNjc4L29yaWdpbmFsLzEvMjAyMi0wOC0yMlQyMSUzQTI2JTNBNTkuMjY3MDAwJTJCMDAlM0EwMC8zMDY3OF8xLmpwZw==.jpg; https://imgproxy.sbermarket.ru/imgproxy/size-220-220-2x/czM6Ly9jb250ZW50LWltYWdlcy1wcm9kL3Byb2R1Y3RzLzMwNjc4L29yaWdpbmFsLzEvMjAyMi0wOC0yMlQyMSUzQTI2JTNBNTkuMjY3MDAwJTJCMDAlM0EwMC8zMDY3OF8xLmpwZw==.webp 2x;50,00;63,20
проспект Альберта Камалеева, 32Б, Казань, Республика Татарстан;ovoshchi-frukti-orekhi;/lenta/persiki-db6b9bf?sid=57;Персики;https://imgproxy.sbermarket.ru/imgproxy/size-220-220/czM6Ly9jb250ZW50LWltYWdlcy1wcm9kL3Byb2R1Y3RzLzcyMjU5L29yaWdpbmFsLzEvMjAyMi0wOC0yMlQxNSUzQTE4JTNBNTUuMTYwMDAwJTJCMDAlM0EwMC83MjI1OV8xLmpwZw==.jpg; https://imgproxy.sbermarket.ru/imgproxy/size-220-220-2x/czM6Ly9jb250ZW50LWltYWdlcy1wcm9kL3Byb2R1Y3RzLzcyMjU5L29yaWdpbmFsLzEvMjAyMi0wOC0yMlQxNSUzQTE4JTNBNTUuMTYwMDAwJTJCMDAlM0EwMC83MjI1OV8xLmpwZw==.webp 2x;149,99;210,59
проспект Альберта Камалеева, 32Б, Казань, Республика Татарстан;ovoshchi-frukti-orekhi;/lenta/apel-siny-0a3da3c?sid=57;Апельсины;https://imgproxy.sbermarket.ru/imgproxy/size-220-220/czM6Ly9jb250ZW50LWltYWdlcy1wcm9kL3Byb2R1Y3RzLzMwMDM2L29yaWdpbmFsLzEvMjAyMy0xMS0yNFQxNiUzQTI5JTNBMTAuMjM2OTUwJTJCMDAlM0EwMC8zMDAzNl8xLmpwZw==.jpg; https://imgproxy.sbermarket.ru/imgproxy/size-220-220-2x/czM6Ly9jb250ZW50LWltYWdlcy1wcm9kL3Byb2R1Y3RzLzMwMDM2L29yaWdpbmFsLzEvMjAyMy0xMS0yNFQxNiUzQTI5JTNBMTAuMjM2OTUwJTJCMDAlM0EwMC8zMDAzNl8xLmpwZw==.webp 2x;99,99;-
проспект Альберта Камалеева, 32Б, Казань, Республика Татарстан;ovoshchi-frukti-orekhi;/lenta/kapusta-belokochannaya-novyy-urozhay-1-5-kg?sid=57;Капуста белокочанная новый урожай ~1,5 кг;https://imgproxy.sbermarket.ru/imgproxy/size-220-220/czM6Ly9jb250ZW50LWltYWdlcy1wcm9kL3Byb2R1Y3RzLzcwMjQwL29yaWdpbmFsLzEvMjAyMi0wOC0yMlQxNSUzQTQ4JTNBMDEuMjQzMDAwJTJCMDAlM0EwMC83MDI0MF8xLmpwZw==.jpg; https://imgproxy.sbermarket.ru/imgproxy/size-220-220-2x/czM6Ly9jb250ZW50LWltYWdlcy1wcm9kL3Byb2R1Y3RzLzcwMjQwL29yaWdpbmFsLzEvMjAyMi0wOC0yMlQxNSUzQTQ4JTNBMDEuMjQzMDAwJTJCMDAlM0EwMC83MDI0MF8xLmpwZw==.webp 2x;85,26;-
проспект Альберта Камалеева, 32Б, Казань, Республика Татарстан;ovoshchi-frukti-orekhi;/lenta/limony-rossiya-33c7c4d?sid=57;Лимоны Россия;https://imgproxy.sbermarket.ru/imgproxy/size-220-220/czM6Ly9jb250ZW50LWltYWdlcy1wcm9kL3Byb2R1Y3RzLzIxODY5NC9vcmlnaW5hbC8xLzIwMjItMDgtMjNUMDglM0E1OSUzQTMzLjkxODAwMCUyQjAwJTNBMDAvMjE4Njk0XzEuanBn.jpg; https://imgproxy.sbermarket.ru/imgproxy/size-220-220-2x/czM6Ly9jb250ZW50LWltYWdlcy1wcm9kL3Byb2R1Y3RzLzIxODY5NC9vcmlnaW5hbC8xLzIwMjItMDgtMjNUMDglM0E1OSUzQTMzLjkxODAwMCUyQjAwJTNBMDAvMjE4Njk0XzEuanBn.webp 2x;49,33;-
проспект Альберта Камалеева, 32Б, Казань, Республика Татарстан;ovoshchi-frukti-orekhi;/lenta/morkov-ekonom-ff57e57?sid=57;Морковь Эконом;https://imgproxy.sbermarket.ru/imgproxy/size-220-220/czM6Ly9jb250ZW50LWltYWdlcy1wcm9kL3Byb2R1Y3RzLzY4MzU4L29yaWdpbmFsLzEvMjAyMi0wOC0yM1QwNyUzQTQ4JTNBMzkuMzI0MDAwJTJCMDAlM0EwMC82ODM1OF8xLmpwZw==.jpg; https://imgproxy.sbermarket.ru/imgproxy/size-220-220-2x/czM6Ly9jb250ZW50LWltYWdlcy1wcm9kL3Byb2R1Y3RzLzY4MzU4L29yaWdpbmFsLzEvMjAyMi0wOC0yM1QwNyUzQTQ4JTNBMzkuMzI0MDAwJTJCMDAlM0EwMC82ODM1OF8xLmpwZw==.webp 2x;63,99;-
проспект Альберта Камалеева, 32Б, Казань, Республика Татарстан;ovoshchi-frukti-orekhi;/lenta/mandariny-f40e881?sid=57;Мандарины;https://imgproxy.sbermarket.ru/imgproxy/size-220-220/czM6Ly9jb250ZW50LWltYWdlcy1wcm9kL3Byb2R1Y3RzLzIxODY2My9vcmlnaW5hbC8xLzIwMjItMDgtMjNUMDMlM0E1MCUzQTUzLjA5MTAwMCUyQjAwJTNBMDAvMjE4NjYzXzEuanBn.jpg; https://imgproxy.sbermarket.ru/imgproxy/size-220-220-2x/czM6Ly9jb250ZW50LWltYWdlcy1wcm9kL3Byb2R1Y3RzLzIxODY2My9vcmlnaW5hbC8xLzIwMjItMDgtMjNUMDMlM0E1MCUzQTUzLjA5MTAwMCUyQjAwJTNBMDAvMjE4NjYzXzEuanBn.webp 2x;134,99;189,49
проспект Альберта Камалеева, 32Б, Казань, Республика Татарстан;ovoshchi-frukti-orekhi;/lenta/vinograd-kishmish-zelenyy-c8231c6?sid=57;Виноград Кишмиш зеленый;https://imgproxy.sbermarket.ru/imgproxy/size-220-220/czM6Ly9jb250ZW50LWltYWdlcy1wcm9kL3Byb2R1Y3RzLzcwMjc2L29yaWdpbmFsLzEvMjAyMi0wOC0yM1QxNyUzQTM2JTNBMDAuNzU1MDAwJTJCMDAlM0EwMC83MDI3Nl8xLmpwZw==.jpg; https://imgproxy.sbermarket.ru/imgproxy/size-220-220-2x/czM6Ly9jb250ZW50LWltYWdlcy1wcm9kL3Byb2R1Y3RzLzcwMjc2L29yaWdpbmFsLzEvMjAyMi0wOC0yM1QxNyUzQTM2JTNBMDAuNzU1MDAwJTJCMDAlM0EwMC83MDI3Nl8xLmpwZw==.webp 2x;150,00;173,70
проспект Альберта Камалеева, 32Б, Казань, Республика Татарстан;ovoshchi-frukti-orekhi;/lenta/pomidory-slivovidnye-3c3154d?sid=57;Помидоры сливовидные;https://imgproxy.sbermarket.ru/imgproxy/size-220-220/czM6Ly9jb250ZW50LWltYWdlcy1wcm9kL3Byb2R1Y3RzLzExMDYyNTkvb3JpZ2luYWwvMS8yMDIyLTA4LTIzVDIyJTNBNTMlM0EyOS43OTYwMDAlMkIwMCUzQTAwLzExMDYyNTlfMS5qcGc=.jpg; https://imgproxy.sbermarket.ru/imgproxy/size-220-220-2x/czM6Ly9jb250ZW50LWltYWdlcy1wcm9kL3Byb2R1Y3RzLzExMDYyNTkvb3JpZ2luYWwvMS8yMDIyLTA4LTIzVDIyJTNBNTMlM0EyOS43OTYwMDAlMkIwMCUzQTAwLzExMDYyNTlfMS5qcGc=.webp 2x;75,00;108,53
проспект Альберта Камалеева, 32Б, Казань, Республика Татарстан;ovoshchi-frukti-orekhi;/lenta/avokado-hass-200-g?sid=57;Авокадо Хасс ~200 г;https://imgproxy.sbermarket.ru/imgproxy/size-220-220/czM6Ly9jb250ZW50LWltYWdlcy1wcm9kL3Byb2R1Y3RzLzI0OTY0MzgzL29yaWdpbmFsLzEvMjAyMy0wNi0yN1QxNSUzQTExJTNBMTIuMDE1MTcwJTJCMDAlM0EwMC8yNDk2NDM4M18xLmpwZw==.jpg; https://imgproxy.sbermarket.ru/imgproxy/size-220-220-2x/czM6Ly9jb250ZW50LWltYWdlcy1wcm9kL3Byb2R1Y3RzLzI0OTY0MzgzL29yaWdpbmFsLzEvMjAyMy0wNi0yN1QxNSUzQTExJTNBMTIuMDE1MTcwJTJCMDAlM0EwMC8yNDk2NDM4M18xLmpwZw==.webp 2x;90,00;105,26
проспект Альберта Камалеева, 32Б, Казань, Республика Татарстан;ovoshchi-frukti-orekhi;/lenta/luk-zelenyy-fe9572f?sid=57;Лук зеленый;https://imgproxy.sbermarket.ru/imgproxy/size-220-220/czM6Ly9jb250ZW50LWltYWdlcy1wcm9kL3Byb2R1Y3RzLzE2MzE2NzE0L29yaWdpbmFsLzEvMjAyMi0wOC0yM1QyMiUzQTE1JTNBMDUuMjc5MDAwJTJCMDAlM0EwMC8xNjMxNjcxNF8xLmpwZw==.jpg; https://imgproxy.sbermarket.ru/imgproxy/size-220-220-2x/czM6Ly9jb250ZW50LWltYWdlcy1wcm9kL3Byb2R1Y3RzLzE2MzE2NzE0L29yaWdpbmFsLzEvMjAyMi0wOC0yM1QyMiUzQTE1JTNBMDUuMjc5MDAwJTJCMDAlM0EwMC8xNjMxNjcxNF8xLmpwZw==.webp 2x;55,00;63,16
проспект Альберта Камалеева, 32Б, Казань, Республика Татарстан;ovoshchi-frukti-orekhi;/lenta/ogurtsy-korotkoplodnye-d950e0e?sid=57;Огурцы короткоплодные;https://imgproxy.sbermarket.ru/imgproxy/size-220-220/czM6Ly9jb250ZW50LWltYWdlcy1wcm9kL3Byb2R1Y3RzLzMwMTA1L29yaWdpbmFsLzEvMjAyMi0wOC0yM1QxOCUzQTIwJTNBMzYuODY5MDAwJTJCMDAlM0EwMC8zMDEwNV8xLmpwZw==.jpg; https://imgproxy.sbermarket.ru/imgproxy/size-220-220-2x/czM6Ly9jb250ZW50LWltYWdlcy1wcm9kL3Byb2R1Y3RzLzMwMTA1L29yaWdpbmFsLzEvMjAyMi0wOC0yM1QxOCUzQTIwJTNBMzYuODY5MDAwJTJCMDAlM0EwMC8zMDEwNV8xLmpwZw==.webp 2x;39,00;51,32
проспект Альберта Камалеева, 32Б, Казань, Республика Татарстан;ovoshchi-frukti-orekhi;/lenta/pomidory-krasnye-becebcf?sid=57;Помидоры красные;https://imgproxy.sbermarket.ru/imgproxy/size-220-220/czM6Ly9jb250ZW50LWltYWdlcy1wcm9kL3Byb2R1Y3RzLzExMDYyNTgvb3JpZ2luYWwvMS8yMDIyLTA4LTIzVDAzJTNBMTQlM0EwMC41NjgwMDAlMkIwMCUzQTAwLzExMDYyNThfMS5qcGc=.jpg; https://imgproxy.sbermarket.ru/imgproxy/size-220-220-2x/czM6Ly9jb250ZW50LWltYWdlcy1wcm9kL3Byb2R1Y3RzLzExMDYyNTgvb3JpZ2luYWwvMS8yMDIyLTA4LTIzVDAzJTNBMTQlM0EwMC41NjgwMDAlMkIwMCUzQTAwLzExMDYyNThfMS5qcGc=.webp 2x;108,53;-
проспект Альберта Камалеева, 32Б, Казань, Республика Татарстан;ovoshchi-frukti-orekhi;/lenta/ukrop-bf1f8da?sid=57;Укроп;https://imgproxy.sbermarket.ru/imgproxy/size-220-220/czM6Ly9jb250ZW50LWltYWdlcy1wcm9kL3Byb2R1Y3RzLzE2MzE2NzEzL29yaWdpbmFsLzEvMjAyMi0wOC0yM1QxMyUzQTU0JTNBMTkuNTU5MDAwJTJCMDAlM0EwMC8xNjMxNjcxM18xLmpwZw==.jpg; https://imgproxy.sbermarket.ru/imgproxy/size-220-220-2x/czM6Ly9jb250ZW50LWltYWdlcy1wcm9kL3Byb2R1Y3RzLzE2MzE2NzEzL29yaWdpbmFsLzEvMjAyMi0wOC0yM1QxMyUzQTU0JTNBMTkuNTU5MDAwJTJCMDAlM0EwMC8xNjMxNjcxM18xLmpwZw==.webp 2x;55,00;63,16
проспект Альберта Камалеева, 32Б, Казань, Республика Татарстан;ovoshchi-frukti-orekhi;/lenta/yabloki-sezonnye-82f5e90?sid=57;Яблоки сезонные;https://imgproxy.sbermarket.ru/imgproxy/size-220-220/czM6Ly9jb250ZW50LWltYWdlcy1wcm9kL3Byb2R1Y3RzLzIzNjkyNzk2L29yaWdpbmFsLzEvMjAyMy0wNC0yNFQwNyUzQTAxJTNBMTEuNjg3NzMyJTJCMDAlM0EwMC8yMzY5Mjc5Nl8xLmpwZw==.jpg; https://imgproxy.sbermarket.ru/imgproxy/size-220-220-2x/czM6Ly9jb250ZW50LWltYWdlcy1wcm9kL3Byb2R1Y3RzLzIzNjkyNzk2L29yaWdpbmFsLzEvMjAyMy0wNC0yNFQwNyUzQTAxJTNBMTEuNjg3NzMyJTJCMDAlM0EwMC8yMzY5Mjc5Nl8xLmpwZw==.webp 2x;50,00;65,80
проспект Альберта Камалеева, 32Б, Казань, Республика Татарстан;ovoshchi-frukti-orekhi;/lenta/perets-sladkiy-zheltyy-e362293?sid=57;Перец сладкий желтый;https://imgproxy.sbermarket.ru/imgproxy/size-220-220/czM6Ly9jb250ZW50LWltYWdlcy1wcm9kL3Byb2R1Y3RzLzcyMjI1L29yaWdpbmFsLzEvMjAyMi0wOC0yM1QwOCUzQTM1JTNBMTAuNzc4MDAwJTJCMDAlM0EwMC83MjIyNV8xLmpwZw==.jpg; https://imgproxy.sbermarket.ru/imgproxy/size-220-220-2x/czM6Ly9jb250ZW50LWltYWdlcy1wcm9kL3Byb2R1Y3RzLzcyMjI1L29yaWdpbmFsLzEvMjAyMi0wOC0yM1QwOCUzQTM1JTNBMTAuNzc4MDAwJTJCMDAlM0EwMC83MjIyNV8xLmpwZw==.webp 2x;100,00;131,60
проспект Альберта Камалеева, 32Б, Казань, Республика Татарстан;ovoshchi-frukti-orekhi;/lenta/kapusta-pekinskaya-1-kg-d71d94a?sid=57;Капуста пекинская ~1 кг;https://imgproxy.sbermarket.ru/imgproxy/size-220-220/czM6Ly9jb250ZW50LWltYWdlcy1wcm9kL3Byb2R1Y3RzLzY5NDEwL29yaWdpbmFsLzEvMjAyMi0wOC0yM1QwMyUzQTExJTNBNDYuMzc1MDAwJTJCMDAlM0EwMC82OTQxMF8xLmpwZw==.jpg; https://imgproxy.sbermarket.ru/imgproxy/size-220-220-2x/czM6Ly9jb250ZW50LWltYWdlcy1wcm9kL3Byb2R1Y3RzLzY5NDEwL29yaWdpbmFsLzEvMjAyMi0wOC0yM1QwMyUzQTExJTNBNDYuMzc1MDAwJTJCMDAlM0EwMC82OTQxMF8xLmpwZw==.webp 2x;99,99;210,52
проспект Альберта Камалеева, 32Б, Казань, Республика Татарстан;ovoshchi-frukti-orekhi;/lenta/redis-krasnyy-500-g-27c8b68?sid=57;Редис красный 500 г;https://imgproxy.sbermarket.ru/imgproxy/size-220-220/czM6Ly9jb250ZW50LWltYWdlcy1wcm9kL3Byb2R1Y3RzLzcwMDE2L29yaWdpbmFsLzEvMjAyMy0wNy0xMlQxNCUzQTA4JTNBMTguMjU5NjIyJTJCMDAlM0EwMC83MDAxNl8xLmpwZw==.jpg; https://imgproxy.sbermarket.ru/imgproxy/size-220-220-2x/czM6Ly9jb250ZW50LWltYWdlcy1wcm9kL3Byb2R1Y3RzLzcwMDE2L29yaWdpbmFsLzEvMjAyMy0wNy0xMlQxNCUzQTA4JTNBMTguMjU5NjIyJTJCMDAlM0EwMC83MDAxNl8xLmpwZw==.webp 2x;89,99;105,29
проспект Альберта Камалеева, 32Б, Казань, Республика Татарстан;ovoshchi-frukti-orekhi;/lenta/luk-zelenyy-lenta-100-g-8912742?sid=57;Лук зеленый Лента 100 г;https://imgproxy.sbermarket.ru/imgproxy/size-220-220/czM6Ly9jb250ZW50LWltYWdlcy1wcm9kL3Byb2R1Y3RzLzE1NTUyMTIyL29yaWdpbmFsLzEvMjAyMi0wOC0yM1QyMSUzQTE2JTNBNTIuNDIyMDAwJTJCMDAlM0EwMC8xNTU1MjEyMl8xLmpwZw==.jpg; https://imgproxy.sbermarket.ru/imgproxy/size-220-220-2x/czM6Ly9jb250ZW50LWltYWdlcy1wcm9kL3Byb2R1Y3RzLzE1NTUyMTIyL29yaWdpbmFsLzEvMjAyMi0wOC0yM1QyMSUzQTE2JTNBNTIuNDIyMDAwJTJCMDAlM0EwMC8xNTU1MjEyMl8xLmpwZw==.webp 2x;69,99;84,29
проспект Альберта Камалеева, 32Б, Казань, Республика Татарстан;ovoshchi-frukti-orekhi;/lenta/shampin-ony-a3a749e?sid=57;Шампиньоны;https://imgproxy.sbermarket.ru/imgproxy/size-220-220/czM6Ly9jb250ZW50LWltYWdlcy1wcm9kL3Byb2R1Y3RzLzM1NTk5MS9vcmlnaW5hbC8xLzIwMjItMDgtMjNUMjElM0EzNSUzQTEyLjk1MzAwMCUyQjAwJTNBMDAvMzU1OTkxXzEuanBn.jpg; https://imgproxy.sbermarket.ru/imgproxy/size-220-220-2x/czM6Ly9jb250ZW50LWltYWdlcy1wcm9kL3Byb2R1Y3RzLzM1NTk5MS9vcmlnaW5hbC8xLzIwMjItMDgtMjNUMjElM0EzNSUzQTEyLjk1MzAwMCUyQjAwJTNBMDAvMzU1OTkxXzEuanBn.webp 2x;152,63;-
проспект Альберта Камалеева, 32Б, Казань, Республика Татарстан;ovoshchi-frukti-orekhi;/lenta/kartofel-ekonom-a45872d?sid=57;Картофель эконом;https://imgproxy.sbermarket.ru/imgproxy/size-220-220/czM6Ly9jb250ZW50LWltYWdlcy1wcm9kL3Byb2R1Y3RzLzcwMjM3L29yaWdpbmFsLzEvMjAyMi0wOC0yM1QwMCUzQTQ1JTNBMjYuMDQ1MDAwJTJCMDAlM0EwMC83MDIzN18xLmpwZw==.jpg; https://imgproxy.sbermarket.ru/imgproxy/size-220-220-2x/czM6Ly9jb250ZW50LWltYWdlcy1wcm9kL3Byb2R1Y3RzLzcwMjM3L29yaWdpbmFsLzEvMjAyMi0wOC0yM1QwMCUzQTQ1JTNBMjYuMDQ1MDAwJTJCMDAlM0EwMC83MDIzN18xLmpwZw==.webp 2x;37,68;-
проспект Альберта Камалеева, 32Б, Казань, Республика Татарстан;ovoshchi-frukti-orekhi;/lenta/golubika-125-g-049c750?sid=57;Голубика 125 г;https://imgproxy.sbermarket.ru/imgproxy/size-220-220/czM6Ly9jb250ZW50LWltYWdlcy1wcm9kL3Byb2R1Y3RzLzQzNTA0L29yaWdpbmFsLzEvMjAyMy0xMS0yNFQxNiUzQTMzJTNBMzEuNDMyNjI5JTJCMDAlM0EwMC80MzUwNF8xLmpwZw==.jpg; https://imgproxy.sbermarket.ru/imgproxy/size-220-220-2x/czM6Ly9jb250ZW50LWltYWdlcy1wcm9kL3Byb2R1Y3RzLzQzNTA0L29yaWdpbmFsLzEvMjAyMy0xMS0yNFQxNiUzQTMzJTNBMzEuNDMyNjI5JTJCMDAlM0EwMC80MzUwNF8xLmpwZw==.webp 2x;184,20;-
проспект Альберта Камалеева, 32Б, Казань, Республика Татарстан;ovoshchi-frukti-orekhi;/lenta/ogurtsy-lenta-korotkoplodnye-kolyuchie-450-g-4cdf23b?sid=57;Огурцы Лента короткоплодные колючие 450 г;https://imgproxy.sbermarket.ru/imgproxy/size-220-220/czM6Ly9jb250ZW50LWltYWdlcy1wcm9kL3Byb2R1Y3RzLzI3MzQyMS9vcmlnaW5hbC8xLzIwMjQtMDQtMjZUMDYlM0E1OCUzQTU5LjM3NTQ0MyUyQjAwJTNBMDAvMjczNDIxXzEucG5n.png; https://imgproxy.sbermarket.ru/imgproxy/size-220-220-2x/czM6Ly9jb250ZW50LWltYWdlcy1wcm9kL3Byb2R1Y3RzLzI3MzQyMS9vcmlnaW5hbC8xLzIwMjQtMDQtMjZUMDYlM0E1OCUzQTU5LjM3NTQ0MyUyQjAwJTNBMDAvMjczNDIxXzEucG5n.webp 2x;99,99;136,89
проспект Альберта Камалеева, 32Б, Казань, Республика Татарстан;ovoshchi-frukti-orekhi;/lenta/salat-listovoy-108d945?sid=57;Салат листовой;https://imgproxy.sbermarket.ru/imgproxy/size-220-220/czM6Ly9jb250ZW50LWltYWdlcy1wcm9kL3Byb2R1Y3RzLzEwNjU3L29yaWdpbmFsLzEvMjAyMy0xMS0yNFQxNiUzQTQ3JTNBNTYuNzMyNzg4JTJCMDAlM0EwMC8xMDY1N18xLmpwZw==.jpg; https://imgproxy.sbermarket.ru/imgproxy/size-220-220-2x/czM6Ly9jb250ZW50LWltYWdlcy1wcm9kL3Byb2R1Y3RzLzEwNjU3L29yaWdpbmFsLzEvMjAyMy0xMS0yNFQxNiUzQTQ3JTNBNTYuNzMyNzg4JTJCMDAlM0EwMC8xMDY1N18xLmpwZw==.webp 2x;73,69;-
проспект Альберта Камалеева, 32Б, Казань, Республика Татарстан;ovoshchi-frukti-orekhi;/lenta/ogurtsy-sredneplodnye-gladkie-d8cc985?sid=57;Огурцы среднеплодные гладкие;https://imgproxy.sbermarket.ru/imgproxy/size-220-220/czM6Ly9jb250ZW50LWltYWdlcy1wcm9kL3Byb2R1Y3RzLzMwNjY5L29yaWdpbmFsLzEvMjAyMi0wOC0yMlQyMSUzQTA5JTNBMzIuNTE5MDAwJTJCMDAlM0EwMC8zMDY2OV8xLmpwZw==.jpg; https://imgproxy.sbermarket.ru/imgproxy/size-220-220-2x/czM6Ly9jb250ZW50LWltYWdlcy1wcm9kL3Byb2R1Y3RzLzMwNjY5L29yaWdpbmFsLzEvMjAyMi0wOC0yMlQyMSUzQTA5JTNBMzIuNTE5MDAwJTJCMDAlM0EwMC8zMDY2OV8xLmpwZw==.webp 2x;46,05;-
проспект Альберта Камалеева, 32Б, Казань, Республика Татарстан;ovoshchi-frukti-orekhi;/lenta/pomidory-bakinskie-73a2876?sid=57;Помидоры Бакинские;https://imgproxy.sbermarket.ru/imgproxy/size-220-220/czM6Ly9jb250ZW50LWltYWdlcy1wcm9kL3Byb2R1Y3RzLzIzNjkzMjg2L29yaWdpbmFsLzEvMjAyMy0xMS0yMFQxNSUzQTM2JTNBNTIuMDY5MjEzJTJCMDAlM0EwMC8yMzY5MzI4Nl8xLmpwZw==.jpg; https://imgproxy.sbermarket.ru/imgproxy/size-220-220-2x/czM6Ly9jb250ZW50LWltYWdlcy1wcm9kL3Byb2R1Y3RzLzIzNjkzMjg2L29yaWdpbmFsLzEvMjAyMy0xMS0yMFQxNSUzQTM2JTNBNTIuMDY5MjEzJTJCMDAlM0EwMC8yMzY5MzI4Nl8xLmpwZw==.webp 2x;81,00;97,92
проспект Альберта Камалеева, 32Б, Казань, Республика Татарстан;ovoshchi-frukti-orekhi;/lenta/salat-rukola-125-g-1e12654?sid=57;Салат Рукола 125 г;https://imgproxy.sbermarket.ru/imgproxy/size-220-220/czM6Ly9jb250ZW50LWltYWdlcy1wcm9kL3Byb2R1Y3RzLzQzNTcxL29yaWdpbmFsLzEvMjAyMi0wOC0yM1QyMiUzQTQ5JTNBMTQuNzI5MDAwJTJCMDAlM0EwMC80MzU3MV8xLmpwZw==.jpg; https://imgproxy.sbermarket.ru/imgproxy/size-220-220-2x/czM6Ly9jb250ZW50LWltYWdlcy1wcm9kL3Byb2R1Y3RzLzQzNTcxL29yaWdpbmFsLzEvMjAyMi0wOC0yM1QyMiUzQTQ5JTNBMTQuNzI5MDAwJTJCMDAlM0EwMC80MzU3MV8xLmpwZw==.webp 2x;119,99;147,39
проспект Альберта Камалеева, 32Б, Казань, Республика Татарстан;ovoshchi-frukti-orekhi;/lenta/pitahayya-krasnaya-s-beloy-myakot-yu-4de287b?sid=57;Питахайя красная с белой мякотью;https://imgproxy.sbermarket.ru/imgproxy/size-220-220/czM6Ly9jb250ZW50LWltYWdlcy1wcm9kL3Byb2R1Y3RzLzIxOTQ3ODEyL29yaWdpbmFsLzEvMjAyMy0wMi0wMVQxNSUzQTMxJTNBMTUuMzA0OTYzJTJCMDAlM0EwMC8yMTk0NzgxMl8xLmpwZw==.jpg; https://imgproxy.sbermarket.ru/imgproxy/size-220-220-2x/czM6Ly9jb250ZW50LWltYWdlcy1wcm9kL3Byb2R1Y3RzLzIxOTQ3ODEyL29yaWdpbmFsLzEvMjAyMy0wMi0wMVQxNSUzQTMxJTNBMTUuMzA0OTYzJTJCMDAlM0EwMC8yMTk0NzgxMl8xLmpwZw==.webp 2x;165,00;236,85
проспект Альберта Камалеева, 32Б, Казань, Республика Татарстан;ovoshchi-frukti-orekhi;/lenta/shampin-ony-svezhie-lenta-green-250-g-0722a51?sid=57;Шампиньоны свежие Лента Green 250 г;https://imgproxy.sbermarket.ru/imgproxy/size-220-220/czM6Ly9jb250ZW50LWltYWdlcy1wcm9kL3Byb2R1Y3RzLzEzNzIwNjkvb3JpZ2luYWwvMS8yMDIyLTA4LTIzVDAxJTNBMDklM0EzOS41OTUwMDAlMkIwMCUzQTAwLzEzNzIwNjlfMS5qcGc=.jpg; https://imgproxy.sbermarket.ru/imgproxy/size-220-220-2x/czM6Ly9jb250ZW50LWltYWdlcy1wcm9kL3Byb2R1Y3RzLzEzNzIwNjkvb3JpZ2luYWwvMS8yMDIyLTA4LTIzVDAxJTNBMDklM0EzOS41OTUwMDAlMkIwMCUzQTAwLzEzNzIwNjlfMS5qcGc=.webp 2x;89,99;115,79
проспект Альберта Камалеева, 32Б, Казань, Республика Татарстан;ovoshchi-frukti-orekhi;/lenta/shampin-ony-korolevskie-2011a12?sid=57;Шампиньоны королевские;https://imgproxy.sbermarket.ru/imgproxy/size-220-220/czM6Ly9jb250ZW50LWltYWdlcy1wcm9kL3Byb2R1Y3RzLzI5ODE5L29yaWdpbmFsLzEvMjAyMi0wOC0yMlQxNCUzQTI4JTNBNDAuNjYzMDAwJTJCMDAlM0EwMC8yOTgxOV8xLmpwZw==.jpg; https://imgproxy.sbermarket.ru/imgproxy/size-220-220-2x/czM6Ly9jb250ZW50LWltYWdlcy1wcm9kL3Byb2R1Y3RzLzI5ODE5L29yaWdpbmFsLzEvMjAyMi0wOC0yMlQxNCUzQTI4JTNBNDAuNjYzMDAwJTJCMDAlM0EwMC8yOTgxOV8xLmpwZw==.webp 2x;135,00;157,90
проспект Альберта Камалеева, 32Б, Казань, Республика Татарстан;ovoshchi-frukti-orekhi;/lenta/longan-6c6d975?sid=57;Лонган;https://imgproxy.sbermarket.ru/imgproxy/size-220-220/czM6Ly9jb250ZW50LWltYWdlcy1wcm9kL3Byb2R1Y3RzLzIyNDY5NTcxL29yaWdpbmFsLzEvMjAyMy0wMS0zMVQxMyUzQTAzJTNBNDguMjEzMjMyJTJCMDAlM0EwMC8yMjQ2OTU3MV8xLmpwZw==.jpg; https://imgproxy.sbermarket.ru/imgproxy/size-220-220-2x/czM6Ly9jb250ZW50LWltYWdlcy1wcm9kL3Byb2R1Y3RzLzIyNDY5NTcxL29yaWdpbmFsLzEvMjAyMy0wMS0zMVQxMyUzQTAzJTNBNDguMjEzMjMyJTJCMDAlM0EwMC8yMjQ2OTU3MV8xLmpwZw==.webp 2x;150,00;205,29
проспект Альберта Камалеева, 32Б, Казань, Республика Татарстан;ovoshchi-frukti-orekhi;/lenta/ogurtsy-luhovitskie-450-g-5063d19?sid=57;Огурцы Луховицкие 450 г;https://imgproxy.sbermarket.ru/imgproxy/size-220-220/czM6Ly9jb250ZW50LWltYWdlcy1wcm9kL3Byb2R1Y3RzLzIwMjUyODQ0L29yaWdpbmFsLzEvMjAyMy0wNi0xNVQxMiUzQTQ1JTNBNDQuOTkyOTcyJTJCMDAlM0EwMC8yMDI1Mjg0NF8xLmpwZw==.jpg; https://imgproxy.sbermarket.ru/imgproxy/size-220-220-2x/czM6Ly9jb250ZW50LWltYWdlcy1wcm9kL3Byb2R1Y3RzLzIwMjUyODQ0L29yaWdpbmFsLzEvMjAyMy0wNi0xNVQxMiUzQTQ1JTNBNDQuOTkyOTcyJTJCMDAlM0EwMC8yMDI1Mjg0NF8xLmpwZw==.webp 2x;89,99;136,89
проспект Альберта Камалеева, 32Б, Казань, Республика Татарстан;ovoshchi-frukti-orekhi;/lenta/kartofel-lenta-fresh-dlya-varki-3-kg-3ba3940?sid=57;Картофель Лента Fresh для варки ~3 кг;https://imgproxy.sbermarket.ru/imgproxy/size-220-220/czM6Ly9jb250ZW50LWltYWdlcy1wcm9kL3Byb2R1Y3RzLzI3MDU0NzAzL29yaWdpbmFsLzEvMjAyMy0xMC0xMVQwNyUzQTU5JTNBMTkuMjkzMjM4JTJCMDAlM0EwMC8yNzA1NDcwM18xLmpwZw==.jpg; https://imgproxy.sbermarket.ru/imgproxy/size-220-220-2x/czM6Ly9jb250ZW50LWltYWdlcy1wcm9kL3Byb2R1Y3RzLzI3MDU0NzAzL29yaWdpbmFsLzEvMjAyMy0xMC0xMVQwNyUzQTU5JTNBMTkuMjkzMjM4JTJCMDAlM0EwMC8yNzA1NDcwM18xLmpwZw==.webp 2x;179,97;221,07
проспект Альберта Камалеева, 32Б, Казань, Республика Татарстан;ovoshchi-frukti-orekhi;/lenta/kartofel-krasnyy-d654588?sid=57;Картофель красный;https://imgproxy.sbermarket.ru/imgproxy/size-220-220/czM6Ly9jb250ZW50LWltYWdlcy1wcm9kL3Byb2R1Y3RzLzc1Nzk4L29yaWdpbmFsLzEvMjAyMi0wOC0yM1QwMSUzQTUyJTNBMTkuOTg1MDAwJTJCMDAlM0EwMC83NTc5OF8xLmpwZw==.jpg; https://imgproxy.sbermarket.ru/imgproxy/size-220-220-2x/czM6Ly9jb250ZW50LWltYWdlcy1wcm9kL3Byb2R1Y3RzLzc1Nzk4L29yaWdpbmFsLzEvMjAyMi0wOC0yM1QwMSUzQTUyJTNBMTkuOTg1MDAwJTJCMDAlM0EwMC83NTc5OF8xLmpwZw==.webp 2x;49,99;63,19
проспект Альберта Камалеева, 32Б, Казань, Республика Татарстан;ovoshchi-frukti-orekhi;/lenta/kartofel-novyy-urozhay-21c4278?sid=57;Картофель Новый Урожай;https://imgproxy.sbermarket.ru/imgproxy/size-220-220/czM6Ly9jb250ZW50LWltYWdlcy1wcm9kL3Byb2R1Y3RzLzIzNzcwNDg1L29yaWdpbmFsLzEvMjAyMy0wNC0yNlQwNyUzQTI1JTNBMDEuMTE1NDIxJTJCMDAlM0EwMC8yMzc3MDQ4NV8xLmpwZw==.jpg; https://imgproxy.sbermarket.ru/imgproxy/size-220-220-2x/czM6Ly9jb250ZW50LWltYWdlcy1wcm9kL3Byb2R1Y3RzLzIzNzcwNDg1L29yaWdpbmFsLzEvMjAyMy0wNC0yNlQwNyUzQTI1JTNBMDEuMTE1NDIxJTJCMDAlM0EwMC8yMzc3MDQ4NV8xLmpwZw==.webp 2x;52,63;-
проспект Альберта Камалеева, 32Б, Казань, Республика Татарстан;ovoshchi-frukti-orekhi;/lenta/klubnika-svezhezamorozhennaya-88e994a?sid=57;Клубника свежезамороженная;https://imgproxy.sbermarket.ru/imgproxy/size-220-220/czM6Ly9jb250ZW50LWltYWdlcy1wcm9kL3Byb2R1Y3RzLzc0MDI2L29yaWdpbmFsLzEvMjAyMi0wOC0yMlQxOSUzQTMxJTNBMDQuOTI4MDAwJTJCMDAlM0EwMC83NDAyNl8xLmpwZw==.jpg; https://imgproxy.sbermarket.ru/imgproxy/size-220-220-2x/czM6Ly9jb250ZW50LWltYWdlcy1wcm9kL3Byb2R1Y3RzLzc0MDI2L29yaWdpbmFsLzEvMjAyMi0wOC0yMlQxOSUzQTMxJTNBMDQuOTI4MDAwJTJCMDAlM0EwMC83NDAyNl8xLmpwZw==.webp 2x;72,33;-
проспект Альберта Камалеева, 32Б, Казань, Республика Татарстан;ovoshchi-frukti-orekhi;/lenta/vishnya-lenta-zamorozhennaya-300-g-8aac579?sid=57;Вишня Лента замороженная 300 г;https://imgproxy.sbermarket.ru/imgproxy/size-220-220/czM6Ly9jb250ZW50LWltYWdlcy1wcm9kL3Byb2R1Y3RzLzI1ODUxNC9vcmlnaW5hbC8xLzIwMjItMDgtMjNUMTUlM0ExOSUzQTIzLjg0MzAwMCUyQjAwJTNBMDAvMjU4NTE0XzEuanBn.jpg; https://imgproxy.sbermarket.ru/imgproxy/size-220-220-2x/czM6Ly9jb250ZW50LWltYWdlcy1wcm9kL3Byb2R1Y3RzLzI1ODUxNC9vcmlnaW5hbC8xLzIwMjItMDgtMjNUMTUlM0ExOSUzQTIzLjg0MzAwMCUyQjAwJTNBMDAvMjU4NTE0XzEuanBn.webp 2x;135,79;-
проспект Альберта Камалеева, 32Б, Казань, Республика Татарстан;ovoshchi-frukti-orekhi;/lenta/shampin-ony-mini-svezhie-lenta-green-300-g-3ab2dd6?sid=57;Шампиньоны мини свежие Лента Green 300 г;https://imgproxy.sbermarket.ru/imgproxy/size-220-220/czM6Ly9jb250ZW50LWltYWdlcy1wcm9kL3Byb2R1Y3RzLzEzNzIwNjUvb3JpZ2luYWwvMS8yMDIyLTA4LTIzVDA1JTNBMDYlM0E0MS4yODkwMDAlMkIwMCUzQTAwLzEzNzIwNjVfMS5qcGc=.jpg; https://imgproxy.sbermarket.ru/imgproxy/size-220-220-2x/czM6Ly9jb250ZW50LWltYWdlcy1wcm9kL3Byb2R1Y3RzLzEzNzIwNjUvb3JpZ2luYWwvMS8yMDIyLTA4LTIzVDA1JTNBMDYlM0E0MS4yODkwMDAlMkIwMCUzQTAwLzEzNzIwNjVfMS5qcGc=.webp 2x;109,99;126,39
проспект Альберта Камалеева, 32Б, Казань, Республика Татарстан;ovoshchi-frukti-orekhi;/lenta/svekla-ekonom-926126b?sid=57;Свекла эконом;https://imgproxy.sbermarket.ru/imgproxy/size-220-220/czM6Ly9jb250ZW50LWltYWdlcy1wcm9kL3Byb2R1Y3RzLzczODY4L29yaWdpbmFsLzEvMjAyMi0wOC0yM1QxNiUzQTAwJTNBMTYuMzcxMDAwJTJCMDAlM0EwMC83Mzg2OF8xLmpwZw==.jpg; https://imgproxy.sbermarket.ru/imgproxy/size-220-220-2x/czM6Ly9jb250ZW50LWltYWdlcy1wcm9kL3Byb2R1Y3RzLzczODY4L29yaWdpbmFsLzEvMjAyMi0wOC0yM1QxNiUzQTAwJTNBMTYuMzcxMDAwJTJCMDAlM0EwMC83Mzg2OF8xLmpwZw==.webp 2x;74,84;-
проспект Альберта Камалеева, 32Б, Казань, Республика Татарстан;ovoshchi-frukti-orekhi;/lenta/mango-egipet-600-g-fc8c2f4?sid=57;Манго Египет ~600 г;https://imgproxy.sbermarket.ru/imgproxy/size-220-220/czM6Ly9jb250ZW50LWltYWdlcy1wcm9kL3Byb2R1Y3RzLzExNjQyNC9vcmlnaW5hbC8xLzIwMjMtMDgtMzFUMDglM0EzNyUzQTQ4Ljc4NTQ4NyUyQjAwJTNBMDAvMTE2NDI0XzEuanBn.jpg; https://imgproxy.sbermarket.ru/imgproxy/size-220-220-2x/czM6Ly9jb250ZW50LWltYWdlcy1wcm9kL3Byb2R1Y3RzLzExNjQyNC9vcmlnaW5hbC8xLzIwMjMtMDgtMzFUMDglM0EzNyUzQTQ4Ljc4NTQ4NyUyQjAwJTNBMDAvMTE2NDI0XzEuanBn.webp 2x;239,99;296,87
проспект Альберта Камалеева, 32Б, Казань, Республика Татарстан;ovoshchi-frukti-orekhi;/lenta/baklazhany-1-kg-05603d9?sid=57;Баклажаны ~1 кг;https://imgproxy.sbermarket.ru/imgproxy/size-220-220/czM6Ly9jb250ZW50LWltYWdlcy1wcm9kL3Byb2R1Y3RzLzExMDYyNDMvb3JpZ2luYWwvMS8yMDIyLTA4LTIzVDA3JTNBMTUlM0E1MC41NTcwMDAlMkIwMCUzQTAwLzExMDYyNDNfMS5qcGc=.jpg; https://imgproxy.sbermarket.ru/imgproxy/size-220-220-2x/czM6Ly9jb250ZW50LWltYWdlcy1wcm9kL3Byb2R1Y3RzLzExMDYyNDMvb3JpZ2luYWwvMS8yMDIyLTA4LTIzVDA3JTNBMTUlM0E1MC41NTcwMDAlMkIwMCUzQTAwLzExMDYyNDNfMS5qcGc=.webp 2x;169,99;210,59
проспект Альберта Камалеева, 32Б, Казань, Республика Татарстан;ovoshchi-frukti-orekhi;/lenta/ukrop-lenta-50-g-171cd9f?sid=57;Укроп Лента 50 г;https://imgproxy.sbermarket.ru/imgproxy/size-220-220/czM6Ly9jb250ZW50LWltYWdlcy1wcm9kL3Byb2R1Y3RzLzE1NTUyMTIxL29yaWdpbmFsLzEvMjAyMi0wOC0yMlQyMCUzQTIzJTNBNTYuNTEwMDAwJTJCMDAlM0EwMC8xNTU1MjEyMV8xLmpwZw==.jpg; https://imgproxy.sbermarket.ru/imgproxy/size-220-220-2x/czM6Ly9jb250ZW50LWltYWdlcy1wcm9kL3Byb2R1Y3RzLzE1NTUyMTIxL29yaWdpbmFsLzEvMjAyMi0wOC0yMlQyMCUzQTIzJTNBNTYuNTEwMDAwJTJCMDAlM0EwMC8xNTU1MjEyMV8xLmpwZw==.webp 2x;44,99;57,89
проспект Альберта Камалеева, 32Б, Казань, Республика Татарстан;ovoshchi-frukti-orekhi;/lenta/shampin-ony-svezhie-lenta-green-400-g-778a118?sid=57;Шампиньоны свежие Лента Green 400 г;https://imgproxy.sbermarket.ru/imgproxy/size-220-220/czM6Ly9jb250ZW50LWltYWdlcy1wcm9kL3Byb2R1Y3RzLzEzNzIwNjcvb3JpZ2luYWwvMS8yMDIyLTA4LTIzVDAxJTNBNTklM0ExOS45NzMwMDAlMkIwMCUzQTAwLzEzNzIwNjdfMS5qcGc=.jpg; https://imgproxy.sbermarket.ru/imgproxy/size-220-220-2x/czM6Ly9jb250ZW50LWltYWdlcy1wcm9kL3Byb2R1Y3RzLzEzNzIwNjcvb3JpZ2luYWwvMS8yMDIyLTA4LTIzVDAxJTNBNTklM0ExOS45NzMwMDAlMkIwMCUzQTAwLzEzNzIwNjdfMS5qcGc=.webp 2x;119,99;147,39
проспект Альберта Камалеева, 32Б, Казань, Республика Татарстан;ovoshchi-frukti-orekhi;/lenta/ananas-1-kg-a6d18bc?sid=57;Ананас ~1 кг;https://imgproxy.sbermarket.ru/imgproxy/size-220-220/czM6Ly9jb250ZW50LWltYWdlcy1wcm9kL3Byb2R1Y3RzLzE0NTkyMzAvb3JpZ2luYWwvMS8yMDIyLTA4LTIzVDA5JTNBMjMlM0EwNC4xMzgwMDAlMkIwMCUzQTAwLzE0NTkyMzBfMS5qcGc=.jpg; https://imgproxy.sbermarket.ru/imgproxy/size-220-220-2x/czM6Ly9jb250ZW50LWltYWdlcy1wcm9kL3Byb2R1Y3RzLzE0NTkyMzAvb3JpZ2luYWwvMS8yMDIyLTA4LTIzVDA5JTNBMjMlM0EwNC4xMzgwMDAlMkIwMCUzQTAwLzE0NTkyMzBfMS5qcGc=.webp 2x;274,99;368,49
проспект Альберта Камалеева, 32Б, Казань, Республика Татарстан;ovoshchi-frukti-orekhi;/lenta/ukrop-lenta-100-g-f710a22?sid=57;Укроп Лента 100 г;https://imgproxy.sbermarket.ru/imgproxy/size-220-220/czM6Ly9jb250ZW50LWltYWdlcy1wcm9kL3Byb2R1Y3RzLzE1NTUyMTE3L29yaWdpbmFsLzEvMjAyMi0wOC0yMlQxNiUzQTE2JTNBMjEuNDM0MDAwJTJCMDAlM0EwMC8xNTU1MjExN18xLmpwZw==.jpg; https://imgproxy.sbermarket.ru/imgproxy/size-220-220-2x/czM6Ly9jb250ZW50LWltYWdlcy1wcm9kL3Byb2R1Y3RzLzE1NTUyMTE3L29yaWdpbmFsLzEvMjAyMi0wOC0yMlQxNiUzQTE2JTNBMjEuNDM0MDAwJTJCMDAlM0EwMC8xNTU1MjExN18xLmpwZw==.webp 2x;69,99;84,29
проспект Альберта Камалеева, 32Б, Казань, Республика Татарстан;ovoshchi-frukti-orekhi;/lenta/rukola-75-g-2e49ac9?sid=57;Рукола 75 г;https://imgproxy.sbermarket.ru/imgproxy/size-220-220/czM6Ly9jb250ZW50LWltYWdlcy1wcm9kL3Byb2R1Y3RzLzI0ODA3NS9vcmlnaW5hbC8xLzIwMjItMDgtMjNUMTUlM0E0MSUzQTU5LjE2MDAwMCUyQjAwJTNBMDAvMjQ4MDc1XzEuanBn.jpg; https://imgproxy.sbermarket.ru/imgproxy/size-220-220-2x/czM6Ly9jb250ZW50LWltYWdlcy1wcm9kL3Byb2R1Y3RzLzI0ODA3NS9vcmlnaW5hbC8xLzIwMjItMDgtMjNUMTUlM0E0MSUzQTU5LjE2MDAwMCUyQjAwJTNBMDAvMjQ4MDc1XzEuanBn.webp 2x;105,29;-
проспект Альберта Камалеева, 32Б, Казань, Республика Татарстан;ovoshchi-frukti-orekhi;/lenta/fasol-struchkovaya-365-dney-zamorozhennaya-400-g-180113f?sid=57;Фасоль стручковая 365 дней замороженная 400 г;https://imgproxy.sbermarket.ru/imgproxy/size-220-220/czM6Ly9jb250ZW50LWltYWdlcy1wcm9kL3Byb2R1Y3RzLzE5ODU5MDkxL29yaWdpbmFsLzEvMjAyNC0wNC0yN1QxMCUzQTQwJTNBMDcuODg4MDgwJTJCMDAlM0EwMC8xOTg1OTA5MV8xLmpwZw==.jpg; https://imgproxy.sbermarket.ru/imgproxy/size-220-220-2x/czM6Ly9jb250ZW50LWltYWdlcy1wcm9kL3Byb2R1Y3RzLzE5ODU5MDkxL29yaWdpbmFsLzEvMjAyNC0wNC0yN1QxMCUzQTQwJTNBMDcuODg4MDgwJTJCMDAlM0EwMC8xOTg1OTA5MV8xLmpwZw==.webp 2x;73,68;-
проспект Альберта Камалеева, 32Б, Казань, Республика Татарстан;ovoshchi-frukti-orekhi;/lenta/grushi-vil-yams-rossiya-146e04e?sid=57;Груши Вильямс Россия;https://imgproxy.sbermarket.ru/imgproxy/size-220-220/czM6Ly9jb250ZW50LWltYWdlcy1wcm9kL3Byb2R1Y3RzLzcwMzg5L29yaWdpbmFsLzEvMjAyMi0wOC0yMlQxNSUzQTA2JTNBNDEuMDMwMDAwJTJCMDAlM0EwMC83MDM4OV8xLmpwZw==.jpg; https://imgproxy.sbermarket.ru/imgproxy/size-220-220-2x/czM6Ly9jb250ZW50LWltYWdlcy1wcm9kL3Byb2R1Y3RzLzcwMzg5L29yaWdpbmFsLzEvMjAyMi0wOC0yMlQxNSUzQTA2JTNBNDEuMDMwMDAwJTJCMDAlM0EwMC83MDM4OV8xLmpwZw==.webp 2x;149,99;210,52
проспект Альберта Камалеева, 32Б, Казань, Республика Татарстан;ovoshchi-frukti-orekhi;/lenta/semechki-podsolnechnye-smakky-zharenye-70-g-eaa8db0?sid=57;Семечки подсолнечные Smakky жареные 70 г;https://imgproxy.sbermarket.ru/imgproxy/size-220-220/czM6Ly9jb250ZW50LWltYWdlcy1wcm9kL3Byb2R1Y3RzLzI3ODI5OTE3L29yaWdpbmFsLzEvMjAyNC0wMS0yNVQwOCUzQTMzJTNBMTAuMzM0MTk1JTJCMDAlM0EwMC8yNzgyOTkxN18xLmpwZw==.jpg; https://imgproxy.sbermarket.ru/imgproxy/size-220-220-2x/czM6Ly9jb250ZW50LWltYWdlcy1wcm9kL3Byb2R1Y3RzLzI3ODI5OTE3L29yaWdpbmFsLzEvMjAyNC0wMS0yNVQwOCUzQTMzJTNBMTAuMzM0MTk1JTJCMDAlM0EwMC8yNzgyOTkxN18xLmpwZw==.webp 2x;29,99;42,19
проспект Альберта Камалеева, 32Б, Казань, Республика Татарстан;ovoshchi-frukti-orekhi;/lenta/kapusta-brokkoli-svoy-urozhay-tselaya-bystrozamorozhennaya-400-g-8aab63d?sid=57;Капуста брокколи Свой Урожай целая быстрозамороженная 400 г;https://imgproxy.sbermarket.ru/imgproxy/size-220-220/czM6Ly9jb250ZW50LWltYWdlcy1wcm9kL3Byb2R1Y3RzLzIxNTg1NzQ2L29yaWdpbmFsLzEvMjAyMi0xMS0yNFQxMiUzQTE4JTNBNDMuNjE1MDAwJTJCMDAlM0EwMC8yMTU4NTc0Nl8xLmpwZw==.jpg; https://imgproxy.sbermarket.ru/imgproxy/size-220-220-2x/czM6Ly9jb250ZW50LWltYWdlcy1wcm9kL3Byb2R1Y3RzLzIxNTg1NzQ2L29yaWdpbmFsLzEvMjAyMi0xMS0yNFQxMiUzQTE4JTNBNDMuNjE1MDAwJTJCMDAlM0EwMC8yMTU4NTc0Nl8xLmpwZw==.webp 2x;124,99;143,29
проспект Альберта Камалеева, 32Б, Казань, Республика Татарстан;ovoshchi-frukti-orekhi;/lenta/shpinat-mini-125-g-db438a3?sid=57;Шпинат мини 125 г;https://imgproxy.sbermarket.ru/imgproxy/size-220-220/czM6Ly9jb250ZW50LWltYWdlcy1wcm9kL3Byb2R1Y3RzLzMyNDgzL29yaWdpbmFsLzEvMjAyMy0xMS0yNFQxNiUzQTMwJTNBMzAuNTc0NzkyJTJCMDAlM0EwMC8zMjQ4M18xLmpwZw==.jpg; https://imgproxy.sbermarket.ru/imgproxy/size-220-220-2x/czM6Ly9jb250ZW50LWltYWdlcy1wcm9kL3Byb2R1Y3RzLzMyNDgzL29yaWdpbmFsLzEvMjAyMy0xMS0yNFQxNiUzQTMwJTNBMzAuNTc0NzkyJTJCMDAlM0EwMC8zMjQ4M18xLmpwZw==.webp 2x;157,89;-
проспект Альберта Камалеева, 32Б, Казань, Республика Татарстан;ovoshchi-frukti-orekhi;/lenta/ovoschnaya-smes-morozko-green-meksikanskaya-rezanaya-bystrozamorozhennaya-400-g-48dc8da?sid=57;Овощная смесь Морозко Green Мексиканская резаная...;https://imgproxy.sbermarket.ru/imgproxy/size-220-220/czM6Ly9jb250ZW50LWltYWdlcy1wcm9kL3Byb2R1Y3RzLzYzNTQwL29yaWdpbmFsLzEvMjAyNC0wMy0xOVQwNyUzQTE3JTNBNTkuMzIyODg5JTJCMDAlM0EwMC82MzU0MF8xLmpwZw==.jpg; https://imgproxy.sbermarket.ru/imgproxy/size-220-220-2x/czM6Ly9jb250ZW50LWltYWdlcy1wcm9kL3Byb2R1Y3RzLzYzNTQwL29yaWdpbmFsLzEvMjAyNC0wMy0xOVQwNyUzQTE3JTNBNTkuMzIyODg5JTJCMDAlM0EwMC82MzU0MF8xLmpwZw==.webp 2x;112,99;147,39
проспект Альберта Камалеева, 32Б, Казань, Республика Татарстан;ovoshchi-frukti-orekhi;/lenta/luk-shalot-svezhiy-5582239?sid=57;Лук шалот свежий;https://imgproxy.sbermarket.ru/imgproxy/size-220-220/czM6Ly9jb250ZW50LWltYWdlcy1wcm9kL3Byb2R1Y3RzLzE5NzQwNi9vcmlnaW5hbC8xLzIwMjItMDgtMjJUMjIlM0ExMiUzQTU5LjczNDAwMCUyQjAwJTNBMDAvMTk3NDA2XzEuanBn.jpg; https://imgproxy.sbermarket.ru/imgproxy/size-220-220-2x/czM6Ly9jb250ZW50LWltYWdlcy1wcm9kL3Byb2R1Y3RzLzE5NzQwNi9vcmlnaW5hbC8xLzIwMjItMDgtMjJUMjIlM0ExMiUzQTU5LjczNDAwMCUyQjAwJTNBMDAvMTk3NDA2XzEuanBn.webp 2x;52,65;-
проспект Альберта Камалеева, 32Б, Казань, Республика Татарстан;ovoshchi-frukti-orekhi;/lenta/kukuruza-green-ray-sladkaya-425-ml-a2d764d?sid=57;Кукуруза Green Ray сладкая 425 мл;https://imgproxy.sbermarket.ru/imgproxy/size-220-220/czM6Ly9jb250ZW50LWltYWdlcy1wcm9kL3Byb2R1Y3RzLzIxNzgzMi9vcmlnaW5hbC8xLzIwMjQtMDItMDRUMTUlM0ExOSUzQTM5LjMwMjYwMyUyQjAwJTNBMDAvMjE3ODMyXzEuanBn.jpg; https://imgproxy.sbermarket.ru/imgproxy/size-220-220-2x/czM6Ly9jb250ZW50LWltYWdlcy1wcm9kL3Byb2R1Y3RzLzIxNzgzMi9vcmlnaW5hbC8xLzIwMjQtMDItMDRUMTUlM0ExOSUzQTM5LjMwMjYwMyUyQjAwJTNBMDAvMjE3ODMyXzEuanBn.webp 2x;69,99;115,79
проспект Альберта Камалеева, 32Б, Казань, Республика Татарстан;ovoshchi-frukti-orekhi;/lenta/golubika-artfruit-125-g-ee50ad3?sid=57;Голубика Artfruit 125 г;https://imgproxy.sbermarket.ru/imgproxy/size-220-220/czM6Ly9jb250ZW50LWltYWdlcy1wcm9kL3Byb2R1Y3RzLzE5NDM1NC9vcmlnaW5hbC8xLzIwMjMtMTEtMjRUMTElM0E0NiUzQTMxLjMzOTc5MCUyQjAwJTNBMDAvMTk0MzU0XzEuanBn.jpg; https://imgproxy.sbermarket.ru/imgproxy/size-220-220-2x/czM6Ly9jb250ZW50LWltYWdlcy1wcm9kL3Byb2R1Y3RzLzE5NDM1NC9vcmlnaW5hbC8xLzIwMjMtMTEtMjRUMTElM0E0NiUzQTMxLjMzOTc5MCUyQjAwJTNBMDAvMTk0MzU0XzEuanBn.webp 2x;249,99;294,79
проспект Альберта Камалеева, 32Б, Казань, Республика Татарстан;ovoshchi-frukti-orekhi;/lenta/salatnaya-smes-belaya-dacha-leon-aysberg-morkov-kapusta-krasnokochannaya-150-g-5a12051?sid=57;Салатная смесь Белая Дача Леон айсберг-морковь-капуста...;https://imgproxy.sbermarket.ru/imgproxy/size-220-220/czM6Ly9jb250ZW50LWltYWdlcy1wcm9kL3Byb2R1Y3RzLzI2NzA3NzEwL29yaWdpbmFsLzEvMjAyMy0xMC0xOVQyMCUzQTU4JTNBNTYuNDQ3NDA0JTJCMDAlM0EwMC8yNjcwNzcxMF8xLmpwZw==.jpg; https://imgproxy.sbermarket.ru/imgproxy/size-220-220-2x/czM6Ly9jb250ZW50LWltYWdlcy1wcm9kL3Byb2R1Y3RzLzI2NzA3NzEwL29yaWdpbmFsLzEvMjAyMy0xMC0xOVQyMCUzQTU4JTNBNTYuNDQ3NDA0JTJCMDAlM0EwMC8yNjcwNzcxMF8xLmpwZw==.webp 2x;159,99;189,49
проспект Альберта Камалеева, 32Б, Казань, Республика Татарстан;ovoshchi-frukti-orekhi;/lenta/lobi-4-sezona-zelenyy-narezannyy-zamorozhennyy-400-g-c54c06e?sid=57;Лоби 4 Сезона зеленый нарезанный замороженный 400 г;https://imgproxy.sbermarket.ru/imgproxy/size-220-220/czM6Ly9jb250ZW50LWltYWdlcy1wcm9kL3Byb2R1Y3RzLzY4NDI5L29yaWdpbmFsLzEvMjAyMi0wOC0yMlQxNSUzQTQ4JTNBNTQuMjYxMDAwJTJCMDAlM0EwMC82ODQyOV8xLmpwZw==.jpg; https://imgproxy.sbermarket.ru/imgproxy/size-220-220-2x/czM6Ly9jb250ZW50LWltYWdlcy1wcm9kL3Byb2R1Y3RzLzY4NDI5L29yaWdpbmFsLzEvMjAyMi0wOC0yMlQxNSUzQTQ4JTNBNTQuMjYxMDAwJTJCMDAlM0EwMC82ODQyOV8xLmpwZw==.webp 2x;119,99;166,39
проспект Альберта Камалеева, 32Б, Казань, Республика Татарстан;ovoshchi-frukti-orekhi;/lenta/luk-repchatyy-otbornyy-1-kg-eb33b43?sid=57;Лук репчатый отборный 1 кг;https://imgproxy.sbermarket.ru/imgproxy/size-220-220/czM6Ly9jb250ZW50LWltYWdlcy1wcm9kL3Byb2R1Y3RzLzE5MjYwMzI2L29yaWdpbmFsLzEvMjAyMi0wOC0yMlQxNCUzQTI3JTNBNTYuNDkyMDAwJTJCMDAlM0EwMC8xOTI2MDMyNl8xLmpwZw==.jpg; https://imgproxy.sbermarket.ru/imgproxy/size-220-220-2x/czM6Ly9jb250ZW50LWltYWdlcy1wcm9kL3Byb2R1Y3RzLzE5MjYwMzI2L29yaWdpbmFsLzEvMjAyMi0wOC0yMlQxNCUzQTI3JTNBNTYuNDkyMDAwJTJCMDAlM0EwMC8xOTI2MDMyNl8xLmpwZw==.webp 2x;105,29;-
проспект Альберта Камалеева, 32Б, Казань, Республика Татарстан;ovoshchi-frukti-orekhi;/lenta/kinza-lenta-50-g-f573bf8?sid=57;Кинза Лента 50 г;https://imgproxy.sbermarket.ru/imgproxy/size-220-220/czM6Ly9jb250ZW50LWltYWdlcy1wcm9kL3Byb2R1Y3RzLzE1NTUyMTIzL29yaWdpbmFsLzEvMjAyMi0wOC0yM1QwNSUzQTQ4JTNBMTYuODgxMDAwJTJCMDAlM0EwMC8xNTU1MjEyM18xLmpwZw==.jpg; https://imgproxy.sbermarket.ru/imgproxy/size-220-220-2x/czM6Ly9jb250ZW50LWltYWdlcy1wcm9kL3Byb2R1Y3RzLzE1NTUyMTIzL29yaWdpbmFsLzEvMjAyMi0wOC0yM1QwNSUzQTQ4JTNBMTYuODgxMDAwJTJCMDAlM0EwMC8xNTU1MjEyM18xLmpwZw==.webp 2x;69,99;84,29
проспект Альберта Камалеева, 32Б, Казань, Республика Татарстан;ovoshchi-frukti-orekhi;/lenta/avokado-artfruit-700-g-f272e88?sid=57;Авокадо Artfruit 700 г;https://imgproxy.sbermarket.ru/imgproxy/size-220-220/czM6Ly9jb250ZW50LWltYWdlcy1wcm9kL3Byb2R1Y3RzLzMxMTAwOC9vcmlnaW5hbC8xLzIwMjMtMTEtMjRUMTElM0E0OSUzQTQ2LjA4Njc3MCUyQjAwJTNBMDAvMzExMDA4XzEuanBn.jpg; https://imgproxy.sbermarket.ru/imgproxy/size-220-220-2x/czM6Ly9jb250ZW50LWltYWdlcy1wcm9kL3Byb2R1Y3RzLzMxMTAwOC9vcmlnaW5hbC8xLzIwMjMtMTEtMjRUMTElM0E0OSUzQTQ2LjA4Njc3MCUyQjAwJTNBMDAvMzExMDA4XzEuanBn.webp 2x;499,99;578,99
проспект Альберта Камалеева, 32Б, Казань, Республика Татарстан;ovoshchi-frukti-orekhi;/lenta/kinza-30-g-8931e7c?sid=57;Кинза 30 г;https://imgproxy.sbermarket.ru/imgproxy/size-220-220/czM6Ly9jb250ZW50LWltYWdlcy1wcm9kL3Byb2R1Y3RzLzIwOTE2MzE5L29yaWdpbmFsLzEvMjAyMy0wNS0xMFQxMiUzQTMyJTNBNTQuNjg3MjE2JTJCMDAlM0EwMC8yMDkxNjMxOV8xLmpwZw==.jpg; https://imgproxy.sbermarket.ru/imgproxy/size-220-220-2x/czM6Ly9jb250ZW50LWltYWdlcy1wcm9kL3Byb2R1Y3RzLzIwOTE2MzE5L29yaWdpbmFsLzEvMjAyMy0wNS0xMFQxMiUzQTMyJTNBNTQuNjg3MjE2JTJCMDAlM0EwMC8yMDkxNjMxOV8xLmpwZw==.webp 2x;54,99;68,49
проспект Альберта Камалеева, 32Б, Казань, Республика Татарстан;ovoshchi-frukti-orekhi;/lenta/luk-repchatyy-e21c471?sid=57;Лук репчатый;https://imgproxy.sbermarket.ru/imgproxy/size-220-220/czM6Ly9jb250ZW50LWltYWdlcy1wcm9kL3Byb2R1Y3RzLzY5OTY3L29yaWdpbmFsLzEvMjAyMi0wOC0yMlQxNyUzQTE0JTNBMjIuNjAzMDAwJTJCMDAlM0EwMC82OTk2N18xLmpwZw==.jpg; https://imgproxy.sbermarket.ru/imgproxy/size-220-220-2x/czM6Ly9jb250ZW50LWltYWdlcy1wcm9kL3Byb2R1Y3RzLzY5OTY3L29yaWdpbmFsLzEvMjAyMi0wOC0yMlQxNyUzQTE0JTNBMjIuNjAzMDAwJTJCMDAlM0EwMC82OTk2N18xLmpwZw==.webp 2x;77,36;-
проспект Альберта Камалеева, 32Б, Казань, Республика Татарстан;ovoshchi-frukti-orekhi;/lenta/yabloki-golden-rossiya-cd8fbef?sid=57;Яблоки Голден Россия;https://imgproxy.sbermarket.ru/imgproxy/size-220-220/czM6Ly9jb250ZW50LWltYWdlcy1wcm9kL3Byb2R1Y3RzLzIxODY3Mi9vcmlnaW5hbC8xLzIwMjItMDgtMjNUMTklM0EwNyUzQTQzLjExMDAwMCUyQjAwJTNBMDAvMjE4NjcyXzEuanBn.jpg; https://imgproxy.sbermarket.ru/imgproxy/size-220-220-2x/czM6Ly9jb250ZW50LWltYWdlcy1wcm9kL3Byb2R1Y3RzLzIxODY3Mi9vcmlnaW5hbC8xLzIwMjItMDgtMjNUMTklM0EwNyUzQTQzLjExMDAwMCUyQjAwJTNBMDAvMjE4NjcyXzEuanBn.webp 2x;129,99;171,05
проспект Альберта Камалеева, 32Б, Казань, Республика Татарстан;ovoshchi-frukti-orekhi;/lenta/pomidor-rozovyy-fermerskiy-235e39b?sid=57;Помидор Розовый Фермерский;https://imgproxy.sbermarket.ru/imgproxy/size-220-220/czM6Ly9jb250ZW50LWltYWdlcy1wcm9kL3Byb2R1Y3RzLzE4OTYyNzQzL29yaWdpbmFsLzEvMjAyMi0wOC0yM1QyMSUzQTE3JTNBMDMuMzU1MDAwJTJCMDAlM0EwMC8xODk2Mjc0M18xLmpwZw==.jpg; https://imgproxy.sbermarket.ru/imgproxy/size-220-220-2x/czM6Ly9jb250ZW50LWltYWdlcy1wcm9kL3Byb2R1Y3RzLzE4OTYyNzQzL29yaWdpbmFsLzEvMjAyMi0wOC0yM1QyMSUzQTE3JTNBMDMuMzU1MDAwJTJCMDAlM0EwMC8xODk2Mjc0M18xLmpwZw==.webp 2x;170,00;200,00
проспект Альберта Камалеева, 32Б, Казань, Республика Татарстан;ovoshchi-frukti-orekhi;/lenta/kapusta-tsvetnaya-1-kg-3a29561?sid=57;Капуста цветная ~1 кг;https://imgproxy.sbermarket.ru/imgproxy/size-220-220/czM6Ly9jb250ZW50LWltYWdlcy1wcm9kL3Byb2R1Y3RzLzI1OTQ4L29yaWdpbmFsLzEvMjAyMi0wOC0yM1QxOSUzQTU1JTNBMTIuMzgyMDAwJTJCMDAlM0EwMC8yNTk0OF8xLmpwZw==.jpg; https://imgproxy.sbermarket.ru/imgproxy/size-220-220-2x/czM6Ly9jb250ZW50LWltYWdlcy1wcm9kL3Byb2R1Y3RzLzI1OTQ4L29yaWdpbmFsLzEvMjAyMi0wOC0yM1QxOSUzQTU1JTNBMTIuMzgyMDAwJTJCMDAlM0EwMC8yNTk0OF8xLmpwZw==.webp 2x;231,57;-
проспект Альберта Камалеева, 32Б, Казань, Республика Татарстан;ovoshchi-frukti-orekhi;/lenta/pomidory-slivovidnye-zheltye-514746a?sid=57;Помидоры сливовидные желтые;https://imgproxy.sbermarket.ru/imgproxy/size-220-220/czM6Ly9jb250ZW50LWltYWdlcy1wcm9kL3Byb2R1Y3RzLzI0ODA5MS9vcmlnaW5hbC8xLzIwMjItMDgtMjNUMjIlM0EyMyUzQTU1Ljk1MzAwMCUyQjAwJTNBMDAvMjQ4MDkxXzEuanBn.jpg; https://imgproxy.sbermarket.ru/imgproxy/size-220-220-2x/czM6Ly9jb250ZW50LWltYWdlcy1wcm9kL3Byb2R1Y3RzLzI0ODA5MS9vcmlnaW5hbC8xLzIwMjItMDgtMjNUMjIlM0EyMyUzQTU1Ljk1MzAwMCUyQjAwJTNBMDAvMjQ4MDkxXzEuanBn.webp 2x;165,00;189,50
