проспект Альберта Камалеева, 32Б, Казань, Республика Татарстан;bakaleya;/metro/makaronnye-izdeliya-federici-bantiki-400-g-c03987d?sid=1;Макаронные изделия Federici Бантики 400 г;https://imgproxy.sbermarket.ru/imgproxy/size-220-220/czM6Ly9jb250ZW50LWltYWdlcy1wcm9kL3Byb2R1Y3RzLzQ0NzY5L29yaWdpbmFsLzEvMjAyMy0xMS0yNFQxNiUzQTM0JTNBMDIuOTk1MzQ1JTJCMDAlM0EwMC80NDc2OV8xLmpwZw==.jpg; https://imgproxy.sbermarket.ru/imgproxy/size-220-220-2x/czM6Ly9jb250ZW50LWltYWdlcy1wcm9kL3Byb2R1Y3RzLzQ0NzY5L29yaWdpbmFsLzEvMjAyMy0xMS0yNFQxNiUzQTM0JTNBMDIuOTk1MzQ1JTJCMDAlM0EwMC80NDc2OV8xLmpwZw==.webp 2x;59,90;89,90
проспект Альберта Камалеева, 32Б, Казань, Республика Татарстан;bakaleya;/metro/makaronnye-izdeliya-barilla-cellentani-297-450-g-8f2e761?sid=1;Макаронные изделия Barilla Cellentani № 297 450 г;https://imgproxy.sbermarket.ru/imgproxy/size-220-220/czM6Ly9jb250ZW50LWltYWdlcy1wcm9kL3Byb2R1Y3RzLzIxODI4Mi9vcmlnaW5hbC8xLzIwMjMtMTEtMzBUMTglM0E1MyUzQTQyLjgxNDU1NCUyQjAwJTNBMDAvMjE4MjgyXzEuanBn.jpg; https://imgproxy.sbermarket.ru/imgproxy/size-220-220-2x/czM6Ly9jb250ZW50LWltYWdlcy1wcm9kL3Byb2R1Y3RzLzIxODI4Mi9vcmlnaW5hbC8xLzIwMjMtMTEtMzBUMTglM0E1MyUzQTQyLjgxNDU1NCUyQjAwJTNBMDAvMjE4MjgyXzEuanBn.webp 2x;88,90;125,00
проспект Альберта Камалеева, 32Б, Казань, Республика Татарстан;bakaleya;/metro/makaronnye-izdeliya-barilla-girandole-34-450-g-201fd8c?sid=1;Макаронные изделия Barilla Girandole № 34 450 г;https://imgproxy.sbermarket.ru/imgproxy/size-220-220/czM6Ly9jb250ZW50LWltYWdlcy1wcm9kL3Byb2R1Y3RzLzExMzQzMDgvb3JpZ2luYWwvMS8yMDIzLTExLTMwVDE4JTNBMzYlM0E1OS4zNDQwMDIlMkIwMCUzQTAwLzExMzQzMDhfMS5qcGc=.jpg; https://imgproxy.sbermarket.ru/imgproxy/size-220-220-2x/czM6Ly9jb250ZW50LWltYWdlcy1wcm9kL3Byb2R1Y3RzLzExMzQzMDgvb3JpZ2luYWwvMS8yMDIzLTExLTMwVDE4JTNBMzYlM0E1OS4zNDQwMDIlMkIwMCUzQTAwLzExMzQzMDhfMS5qcGc=.webp 2x;88,90;125,00
проспект Альберта Камалеева, 32Б, Казань, Республика Татарстан;bakaleya;/metro/krupa-grechnevaya-aro-1-kg-c14bdca?sid=1;Крупа гречневая Aro 1 кг;https://imgproxy.sbermarket.ru/imgproxy/size-220-220/czM6Ly9jb250ZW50LWltYWdlcy1wcm9kL3Byb2R1Y3RzLzEyOTM1Mi9vcmlnaW5hbC8xLzIwMjMtMTEtMzBUMTglM0E1MyUzQTI5LjU2MjU2OCUyQjAwJTNBMDAvMTI5MzUyXzEuanBn.jpg; https://imgproxy.sbermarket.ru/imgproxy/size-220-220-2x/czM6Ly9jb250ZW50LWltYWdlcy1wcm9kL3Byb2R1Y3RzLzEyOTM1Mi9vcmlnaW5hbC8xLzIwMjMtMTEtMzBUMTglM0E1MyUzQTI5LjU2MjU2OCUyQjAwJTNBMDAvMTI5MzUyXzEuanBn.webp 2x;42,99;-
проспект Альберта Камалеева, 32Б, Казань, Республика Татарстан;bakaleya;/metro/makaronnye-izdeliya-barilla-capellini-1-450-g-376f6a7?sid=1;Макаронные изделия Barilla Capellini № 1 450 г;https://imgproxy.sbermarket.ru/imgproxy/size-220-220/czM6Ly9jb250ZW50LWltYWdlcy1wcm9kL3Byb2R1Y3RzLzE0NjQ1MDYvb3JpZ2luYWwvMS8yMDIzLTExLTMwVDE4JTNBNDAlM0EzNi41Njg2ODUlMkIwMCUzQTAwLzE0NjQ1MDZfMS5qcGc=.jpg; https://imgproxy.sbermarket.ru/imgproxy/size-220-220-2x/czM6Ly9jb250ZW50LWltYWdlcy1wcm9kL3Byb2R1Y3RzLzE0NjQ1MDYvb3JpZ2luYWwvMS8yMDIzLTExLTMwVDE4JTNBNDAlM0EzNi41Njg2ODUlMkIwMCUzQTAwLzE0NjQ1MDZfMS5qcGc=.webp 2x;88,90;125,00
проспект Альберта Камалеева, 32Б, Казань, Республика Татарстан;bakaleya;/metro/sahar-aro-sveklovichnyy-belyy-pesok-1-kg-8cfc2c2?sid=1;Сахар Aro свекловичный белый песок 1 кг;https://imgproxy.sbermarket.ru/imgproxy/size-220-220/czM6Ly9jb250ZW50LWltYWdlcy1wcm9kL3Byb2R1Y3RzLzE3MjgxNDYzL29yaWdpbmFsLzEvMjAyMy0xMS0zMFQxOCUzQTUyJTNBMzguMjgyMDQ0JTJCMDAlM0EwMC8xNzI4MTQ2M18xLmpwZw==.jpg; https://imgproxy.sbermarket.ru/imgproxy/size-220-220-2x/czM6Ly9jb250ZW50LWltYWdlcy1wcm9kL3Byb2R1Y3RzLzE3MjgxNDYzL29yaWdpbmFsLzEvMjAyMy0xMS0zMFQxOCUzQTUyJTNBMzguMjgyMDQ0JTJCMDAlM0EwMC8xNzI4MTQ2M18xLmpwZw==.webp 2x;67,99;-
проспект Альберта Камалеева, 32Б, Казань, Республика Татарстан;bakaleya;/metro/muka-makfa-risovaya-500-g-85dea3d?sid=1;Мука Makfa рисовая 500 г;https://imgproxy.sbermarket.ru/imgproxy/size-220-220/czM6Ly9jb250ZW50LWltYWdlcy1wcm9kL3Byb2R1Y3RzLzE1MjYxNzg5L29yaWdpbmFsLzEvMjAyMy0xMS0zMFQxOCUzQTQyJTNBNDYuMjA4NDQ4JTJCMDAlM0EwMC8xNTI2MTc4OV8xLmpwZw==.jpg; https://imgproxy.sbermarket.ru/imgproxy/size-220-220-2x/czM6Ly9jb250ZW50LWltYWdlcy1wcm9kL3Byb2R1Y3RzLzE1MjYxNzg5L29yaWdpbmFsLzEvMjAyMy0xMS0zMFQxOCUzQTQyJTNBNDYuMjA4NDQ4JTJCMDAlM0EwMC8xNTI2MTc4OV8xLmpwZw==.webp 2x;74,90;99,90
проспект Альберта Камалеева, 32Б, Казань, Республика Татарстан;bakaleya;/metro/muka-makfa-pshenichnaya-hlebopekarnaya-vysshiy-sort-1-kg-0fd05d3?sid=1;Мука Makfa пшеничная хлебопекарная высший сорт 1 кг;https://imgproxy.sbermarket.ru/imgproxy/size-220-220/czM6Ly9jb250ZW50LWltYWdlcy1wcm9kL3Byb2R1Y3RzLzYxNDUwL29yaWdpbmFsLzEvMjAyMy0xMS0yNFQxNiUzQTMyJTNBMDYuNzE0MTAzJTJCMDAlM0EwMC82MTQ1MF8xLmpwZw==.jpg; https://imgproxy.sbermarket.ru/imgproxy/size-220-220-2x/czM6Ly9jb250ZW50LWltYWdlcy1wcm9kL3Byb2R1Y3RzLzYxNDUwL29yaWdpbmFsLzEvMjAyMy0xMS0yNFQxNiUzQTMyJTNBMDYuNzE0MTAzJTJCMDAlM0EwMC82MTQ1MF8xLmpwZw==.webp 2x;59,90;65,90
проспект Альберта Камалеева, 32Б, Казань, Республика Татарстан;bakaleya;/metro/makaronnye-izdeliya-metro-chef-spagetti-450-g-57cf5fc?sid=1;Макаронные изделия Metro Chef Спагетти 450 г;https://imgproxy.sbermarket.ru/imgproxy/size-220-220/czM6Ly9jb250ZW50LWltYWdlcy1wcm9kL3Byb2R1Y3RzLzIyMjEzOTE0L29yaWdpbmFsLzEvMjAyMy0xMS0yOFQxOCUzQTAwJTNBMjQuMDcyMzI3JTJCMDAlM0EwMC8yMjIxMzkxNF8xLmpwZw==.jpg; https://imgproxy.sbermarket.ru/imgproxy/size-220-220-2x/czM6Ly9jb250ZW50LWltYWdlcy1wcm9kL3Byb2R1Y3RzLzIyMjEzOTE0L29yaWdpbmFsLzEvMjAyMy0xMS0yOFQxOCUzQTAwJTNBMjQuMDcyMzI3JTJCMDAlM0EwMC8yMjIxMzkxNF8xLmpwZw==.webp 2x;49,90;59,90
проспект Альберта Камалеева, 32Б, Казань, Республика Татарстан;bakaleya;/metro/ris-natsional-dlya-plova-srednezernyy-shlifovannyy-900-g-b0f5958?sid=1;Рис Националь Для плова среднезерный шлифованный 900 г;https://imgproxy.sbermarket.ru/imgproxy/size-220-220/czM6Ly9jb250ZW50LWltYWdlcy1wcm9kL3Byb2R1Y3RzLzU1NjUxL29yaWdpbmFsLzEvMjAyNC0wNC0wMVQxNCUzQTQ2JTNBMzQuMTE3ODQwJTJCMDAlM0EwMC81NTY1MV8xLmpwZw==.jpg; https://imgproxy.sbermarket.ru/imgproxy/size-220-220-2x/czM6Ly9jb250ZW50LWltYWdlcy1wcm9kL3Byb2R1Y3RzLzU1NjUxL29yaWdpbmFsLzEvMjAyNC0wNC0wMVQxNCUzQTQ2JTNBMzQuMTE3ODQwJTJCMDAlM0EwMC81NTY1MV8xLmpwZw==.webp 2x;135,00;-
проспект Альберта Камалеева, 32Б, Казань, Республика Татарстан;bakaleya;/metro/makaronnye-izdeliya-federici-spiral-ki-400-g-a88a10a?sid=1;Макаронные изделия Federici Спиральки 400 г;https://imgproxy.sbermarket.ru/imgproxy/size-220-220/czM6Ly9jb250ZW50LWltYWdlcy1wcm9kL3Byb2R1Y3RzLzE5NTkxNDA5L29yaWdpbmFsLzEvMjAyMy0xMS0yOFQxNyUzQTUwJTNBMjMuMjkxNDQyJTJCMDAlM0EwMC8xOTU5MTQwOV8xLmpwZw==.jpg; https://imgproxy.sbermarket.ru/imgproxy/size-220-220-2x/czM6Ly9jb250ZW50LWltYWdlcy1wcm9kL3Byb2R1Y3RzLzE5NTkxNDA5L29yaWdpbmFsLzEvMjAyMy0xMS0yOFQxNyUzQTUwJTNBMjMuMjkxNDQyJTJCMDAlM0EwMC8xOTU5MTQwOV8xLmpwZw==.webp 2x;54,90;89,90
проспект Альберта Камалеева, 32Б, Казань, Республика Татарстан;bakaleya;/metro/sol-morskaya-4life-natural-naya-yodirovannaya-melkaya-1-kg-3bdcb01?sid=1;Соль морская 4Life натуральная йодированная мелкая 1 кг;https://imgproxy.sbermarket.ru/imgproxy/size-220-220/czM6Ly9jb250ZW50LWltYWdlcy1wcm9kL3Byb2R1Y3RzLzI2NDc1L29yaWdpbmFsLzEvMjAyMy0xMS0yNFQxNiUzQTI3JTNBMDQuNzM5NDI0JTJCMDAlM0EwMC8yNjQ3NV8xLmpwZw==.jpg; https://imgproxy.sbermarket.ru/imgproxy/size-220-220-2x/czM6Ly9jb250ZW50LWltYWdlcy1wcm9kL3Byb2R1Y3RzLzI2NDc1L29yaWdpbmFsLzEvMjAyMy0xMS0yNFQxNiUzQTI3JTNBMDQuNzM5NDI0JTJCMDAlM0EwMC8yNjQ3NV8xLmpwZw==.webp 2x;89,90;106,00
проспект Альберта Камалеева, 32Б, Казань, Республика Татарстан;bakaleya;/metro/chechevitsa-metro-chef-krasnaya-tsel-naya-450-g-2cce6fd?sid=1;Чечевица Metro Chef красная цельная 450 г;https://imgproxy.sbermarket.ru/imgproxy/size-220-220/czM6Ly9jb250ZW50LWltYWdlcy1wcm9kL3Byb2R1Y3RzLzE4MzM0NjczL29yaWdpbmFsLzEvMjAyMy0xMS0yOFQxNyUzQTQ0JTNBNTguNzczMzkzJTJCMDAlM0EwMC8xODMzNDY3M18xLmpwZw==.jpg; https://imgproxy.sbermarket.ru/imgproxy/size-220-220-2x/czM6Ly9jb250ZW50LWltYWdlcy1wcm9kL3Byb2R1Y3RzLzE4MzM0NjczL29yaWdpbmFsLzEvMjAyMy0xMS0yOFQxNyUzQTQ0JTNBNTguNzczMzkzJTJCMDAlM0EwMC8xODMzNDY3M18xLmpwZw==.webp 2x;99,00;155,00
проспект Альберта Камалеева, 32Б, Казань, Республика Татарстан;bakaleya;/metro/makaronnye-izdeliya-federici-rozhki-riflenye-056-500-g-b5b3c7f?sid=1;Макаронные изделия Federici Рожки рифленые № 056 500 г;https://imgproxy.sbermarket.ru/imgproxy/size-220-220/czM6Ly9jb250ZW50LWltYWdlcy1wcm9kL3Byb2R1Y3RzLzQ1MjMxMi9vcmlnaW5hbC8xLzIwMjMtMTEtMzBUMTglM0E1MiUzQTE5Ljc4NjgwNiUyQjAwJTNBMDAvNDUyMzEyXzEuanBn.jpg; https://imgproxy.sbermarket.ru/imgproxy/size-220-220-2x/czM6Ly9jb250ZW50LWltYWdlcy1wcm9kL3Byb2R1Y3RzLzQ1MjMxMi9vcmlnaW5hbC8xLzIwMjMtMTEtMzBUMTglM0E1MiUzQTE5Ljc4NjgwNiUyQjAwJTNBMDAvNDUyMzEyXzEuanBn.webp 2x;59,90;89,90
проспект Альберта Камалеева, 32Б, Казань, Республика Татарстан;bakaleya;/metro/makaronnye-izdeliya-testov-lapsha-domashnyaya-tonkaya-350-g-9b0de01?sid=1;Макаронные изделия Тестов Лапша домашняя тонкая 350 г;https://imgproxy.sbermarket.ru/imgproxy/size-220-220/czM6Ly9jb250ZW50LWltYWdlcy1wcm9kL3Byb2R1Y3RzLzExNDgzMi9vcmlnaW5hbC8xLzIwMjMtMTEtMjRUMTYlM0E1MiUzQTA2LjQ1ODk0MSUyQjAwJTNBMDAvMTE0ODMyXzEuanBn.jpg; https://imgproxy.sbermarket.ru/imgproxy/size-220-220-2x/czM6Ly9jb250ZW50LWltYWdlcy1wcm9kL3Byb2R1Y3RzLzExNDgzMi9vcmlnaW5hbC8xLzIwMjMtMTEtMjRUMTYlM0E1MiUzQTA2LjQ1ODk0MSUyQjAwJTNBMDAvMTE0ODMyXzEuanBn.webp 2x;82,90;-
проспект Альберта Камалеева, 32Б, Казань, Республика Татарстан;bakaleya;/metro/muka-frantsuzskaya-shtuchka-pshenichnaya-hlebopekarnaya-ekstra-2-kg-0a976c7?sid=1;Мука Французская штучка пшеничная хлебопекарная экстра 2 кг;https://imgproxy.sbermarket.ru/imgproxy/size-220-220/czM6Ly9jb250ZW50LWltYWdlcy1wcm9kL3Byb2R1Y3RzLzYxNjk2L29yaWdpbmFsLzEvMjAyMy0xMS0yNFQxNiUzQTMyJTNBMTQuMDE1MjMzJTJCMDAlM0EwMC82MTY5Nl8xLmpwZw==.jpg; https://imgproxy.sbermarket.ru/imgproxy/size-220-220-2x/czM6Ly9jb250ZW50LWltYWdlcy1wcm9kL3Byb2R1Y3RzLzYxNjk2L29yaWdpbmFsLzEvMjAyMy0xMS0yNFQxNiUzQTMyJTNBMTQuMDE1MjMzJTJCMDAlM0EwMC82MTY5Nl8xLmpwZw==.webp 2x;119,00;157,00
проспект Альберта Камалеева, 32Б, Казань, Республика Татарстан;bakaleya;/metro/smes-hlopiev-mistral-5-zlakov-400-g-c91831e?sid=1;Смесь хлопьев Мистраль 5 злаков 400 г;https://imgproxy.sbermarket.ru/imgproxy/size-220-220/czM6Ly9jb250ZW50LWltYWdlcy1wcm9kL3Byb2R1Y3RzLzg3MjMwL29yaWdpbmFsLzEvMjAyMy0xMS0yNFQxNiUzQTQwJTNBMTAuNzA3MzU0JTJCMDAlM0EwMC84NzIzMF8xLmpwZw==.jpg; https://imgproxy.sbermarket.ru/imgproxy/size-220-220-2x/czM6Ly9jb250ZW50LWltYWdlcy1wcm9kL3Byb2R1Y3RzLzg3MjMwL29yaWdpbmFsLzEvMjAyMy0xMS0yNFQxNiUzQTQwJTNBMTAuNzA3MzU0JTJCMDAlM0EwMC84NzIzMF8xLmpwZw==.webp 2x;64,00;96,90
проспект Альберта Камалеева, 32Б, Казань, Республика Татарстан;bakaleya;/metro/krasiteli-pischevye-parfe-12-g-h-3-sht-73e0b11?sid=1;Красители пищевые Парфэ 12 г х 3 шт;https://imgproxy.sbermarket.ru/imgproxy/size-220-220/czM6Ly9jb250ZW50LWltYWdlcy1wcm9kL3Byb2R1Y3RzLzI0NzI2NS9vcmlnaW5hbC8xLzIwMjMtMTEtMzBUMTglM0E0OCUzQTQ4LjUyOTE1NCUyQjAwJTNBMDAvMjQ3MjY1XzEuanBn.jpg; https://imgproxy.sbermarket.ru/imgproxy/size-220-220-2x/czM6Ly9jb250ZW50LWltYWdlcy1wcm9kL3Byb2R1Y3RzLzI0NzI2NS9vcmlnaW5hbC8xLzIwMjMtMTEtMzBUMTglM0E0OCUzQTQ4LjUyOTE1NCUyQjAwJTNBMDAvMjQ3MjY1XzEuanBn.webp 2x;94,90;-
проспект Альберта Камалеева, 32Б, Казань, Республика Татарстан;bakaleya;/metro/makaronnye-izdeliya-barilla-casarecce-n-288-450-g?sid=1;Макаронные изделия Barilla Casarecce n.288 450 г;https://imgproxy.sbermarket.ru/imgproxy/size-220-220/czM6Ly9jb250ZW50LWltYWdlcy1wcm9kL3Byb2R1Y3RzLzI1OTYwMjI2L29yaWdpbmFsLzEvMjAyMy0xMi0yNlQwOCUzQTU1JTNBNTAuODQyNDc5JTJCMDAlM0EwMC8yNTk2MDIyNl8xLmpwZw==.jpg; https://imgproxy.sbermarket.ru/imgproxy/size-220-220-2x/czM6Ly9jb250ZW50LWltYWdlcy1wcm9kL3Byb2R1Y3RzLzI1OTYwMjI2L29yaWdpbmFsLzEvMjAyMy0xMi0yNlQwOCUzQTU1JTNBNTAuODQyNDc5JTJCMDAlM0EwMC8yNTk2MDIyNl8xLmpwZw==.webp 2x;139,00;286,00
проспект Альберта Камалеева, 32Б, Казань, Республика Татарстан;bakaleya;/metro/sol-povarennaya-aro-samosadochnaya-melkogo-pomola-1-kg?sid=1;Соль поваренная ARO самосадочная мелкого помола 1 кг;https://imgproxy.sbermarket.ru/imgproxy/size-220-220/czM6Ly9jb250ZW50LWltYWdlcy1wcm9kL3Byb2R1Y3RzLzI4NTkyNC9vcmlnaW5hbC8xLzIwMjMtMTEtMzBUMTglM0E1NCUzQTUwLjk5MzgzOSUyQjAwJTNBMDAvMjg1OTI0XzEuanBn.jpg; https://imgproxy.sbermarket.ru/imgproxy/size-220-220-2x/czM6Ly9jb250ZW50LWltYWdlcy1wcm9kL3Byb2R1Y3RzLzI4NTkyNC9vcmlnaW5hbC8xLzIwMjMtMTEtMzBUMTglM0E1NCUzQTUwLjk5MzgzOSUyQjAwJTNBMDAvMjg1OTI0XzEuanBn.webp 2x;12,99;-
проспект Альберта Камалеева, 32Б, Казань, Республика Татарстан;bakaleya;/metro/krupa-grechnevaya-metro-chef-yadritsa-3-kg-a2df285?sid=1;Крупа гречневая Metro Chef ядрица 3 кг;https://imgproxy.sbermarket.ru/imgproxy/size-220-220/czM6Ly9jb250ZW50LWltYWdlcy1wcm9kL3Byb2R1Y3RzLzIwODA3Mi9vcmlnaW5hbC8xLzIwMjMtMTEtMzBUMTglM0E0NyUzQTQyLjA4MDY4MiUyQjAwJTNBMDAvMjA4MDcyXzEuanBn.jpg; https://imgproxy.sbermarket.ru/imgproxy/size-220-220-2x/czM6Ly9jb250ZW50LWltYWdlcy1wcm9kL3Byb2R1Y3RzLzIwODA3Mi9vcmlnaW5hbC8xLzIwMjMtMTEtMzBUMTglM0E0NyUzQTQyLjA4MDY4MiUyQjAwJTNBMDAvMjA4MDcyXzEuanBn.webp 2x;289,00;359,00
проспект Альберта Камалеева, 32Б, Казань, Республика Татарстан;bakaleya;/metro/makaronnye-izdeliya-metro-chef-udon-lapsha-pshenichnaya-500-g-721f73f?sid=1;Макаронные изделия METRO Chef Удон лапша пшеничная 500 г;https://imgproxy.sbermarket.ru/imgproxy/size-220-220/czM6Ly9jb250ZW50LWltYWdlcy1wcm9kL3Byb2R1Y3RzLzM1MzYwL29yaWdpbmFsLzEvMjAyMy0xMS0yNFQxNiUzQTMxJTNBNDAuODg0NjMzJTJCMDAlM0EwMC8zNTM2MF8xLmpwZw==.jpg; https://imgproxy.sbermarket.ru/imgproxy/size-220-220-2x/czM6Ly9jb250ZW50LWltYWdlcy1wcm9kL3Byb2R1Y3RzLzM1MzYwL29yaWdpbmFsLzEvMjAyMy0xMS0yNFQxNiUzQTMxJTNBNDAuODg0NjMzJTJCMDAlM0EwMC8zNTM2MF8xLmpwZw==.webp 2x;174,00;-
проспект Альберта Камалеева, 32Б, Казань, Республика Татарстан;bakaleya;/metro/makaronnye-izdeliya-metro-chef-rakushki-riflenye-450-g-1868ca9?sid=1;Макаронные изделия Metro Chef Ракушки рифленые 450 г;https://imgproxy.sbermarket.ru/imgproxy/size-220-220/czM6Ly9jb250ZW50LWltYWdlcy1wcm9kL3Byb2R1Y3RzLzIyMjQ5OTc1L29yaWdpbmFsLzEvMjAyMy0xMS0yOFQxOCUzQTAwJTNBMzEuMzA2NDIzJTJCMDAlM0EwMC8yMjI0OTk3NV8xLmpwZw==.jpg; https://imgproxy.sbermarket.ru/imgproxy/size-220-220-2x/czM6Ly9jb250ZW50LWltYWdlcy1wcm9kL3Byb2R1Y3RzLzIyMjQ5OTc1L29yaWdpbmFsLzEvMjAyMy0xMS0yOFQxOCUzQTAwJTNBMzEuMzA2NDIzJTJCMDAlM0EwMC8yMjI0OTk3NV8xLmpwZw==.webp 2x;49,90;59,90
проспект Альберта Камалеева, 32Б, Казань, Республика Татарстан;bakaleya;/metro/muka-frantsuzskaya-shtuchka-pshenichnaya-hlebopekarnaya-oboynaya-2-kg-6c67a22?sid=1;Мука Французская штучка пшеничная хлебопекарная обойная 2 кг;https://imgproxy.sbermarket.ru/imgproxy/size-220-220/czM6Ly9jb250ZW50LWltYWdlcy1wcm9kL3Byb2R1Y3RzLzYxNjk1L29yaWdpbmFsLzEvMjAyMy0xMS0yNFQxNiUzQTMyJTNBMTMuODI0NjM3JTJCMDAlM0EwMC82MTY5NV8xLmpwZw==.jpg; https://imgproxy.sbermarket.ru/imgproxy/size-220-220-2x/czM6Ly9jb250ZW50LWltYWdlcy1wcm9kL3Byb2R1Y3RzLzYxNjk1L29yaWdpbmFsLzEvMjAyMy0xMS0yNFQxNiUzQTMyJTNBMTMuODI0NjM3JTJCMDAlM0EwMC82MTY5NV8xLmpwZw==.webp 2x;113,05;135,00
проспект Альберта Камалеева, 32Б, Казань, Республика Татарстан;bakaleya;/metro/makaronnye-izdeliya-testov-lapsha-domashnyaya-lagmannaya-zamorozhennaya-600-g-4471bba?sid=1;Макаронные изделия Тестов Лапша домашняя лагманная...;https://imgproxy.sbermarket.ru/imgproxy/size-220-220/czM6Ly9jb250ZW50LWltYWdlcy1wcm9kL3Byb2R1Y3RzLzg0NTEwOC9vcmlnaW5hbC8xLzIwMjMtMTEtMzBUMTglM0E1MiUzQTQxLjMzODk3NSUyQjAwJTNBMDAvODQ1MTA4XzEuanBn.jpg; https://imgproxy.sbermarket.ru/imgproxy/size-220-220-2x/czM6Ly9jb250ZW50LWltYWdlcy1wcm9kL3Byb2R1Y3RzLzg0NTEwOC9vcmlnaW5hbC8xLzIwMjMtMTEtMzBUMTglM0E1MiUzQTQxLjMzODk3NSUyQjAwJTNBMDAvODQ1MTA4XzEuanBn.webp 2x;119,00;-
проспект Альберта Камалеева, 32Б, Казань, Республика Татарстан;bakaleya;/metro/ris-aro-kruglozernyy-900-g-f18b484?sid=1;Рис Aro круглозерный 900 г;https://imgproxy.sbermarket.ru/imgproxy/size-220-220/czM6Ly9jb250ZW50LWltYWdlcy1wcm9kL3Byb2R1Y3RzLzEzNDM4My9vcmlnaW5hbC8xLzIwMjMtMTEtMzBUMTglM0EzNiUzQTM4LjkyNzMzMyUyQjAwJTNBMDAvMTM0MzgzXzEuanBn.jpg; https://imgproxy.sbermarket.ru/imgproxy/size-220-220-2x/czM6Ly9jb250ZW50LWltYWdlcy1wcm9kL3Byb2R1Y3RzLzEzNDM4My9vcmlnaW5hbC8xLzIwMjMtMTEtMzBUMTglM0EzNiUzQTM4LjkyNzMzMyUyQjAwJTNBMDAvMTM0MzgzXzEuanBn.webp 2x;79,99;-
проспект Альберта Камалеева, 32Б, Казань, Республика Татарстан;bakaleya;/metro/makaronnye-izdeliya-barilla-tortiglioni-83-450-g-2318596?sid=1;Макаронные изделия Barilla Tortiglioni № 83 450 г;https://imgproxy.sbermarket.ru/imgproxy/size-220-220/czM6Ly9jb250ZW50LWltYWdlcy1wcm9kL3Byb2R1Y3RzLzIwOTIwMC9vcmlnaW5hbC8xLzIwMjMtMTEtMzBUMTglM0E0OCUzQTUwLjAxNDA0NiUyQjAwJTNBMDAvMjA5MjAwXzEuanBn.jpg; https://imgproxy.sbermarket.ru/imgproxy/size-220-220-2x/czM6Ly9jb250ZW50LWltYWdlcy1wcm9kL3Byb2R1Y3RzLzIwOTIwMC9vcmlnaW5hbC8xLzIwMjMtMTEtMzBUMTglM0E0OCUzQTUwLjAxNDA0NiUyQjAwJTNBMDAvMjA5MjAwXzEuanBn.webp 2x;88,90;125,00
проспект Альберта Камалеева, 32Б, Казань, Республика Татарстан;bakaleya;/metro/makaronnye-izdeliya-federici-cpagetti-3-400-g-dce6030?sid=1;Макаронные изделия Federici Cпагетти № 3 400 г;https://imgproxy.sbermarket.ru/imgproxy/size-220-220/czM6Ly9jb250ZW50LWltYWdlcy1wcm9kL3Byb2R1Y3RzLzE5NTkxNDA3L29yaWdpbmFsLzEvMjAyMy0xMS0yOFQxNyUzQTUwJTNBMjIuODMyNDIwJTJCMDAlM0EwMC8xOTU5MTQwN18xLmpwZw==.jpg; https://imgproxy.sbermarket.ru/imgproxy/size-220-220-2x/czM6Ly9jb250ZW50LWltYWdlcy1wcm9kL3Byb2R1Y3RzLzE5NTkxNDA3L29yaWdpbmFsLzEvMjAyMy0xMS0yOFQxNyUzQTUwJTNBMjIuODMyNDIwJTJCMDAlM0EwMC8xOTU5MTQwN18xLmpwZw==.webp 2x;52,16;89,90
проспект Альберта Камалеева, 32Б, Казань, Республика Татарстан;bakaleya;/metro/makaronnye-izdeliya-barilla-pipe-rigate-91-450-g-37d0bd3?sid=1;Макаронные изделия Barilla Pipe Rigate № 91 450 г;https://imgproxy.sbermarket.ru/imgproxy/size-220-220/czM6Ly9jb250ZW50LWltYWdlcy1wcm9kL3Byb2R1Y3RzLzE1MDUzNjIvb3JpZ2luYWwvMS8yMDIzLTExLTMwVDE4JTNBMzclM0EzNC4xNDkxNjElMkIwMCUzQTAwLzE1MDUzNjJfMS5qcGc=.jpg; https://imgproxy.sbermarket.ru/imgproxy/size-220-220-2x/czM6Ly9jb250ZW50LWltYWdlcy1wcm9kL3Byb2R1Y3RzLzE1MDUzNjIvb3JpZ2luYWwvMS8yMDIzLTExLTMwVDE4JTNBMzclM0EzNC4xNDkxNjElMkIwMCUzQTAwLzE1MDUzNjJfMS5qcGc=.webp 2x;88,90;125,00
проспект Альберта Камалеева, 32Б, Казань, Республика Татарстан;bakaleya;/metro/makaronnye-izdeliya-barilla-risoni-26-450-g-50836d4?sid=1;Макаронные изделия Barilla Risoni № 26 450 г;https://imgproxy.sbermarket.ru/imgproxy/size-220-220/czM6Ly9jb250ZW50LWltYWdlcy1wcm9kL3Byb2R1Y3RzLzE0Nzk0Nzgvb3JpZ2luYWwvMS8yMDIzLTExLTMwVDE4JTNBNDMlM0E0Mi4zNzkyMzYlMkIwMCUzQTAwLzE0Nzk0NzhfMS5qcGc=.jpg; https://imgproxy.sbermarket.ru/imgproxy/size-220-220-2x/czM6Ly9jb250ZW50LWltYWdlcy1wcm9kL3Byb2R1Y3RzLzE0Nzk0Nzgvb3JpZ2luYWwvMS8yMDIzLTExLTMwVDE4JTNBNDMlM0E0Mi4zNzkyMzYlMkIwMCUzQTAwLzE0Nzk0NzhfMS5qcGc=.webp 2x;88,90;125,00
проспект Альберта Камалеева, 32Б, Казань, Республика Татарстан;bakaleya;/metro/makaronnye-izdeliya-barilla-stelline-27-450-g-5c925f0?sid=1;Макаронные изделия Barilla Stelline № 27 450 г;https://imgproxy.sbermarket.ru/imgproxy/size-220-220/czM6Ly9jb250ZW50LWltYWdlcy1wcm9kL3Byb2R1Y3RzLzI4NjA4MS9vcmlnaW5hbC8xLzIwMjMtMTEtMzBUMTglM0E1NCUzQTU4LjYwNDY1OCUyQjAwJTNBMDAvMjg2MDgxXzEuanBn.jpg; https://imgproxy.sbermarket.ru/imgproxy/size-220-220-2x/czM6Ly9jb250ZW50LWltYWdlcy1wcm9kL3Byb2R1Y3RzLzI4NjA4MS9vcmlnaW5hbC8xLzIwMjMtMTEtMzBUMTglM0E1NCUzQTU4LjYwNDY1OCUyQjAwJTNBMDAvMjg2MDgxXzEuanBn.webp 2x;88,90;125,00
проспект Альберта Камалеева, 32Б, Казань, Республика Татарстан;bakaleya;/metro/ris-miadi-tamashae-basmati-proparennyy-1-kg-c3356f3?sid=1;Рис Miadi ТaMashae Басмати пропаренный 1 кг;https://imgproxy.sbermarket.ru/imgproxy/size-220-220/czM6Ly9jb250ZW50LWltYWdlcy1wcm9kL3Byb2R1Y3RzLzE1ODMzNDc0L29yaWdpbmFsLzEvMjAyMy0xMi0xOVQxNCUzQTAzJTNBMDEuMTg5NzA0JTJCMDAlM0EwMC8xNTgzMzQ3NF8xLmpwZw==.jpg; https://imgproxy.sbermarket.ru/imgproxy/size-220-220-2x/czM6Ly9jb250ZW50LWltYWdlcy1wcm9kL3Byb2R1Y3RzLzE1ODMzNDc0L29yaWdpbmFsLzEvMjAyMy0xMi0xOVQxNCUzQTAzJTNBMDEuMTg5NzA0JTJCMDAlM0EwMC8xNTgzMzQ3NF8xLmpwZw==.webp 2x;349,00;-
проспект Альберта Камалеева, 32Б, Казань, Республика Татарстан;bakaleya;/metro/ris-mistral-zhasmin-belyy-aromatnyy-500-g-f7e70da?sid=1;Рис Мистраль Жасмин белый ароматный 500 г;https://imgproxy.sbermarket.ru/imgproxy/size-220-220/czM6Ly9jb250ZW50LWltYWdlcy1wcm9kL3Byb2R1Y3RzLzU1NDU4L29yaWdpbmFsLzEvMjAyNC0wNC0xNVQwNyUzQTIzJTNBMDAuNjYxNjczJTJCMDAlM0EwMC81NTQ1OF8xLmpwZw==.jpg; https://imgproxy.sbermarket.ru/imgproxy/size-220-220-2x/czM6Ly9jb250ZW50LWltYWdlcy1wcm9kL3Byb2R1Y3RzLzU1NDU4L29yaWdpbmFsLzEvMjAyNC0wNC0xNVQwNyUzQTIzJTNBMDAuNjYxNjczJTJCMDAlM0EwMC81NTQ1OF8xLmpwZw==.webp 2x;126,01;182,00
проспект Альберта Камалеева, 32Б, Казань, Республика Татарстан;bakaleya;/metro/bulgur-bravolli-500-g-787477c?sid=1;Булгур Bravolli 500 г;https://imgproxy.sbermarket.ru/imgproxy/size-220-220/czM6Ly9jb250ZW50LWltYWdlcy1wcm9kL3Byb2R1Y3RzLzQ0NzY1L29yaWdpbmFsLzEvMjAyMy0xMS0yNFQxNiUzQTM0JTNBMDIuODE2MjIwJTJCMDAlM0EwMC80NDc2NV8xLmpwZw==.jpg; https://imgproxy.sbermarket.ru/imgproxy/size-220-220-2x/czM6Ly9jb250ZW50LWltYWdlcy1wcm9kL3Byb2R1Y3RzLzQ0NzY1L29yaWdpbmFsLzEvMjAyMy0xMS0yNFQxNiUzQTM0JTNBMDIuODE2MjIwJTJCMDAlM0EwMC80NDc2NV8xLmpwZw==.webp 2x;111,00;157,00
проспект Альберта Камалеева, 32Б, Казань, Республика Татарстан;bakaleya;/metro/makaronnye-izdeliya-barilla-capellini-450-g?sid=1;Макаронные изделия Barilla Capellini 450 г;https://imgproxy.sbermarket.ru/imgproxy/size-220-220/czM6Ly9jb250ZW50LWltYWdlcy1wcm9kL3Byb2R1Y3RzLzI1OTYwMjMwL29yaWdpbmFsLzEvMjAyMy0xMi0yNlQwOCUzQTU1JTNBNTEuODQyODk5JTJCMDAlM0EwMC8yNTk2MDIzMF8xLmpwZw==.jpg; https://imgproxy.sbermarket.ru/imgproxy/size-220-220-2x/czM6Ly9jb250ZW50LWltYWdlcy1wcm9kL3Byb2R1Y3RzLzI1OTYwMjMwL29yaWdpbmFsLzEvMjAyMy0xMi0yNlQwOCUzQTU1JTNBNTEuODQyODk5JTJCMDAlM0EwMC8yNTk2MDIzMF8xLmpwZw==.webp 2x;139,00;286,00
проспект Альберта Камалеева, 32Б, Казань, Республика Татарстан;bakaleya;/metro/makaronnye-izdeliya-federici-51-cavatappi-pruzhinki-riflenye-500-g-6c3d195?sid=1;Макаронные изделия Federici № 51 Cavatappi Пружинки...;https://imgproxy.sbermarket.ru/imgproxy/size-220-220/czM6Ly9jb250ZW50LWltYWdlcy1wcm9kL3Byb2R1Y3RzLzMyODAxL29yaWdpbmFsLzEvMjAyMy0xMS0yNFQxNiUzQTMwJTNBMzYuMjg3NDQ0JTJCMDAlM0EwMC8zMjgwMV8xLmpwZw==.jpg; https://imgproxy.sbermarket.ru/imgproxy/size-220-220-2x/czM6Ly9jb250ZW50LWltYWdlcy1wcm9kL3Byb2R1Y3RzLzMyODAxL29yaWdpbmFsLzEvMjAyMy0xMS0yNFQxNiUzQTMwJTNBMzYuMjg3NDQ0JTJCMDAlM0EwMC8zMjgwMV8xLmpwZw==.webp 2x;56,91;89,90
проспект Альберта Камалеева, 32Б, Казань, Республика Татарстан;bakaleya;/metro/soda-bsk-pischevaya-500-g-7da9f31?sid=1;Сода БСК пищевая 500 г;https://imgproxy.sbermarket.ru/imgproxy/size-220-220/aHR0cHM6Ly9pbWdwcm94eS5zYmVybWFya2V0LnJ1L2ltZ3Byb3h5L3dpZHRoLWF1dG8vY3pNNkx5OWpiMjUwWlc1MExXbHRZV2RsY3kxd2NtOWtMM0J5YjJSMVkzUnpMekkzTWpVek1pOXZjbWxuYVc1aGJDOHhMekl3TWpRdE1EUXRNamRVTVRrbE0wRTBOQ1V6UVRJekxqZzRNREEwT1NVeVFqQXdKVE5CTURBdk1qY3lOVE15WHpFdWFuQmxadz09LmpwZWc.jpg; https://imgproxy.sbermarket.ru/imgproxy/size-220-220-2x/aHR0cHM6Ly9pbWdwcm94eS5zYmVybWFya2V0LnJ1L2ltZ3Byb3h5L3dpZHRoLWF1dG8vY3pNNkx5OWpiMjUwWlc1MExXbHRZV2RsY3kxd2NtOWtMM0J5YjJSMVkzUnpMekkzTWpVek1pOXZjbWxuYVc1aGJDOHhMekl3TWpRdE1EUXRNamRVTVRrbE0wRTBOQ1V6UVRJekxqZzRNREEwT1NVeVFqQXdKVE5CTURBdk1qY3lOVE15WHpFdWFuQmxadz09LmpwZWc.webp 2x;43,90;-
проспект Альберта Камалеева, 32Б, Казань, Республика Татарстан;bakaleya;/metro/kuskus-bravolli-450-g-fdc7b4a?sid=1;Кускус Bravolli 450 г;https://imgproxy.sbermarket.ru/imgproxy/size-220-220/czM6Ly9jb250ZW50LWltYWdlcy1wcm9kL3Byb2R1Y3RzLzQ0NjcyL29yaWdpbmFsLzEvMjAyMy0xMS0yNFQxNiUzQTMzJTNBNTQuNDA1MjIwJTJCMDAlM0EwMC80NDY3Ml8xLmpwZw==.jpg; https://imgproxy.sbermarket.ru/imgproxy/size-220-220-2x/czM6Ly9jb250ZW50LWltYWdlcy1wcm9kL3Byb2R1Y3RzLzQ0NjcyL29yaWdpbmFsLzEvMjAyMy0xMS0yNFQxNiUzQTMzJTNBNTQuNDA1MjIwJTJCMDAlM0EwMC80NDY3Ml8xLmpwZw==.webp 2x;135,85;175,00
проспект Альберта Камалеева, 32Б, Казань, Республика Татарстан;bakaleya;/metro/chechevitsa-mistral-kanadskaya-zelenaya-tsel-naya-450-g-152c5af?sid=1;Чечевица Мистраль Канадская зеленая цельная 450 г;https://imgproxy.sbermarket.ru/imgproxy/size-220-220/czM6Ly9jb250ZW50LWltYWdlcy1wcm9kL3Byb2R1Y3RzLzE1NzExNDYwL29yaWdpbmFsLzEvMjAyMy0xMS0zMFQxOCUzQTU0JTNBNTguMzk4NjU1JTJCMDAlM0EwMC8xNTcxMTQ2MF8xLmpwZw==.jpg; https://imgproxy.sbermarket.ru/imgproxy/size-220-220-2x/czM6Ly9jb250ZW50LWltYWdlcy1wcm9kL3Byb2R1Y3RzLzE1NzExNDYwL29yaWdpbmFsLzEvMjAyMy0xMS0zMFQxOCUzQTU0JTNBNTguMzk4NjU1JTJCMDAlM0EwMC8xNTcxMTQ2MF8xLmpwZw==.webp 2x;114,00;128,00
проспект Альберта Камалеева, 32Б, Казань, Республика Татарстан;bakaleya;/metro/krupa-mistral-grechnevaya-zelenaya-450-g-1e853fc?sid=1;Крупа Мистраль Гречневая зеленая 450 г;https://imgproxy.sbermarket.ru/imgproxy/size-220-220/czM6Ly9jb250ZW50LWltYWdlcy1wcm9kL3Byb2R1Y3RzLzE1MTExMjEwL29yaWdpbmFsLzEvMjAyMy0xMS0zMFQxOCUzQTM4JTNBMzYuODgzODc3JTJCMDAlM0EwMC8xNTExMTIxMF8xLmpwZw==.jpg; https://imgproxy.sbermarket.ru/imgproxy/size-220-220-2x/czM6Ly9jb250ZW50LWltYWdlcy1wcm9kL3Byb2R1Y3RzLzE1MTExMjEwL29yaWdpbmFsLzEvMjAyMy0xMS0zMFQxOCUzQTM4JTNBMzYuODgzODc3JTJCMDAlM0EwMC8xNTExMTIxMF8xLmpwZw==.webp 2x;89,90;149,00
проспект Альберта Камалеева, 32Б, Казань, Республика Татарстан;bakaleya;/metro/makaronnye-izdeliya-barilla-bavette-13-450-g-a1a52d9?sid=1;Макаронные изделия Barilla Bavette № 13 450 г;https://imgproxy.sbermarket.ru/imgproxy/size-220-220/czM6Ly9jb250ZW50LWltYWdlcy1wcm9kL3Byb2R1Y3RzLzEyODc1Nzkvb3JpZ2luYWwvMS8yMDIzLTExLTMwVDE4JTNBNTIlM0E1NS40Njc3NjYlMkIwMCUzQTAwLzEyODc1NzlfMS5qcGc=.jpg; https://imgproxy.sbermarket.ru/imgproxy/size-220-220-2x/czM6Ly9jb250ZW50LWltYWdlcy1wcm9kL3Byb2R1Y3RzLzEyODc1Nzkvb3JpZ2luYWwvMS8yMDIzLTExLTMwVDE4JTNBNTIlM0E1NS40Njc3NjYlMkIwMCUzQTAwLzEyODc1NzlfMS5qcGc=.webp 2x;88,90;125,00
проспект Альберта Камалеева, 32Б, Казань, Республика Татарстан;bakaleya;/metro/makaronnye-izdeliya-de-cecco-gnocchi-di-patate-kletski-n-okki-kartofel-nye-500-g-2ec138b?sid=1;Макаронные изделия De Cecco Gnocchi di Patate Клецки Ньокки...;https://imgproxy.sbermarket.ru/imgproxy/size-220-220/czM6Ly9jb250ZW50LWltYWdlcy1wcm9kL3Byb2R1Y3RzLzYxODE0L29yaWdpbmFsLzEvMjAyMy0xMS0yNFQxNiUzQTMyJTNBMjEuMTY0NDU2JTJCMDAlM0EwMC82MTgxNF8xLmpwZw==.jpg; https://imgproxy.sbermarket.ru/imgproxy/size-220-220-2x/czM6Ly9jb250ZW50LWltYWdlcy1wcm9kL3Byb2R1Y3RzLzYxODE0L29yaWdpbmFsLzEvMjAyMy0xMS0yNFQxNiUzQTMyJTNBMjEuMTY0NDU2JTJCMDAlM0EwMC82MTgxNF8xLmpwZw==.webp 2x;169,00;259,00
проспект Альберта Камалеева, 32Б, Казань, Республика Татарстан;bakaleya;/metro/muka-makfa-pshenichnaya-hlebopekarnaya-vysshiy-sort-2-kg-7839d64?sid=1;Мука Makfa пшеничная хлебопекарная высший сорт 2 кг;https://imgproxy.sbermarket.ru/imgproxy/size-220-220/czM6Ly9jb250ZW50LWltYWdlcy1wcm9kL3Byb2R1Y3RzLzI0NjUwMy9vcmlnaW5hbC8xLzIwMjMtMTEtMzBUMTglM0E0OCUzQTM2LjIzNDM1NCUyQjAwJTNBMDAvMjQ2NTAzXzEuanBn.jpg; https://imgproxy.sbermarket.ru/imgproxy/size-220-220-2x/czM6Ly9jb250ZW50LWltYWdlcy1wcm9kL3Byb2R1Y3RzLzI0NjUwMy9vcmlnaW5hbC8xLzIwMjMtMTEtMzBUMTglM0E0OCUzQTM2LjIzNDM1NCUyQjAwJTNBMDAvMjQ2NTAzXzEuanBn.webp 2x;127,00;-
проспект Альберта Камалеева, 32Б, Казань, Республика Татарстан;bakaleya;/metro/makaronnye-izdeliya-barilla-lasagne-500-g-0538396?sid=1;Макаронные изделия Barilla Lasagne 500 г;https://imgproxy.sbermarket.ru/imgproxy/size-220-220/czM6Ly9jb250ZW50LWltYWdlcy1wcm9kL3Byb2R1Y3RzLzgxODE0L29yaWdpbmFsLzEvMjAyMy0xMS0yNFQxNiUzQTM4JTNBNTguOTQxMTE3JTJCMDAlM0EwMC84MTgxNF8xLmpwZw==.jpg; https://imgproxy.sbermarket.ru/imgproxy/size-220-220-2x/czM6Ly9jb250ZW50LWltYWdlcy1wcm9kL3Byb2R1Y3RzLzgxODE0L29yaWdpbmFsLzEvMjAyMy0xMS0yNFQxNiUzQTM4JTNBNTguOTQxMTE3JTJCMDAlM0EwMC84MTgxNF8xLmpwZw==.webp 2x;249,00;359,00
проспект Альберта Камалеева, 32Б, Казань, Республика Татарстан;bakaleya;/metro/makaronnye-izdeliya-metro-chef-vermishel-450-g-c521ce5?sid=1;Макаронные изделия Metro Chef Вермишель 450 г;https://imgproxy.sbermarket.ru/imgproxy/size-220-220/czM6Ly9jb250ZW50LWltYWdlcy1wcm9kL3Byb2R1Y3RzLzIyMjEzOTE2L29yaWdpbmFsLzEvMjAyMy0xMS0yOFQxOCUzQTAwJTNBMjQuNDcyOTIxJTJCMDAlM0EwMC8yMjIxMzkxNl8xLmpwZw==.jpg; https://imgproxy.sbermarket.ru/imgproxy/size-220-220-2x/czM6Ly9jb250ZW50LWltYWdlcy1wcm9kL3Byb2R1Y3RzLzIyMjEzOTE2L29yaWdpbmFsLzEvMjAyMy0xMS0yOFQxOCUzQTAwJTNBMjQuNDcyOTIxJTJCMDAlM0EwMC8yMjIxMzkxNl8xLmpwZw==.webp 2x;47,41;59,90
проспект Альберта Камалеева, 32Б, Казань, Республика Татарстан;bakaleya;/metro/sol-pischevaya-ekstra-yodirovannaya-500-g-6251ee3?sid=1;Соль пищевая Экстра йодированная 500 г;https://imgproxy.sbermarket.ru/imgproxy/size-220-220/czM6Ly9jb250ZW50LWltYWdlcy1wcm9kL3Byb2R1Y3RzLzIyMTA3NzAyL29yaWdpbmFsLzEvMjAyMy0xMS0yOFQxNyUzQTU4JTNBNTguNDE0MDM2JTJCMDAlM0EwMC8yMjEwNzcwMl8xLmpwZw==.jpg; https://imgproxy.sbermarket.ru/imgproxy/size-220-220-2x/czM6Ly9jb250ZW50LWltYWdlcy1wcm9kL3Byb2R1Y3RzLzIyMTA3NzAyL29yaWdpbmFsLzEvMjAyMy0xMS0yOFQxNyUzQTU4JTNBNTguNDE0MDM2JTJCMDAlM0EwMC8yMjEwNzcwMl8xLmpwZw==.webp 2x;64,90;-
проспект Альберта Камалеева, 32Б, Казань, Республика Татарстан;bakaleya;/metro/hlop-ya-mistral-ovsyanye-tsel-nozernovye-400-g-57dc0ba?sid=1;Хлопья Мистраль Овсяные цельнозерновые 400 г;https://imgproxy.sbermarket.ru/imgproxy/size-220-220/czM6Ly9jb250ZW50LWltYWdlcy1wcm9kL3Byb2R1Y3RzLzE0MjE5MDQvb3JpZ2luYWwvMS8yMDIzLTExLTMwVDE4JTNBMzclM0ExMy43OTI0MDAlMkIwMCUzQTAwLzE0MjE5MDRfMS5qcGc=.jpg; https://imgproxy.sbermarket.ru/imgproxy/size-220-220-2x/czM6Ly9jb250ZW50LWltYWdlcy1wcm9kL3Byb2R1Y3RzLzE0MjE5MDQvb3JpZ2luYWwvMS8yMDIzLTExLTMwVDE4JTNBMzclM0ExMy43OTI0MDAlMkIwMCUzQTAwLzE0MjE5MDRfMS5qcGc=.webp 2x;54,00;80,91
проспект Альберта Камалеева, 32Б, Казань, Республика Татарстан;bakaleya;/metro/sahar-aro-belyy-pesok-5-kg-aaa97db?sid=1;Сахар ARO белый песок 5 кг;https://imgproxy.sbermarket.ru/imgproxy/size-220-220/czM6Ly9jb250ZW50LWltYWdlcy1wcm9kL3Byb2R1Y3RzLzIzNzYyOTQwL29yaWdpbmFsLzEvMjAyMy0xMS0yNFQxNSUzQTMzJTNBMTIuMjk4NTgzJTJCMDAlM0EwMC8yMzc2Mjk0MF8xLmpwZw==.jpg; https://imgproxy.sbermarket.ru/imgproxy/size-220-220-2x/czM6Ly9jb250ZW50LWltYWdlcy1wcm9kL3Byb2R1Y3RzLzIzNzYyOTQwL29yaWdpbmFsLzEvMjAyMy0xMS0yNFQxNSUzQTMzJTNBMTIuMjk4NTgzJTJCMDAlM0EwMC8yMzc2Mjk0MF8xLmpwZw==.webp 2x;339,90;-
проспект Альберта Камалеева, 32Б, Казань, Республика Татарстан;bakaleya;/metro/kasha-russkiy-produkt-gerkules-500-g-d029d42?sid=1;Каша Русский Продукт геркулес 500 г;https://imgproxy.sbermarket.ru/imgproxy/size-220-220/czM6Ly9jb250ZW50LWltYWdlcy1wcm9kL3Byb2R1Y3RzLzU5NjM1L29yaWdpbmFsLzEvMjAyMy0xMS0yNFQxNiUzQTM5JTNBMTIuNTY3MTcxJTJCMDAlM0EwMC81OTYzNV8xLmpwZw==.jpg; https://imgproxy.sbermarket.ru/imgproxy/size-220-220-2x/czM6Ly9jb250ZW50LWltYWdlcy1wcm9kL3Byb2R1Y3RzLzU5NjM1L29yaWdpbmFsLzEvMjAyMy0xMS0yNFQxNiUzQTM5JTNBMTIuNTY3MTcxJTJCMDAlM0EwMC81OTYzNV8xLmpwZw==.webp 2x;70,21;73,90
проспект Альберта Камалеева, 32Б, Казань, Республика Татарстан;bakaleya;/metro/krahmal-metro-chef-kukuruznyy-500-g-3d64fea?sid=1;Крахмал Metro Chef кукурузный 500 г;https://imgproxy.sbermarket.ru/imgproxy/size-220-220/czM6Ly9jb250ZW50LWltYWdlcy1wcm9kL3Byb2R1Y3RzLzIxMTMzNTM5L29yaWdpbmFsLzEvMjAyMy0xMS0yOFQxNyUzQTU1JTNBNDMuODc4NzAxJTJCMDAlM0EwMC8yMTEzMzUzOV8xLmpwZw==.jpg; https://imgproxy.sbermarket.ru/imgproxy/size-220-220-2x/czM6Ly9jb250ZW50LWltYWdlcy1wcm9kL3Byb2R1Y3RzLzIxMTMzNTM5L29yaWdpbmFsLzEvMjAyMy0xMS0yOFQxNyUzQTU1JTNBNDMuODc4NzAxJTJCMDAlM0EwMC8yMTEzMzUzOV8xLmpwZw==.webp 2x;94,90;-
проспект Альберта Камалеева, 32Б, Казань, Республика Татарстан;bakaleya;/metro/krahmal-garnets-kukuruznyy-400-g-e4995fa?sid=1;Крахмал Гарнец кукурузный 400 г;https://imgproxy.sbermarket.ru/imgproxy/size-220-220/czM6Ly9jb250ZW50LWltYWdlcy1wcm9kL3Byb2R1Y3RzLzE4MTQ3MTU5L29yaWdpbmFsLzEvMjAyMy0xMS0yOFQxNyUzQTQzJTNBNDQuMDI0NzQ3JTJCMDAlM0EwMC8xODE0NzE1OV8xLmpwZw==.jpg; https://imgproxy.sbermarket.ru/imgproxy/size-220-220-2x/czM6Ly9jb250ZW50LWltYWdlcy1wcm9kL3Byb2R1Y3RzLzE4MTQ3MTU5L29yaWdpbmFsLzEvMjAyMy0xMS0yOFQxNyUzQTQzJTNBNDQuMDI0NzQ3JTJCMDAlM0EwMC8xODE0NzE1OV8xLmpwZw==.webp 2x;90,00;122,00
проспект Альберта Камалеева, 32Б, Казань, Республика Татарстан;bakaleya;/metro/krupa-grechnevaya-mistral-yadritsa-v-varochnyh-paketikah-80-g-h-5-sht-bf13137?sid=1;Крупа гречневая Мистраль ядрица в варочных пакетиках 80 г х...;https://imgproxy.sbermarket.ru/imgproxy/size-220-220/czM6Ly9jb250ZW50LWltYWdlcy1wcm9kL3Byb2R1Y3RzLzEwOTM4MTMvb3JpZ2luYWwvMS8yMDIzLTExLTMwVDE4JTNBMzQlM0EzNi43OTY5MDElMkIwMCUzQTAwLzEwOTM4MTNfMS5qcGc=.jpg; https://imgproxy.sbermarket.ru/imgproxy/size-220-220-2x/czM6Ly9jb250ZW50LWltYWdlcy1wcm9kL3Byb2R1Y3RzLzEwOTM4MTMvb3JpZ2luYWwvMS8yMDIzLTExLTMwVDE4JTNBMzQlM0EzNi43OTY5MDElMkIwMCUzQTAwLzEwOTM4MTNfMS5qcGc=.webp 2x;75,91;128,00
проспект Альберта Камалеева, 32Б, Казань, Республика Татарстан;bakaleya;/metro/makaronnye-izdeliya-sen-soy-egg-noodles-lapsha-yaichnaya-300-g-c207636?sid=1;Макаронные изделия Sen Soy Egg Noodles Лапша яичная 300 г;https://imgproxy.sbermarket.ru/imgproxy/size-220-220/czM6Ly9jb250ZW50LWltYWdlcy1wcm9kL3Byb2R1Y3RzLzI0ODI0L29yaWdpbmFsLzEvMjAyMy0xMS0yNFQxNiUzQTMyJTNBMDguOTM1NjM0JTJCMDAlM0EwMC8yNDgyNF8xLmpwZw==.jpg; https://imgproxy.sbermarket.ru/imgproxy/size-220-220-2x/czM6Ly9jb250ZW50LWltYWdlcy1wcm9kL3Byb2R1Y3RzLzI0ODI0L29yaWdpbmFsLzEvMjAyMy0xMS0yNFQxNiUzQTMyJTNBMDguOTM1NjM0JTJCMDAlM0EwMC8yNDgyNF8xLmpwZw==.webp 2x;119,00;139,00
проспект Альберта Камалеева, 32Б, Казань, Республика Татарстан;bakaleya;/metro/drozhzhi-lyuks-ekstra-hlebopekarnye-pressovannye-100-g?sid=1;Дрожжи Люкс Экстра хлебопекарные прессованные 100 г;https://imgproxy.sbermarket.ru/imgproxy/size-220-220/czM6Ly9jb250ZW50LWltYWdlcy1wcm9kL3Byb2R1Y3RzLzE0NjU5MDcvb3JpZ2luYWwvMS8yMDIzLTExLTMwVDE4JTNBNDAlM0E0NC43ODE1NDclMkIwMCUzQTAwLzE0NjU5MDdfMS5qcGc=.jpg; https://imgproxy.sbermarket.ru/imgproxy/size-220-220-2x/czM6Ly9jb250ZW50LWltYWdlcy1wcm9kL3Byb2R1Y3RzLzE0NjU5MDcvb3JpZ2luYWwvMS8yMDIzLTExLTMwVDE4JTNBNDAlM0E0NC43ODE1NDclMkIwMCUzQTAwLzE0NjU5MDdfMS5qcGc=.webp 2x;21,90;-
проспект Альберта Камалеева, 32Б, Казань, Республика Татарстан;bakaleya;/metro/makaronnye-izdeliya-metro-chef-rozhki-450-g-23fa8f4?sid=1;Макаронные изделия Metro Chef Рожки 450 г;https://imgproxy.sbermarket.ru/imgproxy/size-220-220/czM6Ly9jb250ZW50LWltYWdlcy1wcm9kL3Byb2R1Y3RzLzIyMjEzOTEwL29yaWdpbmFsLzEvMjAyMy0xMS0yOFQxOCUzQTAwJTNBMjMuMjEwNjU4JTJCMDAlM0EwMC8yMjIxMzkxMF8xLmpwZw==.jpg; https://imgproxy.sbermarket.ru/imgproxy/size-220-220-2x/czM6Ly9jb250ZW50LWltYWdlcy1wcm9kL3Byb2R1Y3RzLzIyMjEzOTEwL29yaWdpbmFsLzEvMjAyMy0xMS0yOFQxOCUzQTAwJTNBMjMuMjEwNjU4JTJCMDAlM0EwMC8yMjIxMzkxMF8xLmpwZw==.webp 2x;47,41;59,90
проспект Альберта Камалеева, 32Б, Казань, Республика Татарстан;bakaleya;/metro/limonnaya-kislota-metro-chef-250-g-26de989?sid=1;Лимонная кислота Metro Chef 250 г;https://imgproxy.sbermarket.ru/imgproxy/size-220-220/czM6Ly9jb250ZW50LWltYWdlcy1wcm9kL3Byb2R1Y3RzLzIyNTcxNDM2L29yaWdpbmFsLzEvMjAyMy0xMS0yNFQxNSUzQTI2JTNBNDEuNTE1OTc2JTJCMDAlM0EwMC8yMjU3MTQzNl8xLmpwZw==.jpg; https://imgproxy.sbermarket.ru/imgproxy/size-220-220-2x/czM6Ly9jb250ZW50LWltYWdlcy1wcm9kL3Byb2R1Y3RzLzIyNTcxNDM2L29yaWdpbmFsLzEvMjAyMy0xMS0yNFQxNSUzQTI2JTNBNDEuNTE1OTc2JTJCMDAlM0EwMC8yMjU3MTQzNl8xLmpwZw==.webp 2x;184,00;-
проспект Альберта Камалеева, 32Б, Казань, Республика Татарстан;bakaleya;/metro/makaronnye-izdeliya-maltagliati-kapellini-450-g-b86efc9?sid=1;Макаронные изделия Maltagliati Капеллини 450 г;https://imgproxy.sbermarket.ru/imgproxy/size-220-220/czM6Ly9jb250ZW50LWltYWdlcy1wcm9kL3Byb2R1Y3RzLzE4NDYxNzkxL29yaWdpbmFsLzEvMjAyMy0xMS0yOFQxNyUzQTQ1JTNBMjQuMTQ4Nzg1JTJCMDAlM0EwMC8xODQ2MTc5MV8xLmpwZw==.jpg; https://imgproxy.sbermarket.ru/imgproxy/size-220-220-2x/czM6Ly9jb250ZW50LWltYWdlcy1wcm9kL3Byb2R1Y3RzLzE4NDYxNzkxL29yaWdpbmFsLzEvMjAyMy0xMS0yOFQxNyUzQTQ1JTNBMjQuMTQ4Nzg1JTJCMDAlM0EwMC8xODQ2MTc5MV8xLmpwZw==.webp 2x;65,46;105,00
проспект Альберта Камалеева, 32Б, Казань, Республика Татарстан;bakaleya;/metro/bulgur-mistral-belyy-droblenyy-proparennyy-500-g?sid=1;Булгур Мистраль белый дробленый пропаренный 500 г;https://imgproxy.sbermarket.ru/imgproxy/size-220-220/czM6Ly9jb250ZW50LWltYWdlcy1wcm9kL3Byb2R1Y3RzLzMyNzQ0L29yaWdpbmFsLzEvMjAyMy0xMS0yNFQxNiUzQTMwJTNBMzQuOTI4MTE0JTJCMDAlM0EwMC8zMjc0NF8xLmpwZw==.jpg; https://imgproxy.sbermarket.ru/imgproxy/size-220-220-2x/czM6Ly9jb250ZW50LWltYWdlcy1wcm9kL3Byb2R1Y3RzLzMyNzQ0L29yaWdpbmFsLzEvMjAyMy0xMS0yNFQxNiUzQTMwJTNBMzQuOTI4MTE0JTJCMDAlM0EwMC8zMjc0NF8xLmpwZw==.webp 2x;121,00;-
проспект Альберта Камалеева, 32Б, Казань, Республика Татарстан;bakaleya;/metro/muka-makfa-pshenichnaya-hlebopekarnaya-ekstra-2-kg-438ad75?sid=1;Мука Makfa пшеничная хлебопекарная Экстра 2 кг;https://imgproxy.sbermarket.ru/imgproxy/size-220-220/czM6Ly9jb250ZW50LWltYWdlcy1wcm9kL3Byb2R1Y3RzLzY5MTYxL29yaWdpbmFsLzEvMjAyMy0xMS0yNFQxNiUzQTM0JTNBMjMuNTMzMzQxJTJCMDAlM0EwMC82OTE2MV8xLmpwZw==.jpg; https://imgproxy.sbermarket.ru/imgproxy/size-220-220-2x/czM6Ly9jb250ZW50LWltYWdlcy1wcm9kL3Byb2R1Y3RzLzY5MTYxL29yaWdpbmFsLzEvMjAyMy0xMS0yNFQxNiUzQTM0JTNBMjMuNTMzMzQxJTJCMDAlM0EwMC82OTE2MV8xLmpwZw==.webp 2x;149,00;169,00
проспект Альберта Камалеева, 32Б, Казань, Республика Татарстан;bakaleya;/metro/ris-uvelka-kruglozernyy-shlifovannyy-800-g?sid=1;Рис Увелка круглозерный шлифованный 800 г;https://imgproxy.sbermarket.ru/imgproxy/size-220-220/czM6Ly9jb250ZW50LWltYWdlcy1wcm9kL3Byb2R1Y3RzLzI1ODI2OS9vcmlnaW5hbC8xLzIwMjMtMTEtMjRUMTElM0E0OCUzQTA0LjM5NTcyNCUyQjAwJTNBMDAvMjU4MjY5XzEuanBn.jpg; https://imgproxy.sbermarket.ru/imgproxy/size-220-220-2x/czM6Ly9jb250ZW50LWltYWdlcy1wcm9kL3Byb2R1Y3RzLzI1ODI2OS9vcmlnaW5hbC8xLzIwMjMtMTEtMjRUMTElM0E0OCUzQTA0LjM5NTcyNCUyQjAwJTNBMDAvMjU4MjY5XzEuanBn.webp 2x;109,00;139,00
проспект Альберта Камалеева, 32Б, Казань, Республика Татарстан;bakaleya;/metro/makaronnye-izdeliya-barilla-fusilli-integrale-450-g?sid=1;Макаронные изделия Barilla Fusilli Integrale 450 г;https://imgproxy.sbermarket.ru/imgproxy/size-220-220/czM6Ly9jb250ZW50LWltYWdlcy1wcm9kL3Byb2R1Y3RzLzI2NDc0OTA4L29yaWdpbmFsLzEvMjAyMy0xMS0yNFQxNSUzQTQzJTNBNTguMzI1ODY2JTJCMDAlM0EwMC8yNjQ3NDkwOF8xLmpwZw==.jpg; https://imgproxy.sbermarket.ru/imgproxy/size-220-220-2x/czM6Ly9jb250ZW50LWltYWdlcy1wcm9kL3Byb2R1Y3RzLzI2NDc0OTA4L29yaWdpbmFsLzEvMjAyMy0xMS0yNFQxNSUzQTQzJTNBNTguMzI1ODY2JTJCMDAlM0EwMC8yNjQ3NDkwOF8xLmpwZw==.webp 2x;109,00;215,00
проспект Альберта Камалеева, 32Б, Казань, Республика Татарстан;bakaleya;/metro/makaronnye-izdeliya-barilla-fusilli-450-g-f1bc871?sid=1;Макаронные изделия Barilla Fusilli 450 г;https://imgproxy.sbermarket.ru/imgproxy/size-220-220/czM6Ly9jb250ZW50LWltYWdlcy1wcm9kL3Byb2R1Y3RzLzE2MjczNDAxL29yaWdpbmFsLzEvMjAyMy0xMS0zMFQxOCUzQTU0JTNBMjQuMzk3OTgxJTJCMDAlM0EwMC8xNjI3MzQwMV8xLmpwZw==.jpg; https://imgproxy.sbermarket.ru/imgproxy/size-220-220-2x/czM6Ly9jb250ZW50LWltYWdlcy1wcm9kL3Byb2R1Y3RzLzE2MjczNDAxL29yaWdpbmFsLzEvMjAyMy0xMS0zMFQxOCUzQTU0JTNBMjQuMzk3OTgxJTJCMDAlM0EwMC8xNjI3MzQwMV8xLmpwZw==.webp 2x;109,00;215,00
проспект Альберта Камалеева, 32Б, Казань, Республика Татарстан;bakaleya;/metro/muka-metro-chef-pshenichnaya-obschego-naznacheniya-vysshiy-sort-2-kg-d1c84fd?sid=1;Мука Metro Chef пшеничная общего назначения высший сорт 2 кг;https://imgproxy.sbermarket.ru/imgproxy/size-220-220/czM6Ly9jb250ZW50LWltYWdlcy1wcm9kL3Byb2R1Y3RzLzE1ODc0MTkxL29yaWdpbmFsLzEvMjAyMy0xMS0zMFQxOCUzQTQ3JTNBMzEuODg3ODc3JTJCMDAlM0EwMC8xNTg3NDE5MV8xLmpwZw==.jpg; https://imgproxy.sbermarket.ru/imgproxy/size-220-220-2x/czM6Ly9jb250ZW50LWltYWdlcy1wcm9kL3Byb2R1Y3RzLzE1ODc0MTkxL29yaWdpbmFsLzEvMjAyMy0xMS0zMFQxOCUzQTQ3JTNBMzEuODg3ODc3JTJCMDAlM0EwMC8xNTg3NDE5MV8xLmpwZw==.webp 2x;96,90;-
проспект Альберта Камалеева, 32Б, Казань, Республика Татарстан;bakaleya;/metro/ris-mistral-zhasmin-belyy-aromatnyy-v-varochnyh-paketikah-80-g-h-5-sht-3f9fa51?sid=1;Рис Мистраль Жасмин белый ароматный в варочных пакетиках 80...;https://imgproxy.sbermarket.ru/imgproxy/size-220-220/czM6Ly9jb250ZW50LWltYWdlcy1wcm9kL3Byb2R1Y3RzLzEwODg4OS9vcmlnaW5hbC8xLzIwMjMtMTEtMjRUMTYlM0E1MCUzQTIwLjkxMDgyNCUyQjAwJTNBMDAvMTA4ODg5XzEuanBn.jpg; https://imgproxy.sbermarket.ru/imgproxy/size-220-220-2x/czM6Ly9jb250ZW50LWltYWdlcy1wcm9kL3Byb2R1Y3RzLzEwODg4OS9vcmlnaW5hbC8xLzIwMjMtMTEtMjRUMTYlM0E1MCUzQTIwLjkxMDgyNCUyQjAwJTNBMDAvMTA4ODg5XzEuanBn.webp 2x;149,15;157,00
проспект Альберта Камалеева, 32Б, Казань, Республика Татарстан;bakaleya;/metro/makaronnye-izdeliya-federici-per-ya-riflenye-23-400-g?sid=1;Макаронные изделия Federici Перья рифленые № 23 400 г;https://imgproxy.sbermarket.ru/imgproxy/size-220-220/czM6Ly9jb250ZW50LWltYWdlcy1wcm9kL3Byb2R1Y3RzLzE5NTkxNDA4L29yaWdpbmFsLzEvMjAyMy0xMS0yOFQxNyUzQTUwJTNBMjMuMDQ1MzgwJTJCMDAlM0EwMC8xOTU5MTQwOF8xLmpwZw==.jpg; https://imgproxy.sbermarket.ru/imgproxy/size-220-220-2x/czM6Ly9jb250ZW50LWltYWdlcy1wcm9kL3Byb2R1Y3RzLzE5NTkxNDA4L29yaWdpbmFsLzEvMjAyMy0xMS0yOFQxNyUzQTUwJTNBMjMuMDQ1MzgwJTJCMDAlM0EwMC8xOTU5MTQwOF8xLmpwZw==.webp 2x;54,90;89,90
проспект Альберта Камалеева, 32Б, Казань, Республика Татарстан;bakaleya;/metro/posypka-dr-bakers-tri-shokolada-10-g-9184e9e?sid=1;Посыпка Dr.Bakers Три шоколада 10 г;https://imgproxy.sbermarket.ru/imgproxy/size-220-220/czM6Ly9jb250ZW50LWltYWdlcy1wcm9kL3Byb2R1Y3RzLzIxMzY4MTkyL29yaWdpbmFsLzEvMjAyMy0xMS0yOFQxNyUzQTU4JTNBMjIuMzQwMTczJTJCMDAlM0EwMC8yMTM2ODE5Ml8xLmpwZw==.jpg; https://imgproxy.sbermarket.ru/imgproxy/size-220-220-2x/czM6Ly9jb250ZW50LWltYWdlcy1wcm9kL3Byb2R1Y3RzLzIxMzY4MTkyL29yaWdpbmFsLzEvMjAyMy0xMS0yOFQxNyUzQTU4JTNBMjIuMzQwMTczJTJCMDAlM0EwMC8yMTM2ODE5Ml8xLmpwZw==.webp 2x;27,90;54,90
проспект Альберта Камалеева, 32Б, Казань, Республика Татарстан;bakaleya;/metro/muka-makfa-ovsyanaya-500-g-3d5d36c?sid=1;Мука Makfa овсяная 500 г;https://imgproxy.sbermarket.ru/imgproxy/size-220-220/czM6Ly9jb250ZW50LWltYWdlcy1wcm9kL3Byb2R1Y3RzLzE2MTg0MDQyL29yaWdpbmFsLzEvMjAyMy0xMS0zMFQxOCUzQTUzJTNBMzIuODkzMDc1JTJCMDAlM0EwMC8xNjE4NDA0Ml8xLmpwZw==.jpg; https://imgproxy.sbermarket.ru/imgproxy/size-220-220-2x/czM6Ly9jb250ZW50LWltYWdlcy1wcm9kL3Byb2R1Y3RzLzE2MTg0MDQyL29yaWdpbmFsLzEvMjAyMy0xMS0zMFQxOCUzQTUzJTNBMzIuODkzMDc1JTJCMDAlM0EwMC8xNjE4NDA0Ml8xLmpwZw==.webp 2x;69,91;84,90
проспект Альберта Камалеева, 32Б, Казань, Республика Татарстан;bakaleya;/metro/lapsha-big-lanch-s-govyadinoy-v-ostrom-souse-90-g-824071d?sid=1;Лапша Биг Ланч с говядиной в остром соусе 90 г;https://imgproxy.sbermarket.ru/imgproxy/size-220-220/czM6Ly9jb250ZW50LWltYWdlcy1wcm9kL3Byb2R1Y3RzLzIyODk3MDQ0L29yaWdpbmFsLzEvMjAyMy0wMy0wM1QwOCUzQTU0JTNBMDkuOTY1MDAwJTJCMDAlM0EwMC8yMjg5NzA0NF8xLmpwZw==.jpg; https://imgproxy.sbermarket.ru/imgproxy/size-220-220-2x/czM6Ly9jb250ZW50LWltYWdlcy1wcm9kL3Byb2R1Y3RzLzIyODk3MDQ0L29yaWdpbmFsLzEvMjAyMy0wMy0wM1QwOCUzQTU0JTNBMDkuOTY1MDAwJTJCMDAlM0EwMC8yMjg5NzA0NF8xLmpwZw==.webp 2x;59,90;69,91
проспект Альберта Камалеева, 32Б, Казань, Республика Татарстан;bakaleya;/metro/risovaya-bumaga-sen-soy-premium-100-g-219bc7d?sid=1;Рисовая бумага Sen Soy Premium 100 г;https://imgproxy.sbermarket.ru/imgproxy/size-220-220/czM6Ly9jb250ZW50LWltYWdlcy1wcm9kL3Byb2R1Y3RzLzE2NDA1ODY3L29yaWdpbmFsLzEvMjAyNC0wNC0xMlQxMCUzQTI5JTNBMDguNDAwODY4JTJCMDAlM0EwMC8xNjQwNTg2N18xLmpwZw==.jpg; https://imgproxy.sbermarket.ru/imgproxy/size-220-220-2x/czM6Ly9jb250ZW50LWltYWdlcy1wcm9kL3Byb2R1Y3RzLzE2NDA1ODY3L29yaWdpbmFsLzEvMjAyNC0wNC0xMlQxMCUzQTI5JTNBMDguNDAwODY4JTJCMDAlM0EwMC8xNjQwNTg2N18xLmpwZw==.webp 2x;163,00;-
проспект Альберта Камалеева, 32Б, Казань, Республика Татарстан;bakaleya;/metro/ris-natsional-zolotistyy-dlinnozernyy-proparennyy-900-g-b999ca4?sid=1;Рис Националь Золотистый длиннозерный пропаренный 900 г;https://imgproxy.sbermarket.ru/imgproxy/size-220-220/czM6Ly9jb250ZW50LWltYWdlcy1wcm9kL3Byb2R1Y3RzLzU1NjQyL29yaWdpbmFsLzEvMjAyMy0xMS0yNFQxNiUzQTM3JTNBNTguODY0NzM5JTJCMDAlM0EwMC81NTY0Ml8xLmpwZw==.jpg; https://imgproxy.sbermarket.ru/imgproxy/size-220-220-2x/czM6Ly9jb250ZW50LWltYWdlcy1wcm9kL3Byb2R1Y3RzLzU1NjQyL29yaWdpbmFsLzEvMjAyMy0xMS0yNFQxNiUzQTM3JTNBNTguODY0NzM5JTJCMDAlM0EwMC81NTY0Ml8xLmpwZw==.webp 2x;135,85;143,00
проспект Альберта Камалеева, 32Б, Казань, Республика Татарстан;bakaleya;/metro/vanilin-dr-bakers-kokosovyy-2-g?sid=1;Ванилин Dr.Bakers кокосовый 2 г;https://imgproxy.sbermarket.ru/imgproxy/size-220-220/czM6Ly9jb250ZW50LWltYWdlcy1wcm9kL3Byb2R1Y3RzLzI4MzAxOTY2L29yaWdpbmFsLzEvMjAyNC0wMS0wOVQwOCUzQTE5JTNBNTQuNDMyNDExJTJCMDAlM0EwMC8yODMwMTk2Nl8xLmpwZw==.jpg; https://imgproxy.sbermarket.ru/imgproxy/size-220-220-2x/czM6Ly9jb250ZW50LWltYWdlcy1wcm9kL3Byb2R1Y3RzLzI4MzAxOTY2L29yaWdpbmFsLzEvMjAyNC0wMS0wOVQwOCUzQTE5JTNBNTQuNDMyNDExJTJCMDAlM0EwMC8yODMwMTk2Nl8xLmpwZw==.webp 2x;8,90;19,00
проспект Альберта Камалеева, 32Б, Казань, Республика Татарстан;bakaleya;/metro/hlop-ya-yasno-solnyshko-3-ovsyanye-350-g?sid=1;Хлопья Ясно Солнышко № 3 овсяные 350 г;https://imgproxy.sbermarket.ru/imgproxy/size-220-220/czM6Ly9jb250ZW50LWltYWdlcy1wcm9kL3Byb2R1Y3RzLzEzOTA3Nzkvb3JpZ2luYWwvMS8yMDI0LTAzLTE1VDA3JTNBMjElM0EzMi40MTEzMjElMkIwMCUzQTAwLzEzOTA3NzlfMS5qcGc=.jpg; https://imgproxy.sbermarket.ru/imgproxy/size-220-220-2x/czM6Ly9jb250ZW50LWltYWdlcy1wcm9kL3Byb2R1Y3RzLzEzOTA3Nzkvb3JpZ2luYWwvMS8yMDI0LTAzLTE1VDA3JTNBMjElM0EzMi40MTEzMjElMkIwMCUzQTAwLzEzOTA3NzlfMS5qcGc=.webp 2x;69,91;108,00
