проспект Альберта Камалеева, 32Б, Казань, Республика Татарстан;sladosti_new;/metro/pirozhnoe-orion-choco-pie-30-g-h-12-sht?sid=1;Пирожное Orion Choco Pie 30 г х 12 шт;https://imgproxy.sbermarket.ru/imgproxy/size-220-220/czM6Ly9jb250ZW50LWltYWdlcy1wcm9kL3Byb2R1Y3RzLzE2MzI3OTk1L29yaWdpbmFsLzEvMjAyNC0wNC0wOVQxMyUzQTA2JTNBNDAuNDg1MjQzJTJCMDAlM0EwMC8xNjMyNzk5NV8xLmpwZw==.jpg; https://imgproxy.sbermarket.ru/imgproxy/size-220-220-2x/czM6Ly9jb250ZW50LWltYWdlcy1wcm9kL3Byb2R1Y3RzLzE2MzI3OTk1L29yaWdpbmFsLzEvMjAyNC0wNC0wOVQxMyUzQTA2JTNBNDAuNDg1MjQzJTJCMDAlM0EwMC8xNjMyNzk5NV8xLmpwZw==.webp 2x;159,00;169,00
проспект Альберта Камалеева, 32Б, Казань, Республика Татарстан;sladosti_new;/metro/batonchiki-rot-front-250-g?sid=1;Батончики Рот Фронт 250 г;https://imgproxy.sbermarket.ru/imgproxy/size-220-220/czM6Ly9jb250ZW50LWltYWdlcy1wcm9kL3Byb2R1Y3RzLzQ5ODY4L29yaWdpbmFsLzEvMjAyMy0xMS0yNFQxNiUzQTM1JTNBMjMuODE3OTk1JTJCMDAlM0EwMC80OTg2OF8xLmpwZw==.jpg; https://imgproxy.sbermarket.ru/imgproxy/size-220-220-2x/czM6Ly9jb250ZW50LWltYWdlcy1wcm9kL3Byb2R1Y3RzLzQ5ODY4L29yaWdpbmFsLzEvMjAyMy0xMS0yNFQxNiUzQTM1JTNBMjMuODE3OTk1JTJCMDAlM0EwMC80OTg2OF8xLmpwZw==.webp 2x;109,00;149,00
проспект Альберта Камалеева, 32Б, Казань, Республика Татарстан;sladosti_new;/metro/pechenie-orion-choco-boy-biskvitnoe-45-g-2d87965?sid=1;Печенье Orion Choco Boy бисквитное 45 г;https://imgproxy.sbermarket.ru/imgproxy/size-220-220/czM6Ly9jb250ZW50LWltYWdlcy1wcm9kL3Byb2R1Y3RzLzE4NjUzMTUwL29yaWdpbmFsLzEvMjAyNC0wNC0xMVQwMCUzQTA5JTNBMDIuMDczMzM5JTJCMDAlM0EwMC8xODY1MzE1MF8xLmpwZw==.jpg; https://imgproxy.sbermarket.ru/imgproxy/size-220-220-2x/czM6Ly9jb250ZW50LWltYWdlcy1wcm9kL3Byb2R1Y3RzLzE4NjUzMTUwL29yaWdpbmFsLzEvMjAyNC0wNC0xMVQwMCUzQTA5JTNBMDIuMDczMzM5JTJCMDAlM0EwMC8xODY1MzE1MF8xLmpwZw==.webp 2x;42,90;47,99
проспект Альберта Камалеева, 32Б, Казань, Республика Татарстан;sladosti_new;/metro/pechenie-yashkino-sdobnoe-amerikanskoe-200-g-bde2f4c?sid=1;Печенье Яшкино сдобное Американское 200 г;https://imgproxy.sbermarket.ru/imgproxy/size-220-220/czM6Ly9jb250ZW50LWltYWdlcy1wcm9kL3Byb2R1Y3RzLzEzMTM2NjQvb3JpZ2luYWwvMS8yMDIzLTExLTMwVDE4JTNBNTUlM0EzNS4wMzM3MTYlMkIwMCUzQTAwLzEzMTM2NjRfMS5qcGc=.jpg; https://imgproxy.sbermarket.ru/imgproxy/size-220-220-2x/czM6Ly9jb250ZW50LWltYWdlcy1wcm9kL3Byb2R1Y3RzLzEzMTM2NjQvb3JpZ2luYWwvMS8yMDIzLTExLTMwVDE4JTNBNTUlM0EzNS4wMzM3MTYlMkIwMCUzQTAwLzEzMTM2NjRfMS5qcGc=.webp 2x;67,36;70,90
проспект Альберта Камалеева, 32Б, Казань, Республика Татарстан;sladosti_new;/metro/sloenyy-desert-polet-limonierki-s-yablokom-i-koritsey-500-g-d251628?sid=1;Слоеный десерт Полет Лимоньерки с яблоком и корицей 500 г;https://imgproxy.sbermarket.ru/imgproxy/size-220-220/czM6Ly9jb250ZW50LWltYWdlcy1wcm9kL3Byb2R1Y3RzLzEyNTAwMC9vcmlnaW5hbC8xLzIwMjMtMTEtMzBUMTglM0E0OCUzQTAzLjcyNjA4MCUyQjAwJTNBMDAvMTI1MDAwXzEuanBn.jpg; https://imgproxy.sbermarket.ru/imgproxy/size-220-220-2x/czM6Ly9jb250ZW50LWltYWdlcy1wcm9kL3Byb2R1Y3RzLzEyNTAwMC9vcmlnaW5hbC8xLzIwMjMtMTEtMzBUMTglM0E0OCUzQTAzLjcyNjA4MCUyQjAwJTNBMDAvMTI1MDAwXzEuanBn.webp 2x;208,05;259,00
проспект Альберта Камалеева, 32Б, Казань, Республика Татарстан;sladosti_new;/metro/pechenie-yubileynoe-molochnoe-116-g-d3ef2c0?sid=1;Печенье Юбилейное молочное 116 г;https://imgproxy.sbermarket.ru/imgproxy/size-220-220/czM6Ly9jb250ZW50LWltYWdlcy1wcm9kL3Byb2R1Y3RzLzI1MTkyOC9vcmlnaW5hbC8xLzIwMjQtMDQtMDlUMTMlM0ExMyUzQTAzLjYzMzUzNiUyQjAwJTNBMDAvMjUxOTI4XzEuanBn.jpg; https://imgproxy.sbermarket.ru/imgproxy/size-220-220-2x/czM6Ly9jb250ZW50LWltYWdlcy1wcm9kL3Byb2R1Y3RzLzI1MTkyOC9vcmlnaW5hbC8xLzIwMjQtMDQtMDlUMTMlM0ExMyUzQTAzLjYzMzUzNiUyQjAwJTNBMDAvMjUxOTI4XzEuanBn.webp 2x;49,90;54,90
проспект Альберта Камалеева, 32Б, Казань, Республика Татарстан;sladosti_new;/metro/marmelad-fruittella-krutoy-miks-zhevatel-nyy-70-g-e9a344d?sid=1;Мармелад Fruittella Крутой Микс жевательный 70 г;https://imgproxy.sbermarket.ru/imgproxy/size-220-220/czM6Ly9jb250ZW50LWltYWdlcy1wcm9kL3Byb2R1Y3RzLzExMzUzMDUvb3JpZ2luYWwvMS8yMDIzLTExLTMwVDE4JTNBMzclM0EwMi4zNDY3NzYlMkIwMCUzQTAwLzExMzUzMDVfMS5qcGc=.jpg; https://imgproxy.sbermarket.ru/imgproxy/size-220-220-2x/czM6Ly9jb250ZW50LWltYWdlcy1wcm9kL3Byb2R1Y3RzLzExMzUzMDUvb3JpZ2luYWwvMS8yMDIzLTExLTMwVDE4JTNBMzclM0EwMi4zNDY3NzYlMkIwMCUzQTAwLzExMzUzMDVfMS5qcGc=.webp 2x;54,90;74,90
проспект Альберта Камалеева, 32Б, Казань, Республика Татарстан;sladosti_new;/metro/pirozhnoe-cheremushki-ekler-so-slivochnym-kremom-200-g-b4f6c7c?sid=1;Пирожное Черемушки Эклер со сливочным кремом 200 г;https://imgproxy.sbermarket.ru/imgproxy/size-220-220/czM6Ly9jb250ZW50LWltYWdlcy1wcm9kL3Byb2R1Y3RzLzE1NzAwNDMvb3JpZ2luYWwvMS8yMDIzLTExLTMwVDE4JTNBNTQlM0EzMC4zMTI2OTUlMkIwMCUzQTAwLzE1NzAwNDNfMS5qcGc=.jpg; https://imgproxy.sbermarket.ru/imgproxy/size-220-220-2x/czM6Ly9jb250ZW50LWltYWdlcy1wcm9kL3Byb2R1Y3RzLzE1NzAwNDMvb3JpZ2luYWwvMS8yMDIzLTExLTMwVDE4JTNBNTQlM0EzMC4zMTI2OTUlMkIwMCUzQTAwLzE1NzAwNDNfMS5qcGc=.webp 2x;219,00;329,00
проспект Альберта Камалеева, 32Б, Казань, Республика Татарстан;sladosti_new;/metro/pechenie-oreo-saharnoe-s-kakao-vanil-yu-228-g-eb1dae9?sid=1;Печенье Oreo сахарное с какао-ванилью 228 г;https://imgproxy.sbermarket.ru/imgproxy/size-220-220/czM6Ly9jb250ZW50LWltYWdlcy1wcm9kL3Byb2R1Y3RzLzE2NzQ3NjQ4L29yaWdpbmFsLzEvMjAyNC0wNC0wOVQxMyUzQTA2JTNBNTkuMTY0ODMxJTJCMDAlM0EwMC8xNjc0NzY0OF8xLmpwZw==.jpg; https://imgproxy.sbermarket.ru/imgproxy/size-220-220-2x/czM6Ly9jb250ZW50LWltYWdlcy1wcm9kL3Byb2R1Y3RzLzE2NzQ3NjQ4L29yaWdpbmFsLzEvMjAyNC0wNC0wOVQxMyUzQTA2JTNBNTkuMTY0ODMxJTJCMDAlM0EwMC8xNjc0NzY0OF8xLmpwZw==.webp 2x;149,00;169,00
проспект Альберта Камалеева, 32Б, Казань, Республика Татарстан;sladosti_new;/metro/batonchik-babyfox-shokoladnyy-s-molochnoy-nachinkoy-47-g-24dacfb?sid=1;Батончик BabyFox шоколадный с молочной начинкой 47 г;https://imgproxy.sbermarket.ru/imgproxy/size-220-220/czM6Ly9jb250ZW50LWltYWdlcy1wcm9kL3Byb2R1Y3RzLzY2MjI3Ni9vcmlnaW5hbC8xLzIwMjMtMTEtMzBUMTglM0E1NCUzQTM4LjIzNTQ4NyUyQjAwJTNBMDAvNjYyMjc2XzEuanBn.jpg; https://imgproxy.sbermarket.ru/imgproxy/size-220-220-2x/czM6Ly9jb250ZW50LWltYWdlcy1wcm9kL3Byb2R1Y3RzLzY2MjI3Ni9vcmlnaW5hbC8xLzIwMjMtMTEtMzBUMTglM0E1NCUzQTM4LjIzNTQ4NyUyQjAwJTNBMDAvNjYyMjc2XzEuanBn.webp 2x;39,49;-
проспект Альберта Камалеева, 32Б, Казань, Республика Татарстан;sladosti_new;/metro/pryaniki-polet-shokoladnye-s-kusochkami-apel-sina-250-g-9456404?sid=1;Пряники Полет шоколадные с кусочками апельсина 250 г;https://imgproxy.sbermarket.ru/imgproxy/size-220-220/czM6Ly9jb250ZW50LWltYWdlcy1wcm9kL3Byb2R1Y3RzLzM0NjkyNy9vcmlnaW5hbC8xLzIwMjMtMTEtMzBUMTklM0EwMCUzQTQ4LjMyODMyNiUyQjAwJTNBMDAvMzQ2OTI3XzEuanBn.jpg; https://imgproxy.sbermarket.ru/imgproxy/size-220-220-2x/czM6Ly9jb250ZW50LWltYWdlcy1wcm9kL3Byb2R1Y3RzLzM0NjkyNy9vcmlnaW5hbC8xLzIwMjMtMTEtMzBUMTklM0EwMCUzQTQ4LjMyODMyNiUyQjAwJTNBMDAvMzQ2OTI3XzEuanBn.webp 2x;129,00;140,00
проспект Альберта Камалеева, 32Б, Казань, Республика Татарстан;sladosti_new;/metro/pechenie-polet-ovsyanoe-s-kusochkami-shokolada-600-g-e4cbbf9?sid=1;Печенье Полет Овсяное с кусочками шоколада 600 г;https://imgproxy.sbermarket.ru/imgproxy/size-220-220/czM6Ly9jb250ZW50LWltYWdlcy1wcm9kL3Byb2R1Y3RzLzI1NDYyNC9vcmlnaW5hbC8xLzIwMjMtMTEtMzBUMTglM0E1MCUzQTAxLjk0MzM3MyUyQjAwJTNBMDAvMjU0NjI0XzEuanBn.jpg; https://imgproxy.sbermarket.ru/imgproxy/size-220-220-2x/czM6Ly9jb250ZW50LWltYWdlcy1wcm9kL3Byb2R1Y3RzLzI1NDYyNC9vcmlnaW5hbC8xLzIwMjMtMTEtMzBUMTglM0E1MCUzQTAxLjk0MzM3MyUyQjAwJTNBMDAvMjU0NjI0XzEuanBn.webp 2x;249,00;286,00
проспект Альберта Камалеева, 32Б, Казань, Республика Татарстан;sladosti_new;/metro/pirozhnye-orion-choco-pie-original-30-g-h-6-sht-18129a5?sid=1;Пирожные Orion Choco Pie Original 30 г х 6 шт;https://imgproxy.sbermarket.ru/imgproxy/size-220-220/czM6Ly9jb250ZW50LWltYWdlcy1wcm9kL3Byb2R1Y3RzLzU0ODc1L29yaWdpbmFsLzEvMjAyNC0wNC0xMVQwMCUzQTIzJTNBMzkuNTY0OTAxJTJCMDAlM0EwMC81NDg3NV8xLmpwZw==.jpg; https://imgproxy.sbermarket.ru/imgproxy/size-220-220-2x/czM6Ly9jb250ZW50LWltYWdlcy1wcm9kL3Byb2R1Y3RzLzU0ODc1L29yaWdpbmFsLzEvMjAyNC0wNC0xMVQwMCUzQTIzJTNBMzkuNTY0OTAxJTJCMDAlM0EwMC81NDg3NV8xLmpwZw==.webp 2x;78,76;89,90
проспект Альберта Камалеева, 32Б, Казань, Республика Татарстан;sladosti_new;/metro/konfety-krasnyy-oktyabr-slivochnye-s-tsukatami-250-g-88e1683?sid=1;Конфеты Красный Октябрь Сливочные с цукатами 250 г;https://imgproxy.sbermarket.ru/imgproxy/size-220-220/czM6Ly9jb250ZW50LWltYWdlcy1wcm9kL3Byb2R1Y3RzLzIxOTUxOTIyL29yaWdpbmFsLzEvMjAyMy0xMS0yOFQxNyUzQTU3JTNBMTcuNTY2OTI2JTJCMDAlM0EwMC8yMTk1MTkyMl8xLmpwZw==.jpg; https://imgproxy.sbermarket.ru/imgproxy/size-220-220-2x/czM6Ly9jb250ZW50LWltYWdlcy1wcm9kL3Byb2R1Y3RzLzIxOTUxOTIyL29yaWdpbmFsLzEvMjAyMy0xMS0yOFQxNyUzQTU3JTNBMTcuNTY2OTI2JTJCMDAlM0EwMC8yMTk1MTkyMl8xLmpwZw==.webp 2x;175,00;229,00
проспект Альберта Камалеева, 32Б, Казань, Республика Татарстан;sladosti_new;/metro/pirozhnoe-kinder-molochnyy-lomtik-28-g-d094b17?sid=1;Пирожное Kinder Молочный ломтик 28 г;https://imgproxy.sbermarket.ru/imgproxy/size-220-220/czM6Ly9jb250ZW50LWltYWdlcy1wcm9kL3Byb2R1Y3RzLzE1MjkzNTYwL29yaWdpbmFsLzEvMjAyNC0wNC0xMVQwMCUzQTA1JTNBNTMuMjU4OTc5JTJCMDAlM0EwMC8xNTI5MzU2MF8xLmpwZw==.jpg; https://imgproxy.sbermarket.ru/imgproxy/size-220-220-2x/czM6Ly9jb250ZW50LWltYWdlcy1wcm9kL3Byb2R1Y3RzLzE1MjkzNTYwL29yaWdpbmFsLzEvMjAyNC0wNC0xMVQwMCUzQTA1JTNBNTMuMjU4OTc5JTJCMDAlM0EwMC8xNTI5MzU2MF8xLmpwZw==.webp 2x;51,90;-
проспект Альберта Камалеева, 32Б, Казань, Республика Татарстан;sladosti_new;/metro/konfety-glazirovannye-ptichie-moloko-nastoyaschie-rot-front-slivochno-vanil-nye-225-g-5e6d66c?sid=1;Конфеты глазированные Птичье Молоко Настоящие Рот Фронт...;https://imgproxy.sbermarket.ru/imgproxy/size-220-220/czM6Ly9jb250ZW50LWltYWdlcy1wcm9kL3Byb2R1Y3RzLzUwMDQ4L29yaWdpbmFsLzEvMjAyMy0xMS0yNFQxNiUzQTM1JTNBMjQuNjkxODI3JTJCMDAlM0EwMC81MDA0OF8xLmpwZw==.jpg; https://imgproxy.sbermarket.ru/imgproxy/size-220-220-2x/czM6Ly9jb250ZW50LWltYWdlcy1wcm9kL3Byb2R1Y3RzLzUwMDQ4L29yaWdpbmFsLzEvMjAyMy0xMS0yNFQxNiUzQTM1JTNBMjQuNjkxODI3JTJCMDAlM0EwMC81MDA0OF8xLmpwZw==.webp 2x;139,00;199,00
проспект Альберта Камалеева, 32Б, Казань, Республика Татарстан;sladosti_new;/metro/pechenie-alenka-s-klyukvoy-i-shokoladnymi-dropsami-140-g-ac7c4d0?sid=1;Печенье Аленка с клюквой и шоколадными дропсами 140 г;https://imgproxy.sbermarket.ru/imgproxy/size-220-220/czM6Ly9jb250ZW50LWltYWdlcy1wcm9kL3Byb2R1Y3RzLzI0ODc3MTA4L29yaWdpbmFsLzEvMjAyNC0wMi0wNlQwOSUzQTAyJTNBMzYuNDc2NjUzJTJCMDAlM0EwMC8yNDg3NzEwOF8xLmpwZw==.jpg; https://imgproxy.sbermarket.ru/imgproxy/size-220-220-2x/czM6Ly9jb250ZW50LWltYWdlcy1wcm9kL3Byb2R1Y3RzLzI0ODc3MTA4L29yaWdpbmFsLzEvMjAyNC0wMi0wNlQwOSUzQTAyJTNBMzYuNDc2NjUzJTJCMDAlM0EwMC8yNDg3NzEwOF8xLmpwZw==.webp 2x;94,90;125,00
проспект Альберта Камалеева, 32Б, Казань, Республика Татарстан;sladosti_new;/metro/vafli-akul-chev-venskie-s-varenoy-sguschenkoy-100-g-a18ac7f?sid=1;Вафли Акульчев Венские с вареной сгущенкой 100 г;https://imgproxy.sbermarket.ru/imgproxy/size-220-220/czM6Ly9jb250ZW50LWltYWdlcy1wcm9kL3Byb2R1Y3RzLzI1MTE5MzgyL29yaWdpbmFsLzEvMjAyNC0wNC0wOVQxMiUzQTM0JTNBMjIuNzUwNzgxJTJCMDAlM0EwMC8yNTExOTM4Ml8xLmpwZw==.jpg; https://imgproxy.sbermarket.ru/imgproxy/size-220-220-2x/czM6Ly9jb250ZW50LWltYWdlcy1wcm9kL3Byb2R1Y3RzLzI1MTE5MzgyL29yaWdpbmFsLzEvMjAyNC0wNC0wOVQxMiUzQTM0JTNBMjIuNzUwNzgxJTJCMDAlM0EwMC8yNTExOTM4Ml8xLmpwZw==.webp 2x;41,90;50,00
проспект Альберта Камалеева, 32Б, Казань, Республика Татарстан;sladosti_new;/metro/tort-fili-beyker-pancho-1-kg-7ca71ca?sid=1;Торт Фили-Бейкер Панчо 1 кг;https://imgproxy.sbermarket.ru/imgproxy/size-220-220/czM6Ly9jb250ZW50LWltYWdlcy1wcm9kL3Byb2R1Y3RzLzE1MjkwODg0L29yaWdpbmFsLzEvMjAyMy0xMS0zMFQxOCUzQTQzJTNBMjAuODU5NzQwJTJCMDAlM0EwMC8xNTI5MDg4NF8xLmpwZw==.jpg; https://imgproxy.sbermarket.ru/imgproxy/size-220-220-2x/czM6Ly9jb250ZW50LWltYWdlcy1wcm9kL3Byb2R1Y3RzLzE1MjkwODg0L29yaWdpbmFsLzEvMjAyMy0xMS0zMFQxOCUzQTQzJTNBMjAuODU5NzQwJTJCMDAlM0EwMC8xNTI5MDg4NF8xLmpwZw==.webp 2x;599,00;779,00
проспект Альберта Камалеева, 32Б, Казань, Республика Татарстан;sladosti_new;/metro/pirozhnye-venskiy-tseh-korzinochka-yagodnaya-pesochnaya-30-g-h-8-sht-cc76f97?sid=1;Пирожные Венский цех Корзиночка ягодная песочная 30 г х 8 шт;https://imgproxy.sbermarket.ru/imgproxy/size-220-220/czM6Ly9jb250ZW50LWltYWdlcy1wcm9kL3Byb2R1Y3RzLzMwNzA1L29yaWdpbmFsLzEvMjAyMy0xMS0yNFQxNiUzQTI5JTNBMjkuOTIxNDE4JTJCMDAlM0EwMC8zMDcwNV8xLmpwZw==.jpg; https://imgproxy.sbermarket.ru/imgproxy/size-220-220-2x/czM6Ly9jb250ZW50LWltYWdlcy1wcm9kL3Byb2R1Y3RzLzMwNzA1L29yaWdpbmFsLzEvMjAyMy0xMS0yNFQxNiUzQTI5JTNBMjkuOTIxNDE4JTJCMDAlM0EwMC8zMDcwNV8xLmpwZw==.webp 2x;293,55;309,00
проспект Альберта Камалеева, 32Б, Казань, Республика Татарстан;sladosti_new;/metro/kruassany-7-days-s-vanil-nym-kremom-65-g-h-4-sht-e4b810c?sid=1;Круассаны 7 Days с ванильным кремом 65 г х 4 шт;https://imgproxy.sbermarket.ru/imgproxy/size-220-220/czM6Ly9jb250ZW50LWltYWdlcy1wcm9kL3Byb2R1Y3RzLzMwMzA4L29yaWdpbmFsLzEvMjAyNC0wNC0wOVQxMyUzQTEzJTNBMzcuNDk0NzkyJTJCMDAlM0EwMC8zMDMwOF8xLmpwZw==.jpg; https://imgproxy.sbermarket.ru/imgproxy/size-220-220-2x/czM6Ly9jb250ZW50LWltYWdlcy1wcm9kL3Byb2R1Y3RzLzMwMzA4L29yaWdpbmFsLzEvMjAyNC0wNC0wOVQxMyUzQTEzJTNBMzcuNDk0NzkyJTJCMDAlM0EwMC8zMDMwOF8xLmpwZw==.webp 2x;139,00;169,00
проспект Альберта Камалеева, 32Б, Казань, Республика Татарстан;sladosti_new;/metro/vafli-yashkino-trubochki-orehovye-190-g-e71296b?sid=1;Вафли Яшкино Трубочки Ореховые 190 г;https://imgproxy.sbermarket.ru/imgproxy/size-220-220/czM6Ly9jb250ZW50LWltYWdlcy1wcm9kL3Byb2R1Y3RzLzUyMDM0L29yaWdpbmFsLzEvMjAyNC0wNC0wOVQxMyUzQTE0JTNBMDUuOTA5MDQzJTJCMDAlM0EwMC81MjAzNF8xLmpwZw==.jpg; https://imgproxy.sbermarket.ru/imgproxy/size-220-220-2x/czM6Ly9jb250ZW50LWltYWdlcy1wcm9kL3Byb2R1Y3RzLzUyMDM0L29yaWdpbmFsLzEvMjAyNC0wNC0wOVQxMyUzQTE0JTNBMDUuOTA5MDQzJTJCMDAlM0EwMC81MjAzNF8xLmpwZw==.webp 2x;81,90;-
проспект Альберта Камалеева, 32Б, Казань, Республика Татарстан;sladosti_new;/metro/kruassany-7-days-s-kremom-kakao-65-g-h-4-sht-3664d9f?sid=1;Круассаны 7 Days с кремом какао 65 г х 4 шт;https://imgproxy.sbermarket.ru/imgproxy/size-220-220/czM6Ly9jb250ZW50LWltYWdlcy1wcm9kL3Byb2R1Y3RzLzM0MjY1L29yaWdpbmFsLzEvMjAyNC0wNC0wOVQxMyUzQTEzJTNBNDcuODk5MjU1JTJCMDAlM0EwMC8zNDI2NV8xLmpwZw==.jpg; https://imgproxy.sbermarket.ru/imgproxy/size-220-220-2x/czM6Ly9jb250ZW50LWltYWdlcy1wcm9kL3Byb2R1Y3RzLzM0MjY1L29yaWdpbmFsLzEvMjAyNC0wNC0wOVQxMyUzQTEzJTNBNDcuODk5MjU1JTJCMDAlM0EwMC8zNDI2NV8xLmpwZw==.webp 2x;139,00;169,00
проспект Альберта Камалеева, 32Б, Казань, Республика Татарстан;sladosti_new;/metro/marmelad-fruittella-zmei-xxl-70-g-4485752?sid=1;Мармелад Fruittella Змеи XXL 70 г;https://imgproxy.sbermarket.ru/imgproxy/size-220-220/czM6Ly9jb250ZW50LWltYWdlcy1wcm9kL3Byb2R1Y3RzLzc4MzI5NS9vcmlnaW5hbC8xLzIwMjMtMTEtMzBUMTklM0EwMyUzQTU0LjM0NjQ3MCUyQjAwJTNBMDAvNzgzMjk1XzEuanBn.jpg; https://imgproxy.sbermarket.ru/imgproxy/size-220-220-2x/czM6Ly9jb250ZW50LWltYWdlcy1wcm9kL3Byb2R1Y3RzLzc4MzI5NS9vcmlnaW5hbC8xLzIwMjMtMTEtMzBUMTklM0EwMyUzQTU0LjM0NjQ3MCUyQjAwJTNBMDAvNzgzMjk1XzEuanBn.webp 2x;52,16;74,90
проспект Альберта Камалеева, 32Б, Казань, Республика Татарстан;sladosti_new;/metro/batonchik-snaq-fabriq-milky-shokoladnyy-so-slivochnoy-nachinkoy-34-g-b9e44a2?sid=1;Батончик Snaq Fabriq Milky шоколадный со сливочной начинкой...;https://imgproxy.sbermarket.ru/imgproxy/size-220-220/czM6Ly9jb250ZW50LWltYWdlcy1wcm9kL3Byb2R1Y3RzLzE5ODM1OTY5L29yaWdpbmFsLzEvMjAyMy0xMS0yOFQxNyUzQTQ5JTNBNTUuNzc4MzkzJTJCMDAlM0EwMC8xOTgzNTk2OV8xLmpwZw==.jpg; https://imgproxy.sbermarket.ru/imgproxy/size-220-220-2x/czM6Ly9jb250ZW50LWltYWdlcy1wcm9kL3Byb2R1Y3RzLzE5ODM1OTY5L29yaWdpbmFsLzEvMjAyMy0xMS0yOFQxNyUzQTQ5JTNBNTUuNzc4MzkzJTJCMDAlM0EwMC8xOTgzNTk2OV8xLmpwZw==.webp 2x;66,41;69,90
проспект Альберта Камалеева, 32Б, Казань, Республика Татарстан;sladosti_new;/metro/pirog-sdobnaya-osoba-avstriyskiy-shtrudel-limon-i-apel-sin-400-g-45f41f7?sid=1;Пирог Сдобная Особа Австрийский штрудель лимон и апельсин...;https://imgproxy.sbermarket.ru/imgproxy/size-220-220/czM6Ly9jb250ZW50LWltYWdlcy1wcm9kL3Byb2R1Y3RzLzExMDA5MjQvb3JpZ2luYWwvMS8yMDIzLTA5LTEyVDA5JTNBNTglM0E0MS45MTU3MjklMkIwMCUzQTAwLzExMDA5MjRfMS5qcGc=.jpg; https://imgproxy.sbermarket.ru/imgproxy/size-220-220-2x/czM6Ly9jb250ZW50LWltYWdlcy1wcm9kL3Byb2R1Y3RzLzExMDA5MjQvb3JpZ2luYWwvMS8yMDIzLTA5LTEyVDA5JTNBNTglM0E0MS45MTU3MjklMkIwMCUzQTAwLzExMDA5MjRfMS5qcGc=.webp 2x;179,00;209,00
проспект Альберта Камалеева, 32Б, Казань, Республика Татарстан;sladosti_new;/metro/klyukva-udarnitsa-sharmel-v-saharnoy-pudre-120-g-88ecee5?sid=1;Клюква Ударница Шармэль в сахарной пудре 120 г;https://imgproxy.sbermarket.ru/imgproxy/size-220-220/czM6Ly9jb250ZW50LWltYWdlcy1wcm9kL3Byb2R1Y3RzLzM2NTQzL29yaWdpbmFsLzEvMjAyMy0xMS0yNFQxNiUzQTMyJTNBMTIuOTI1NDY3JTJCMDAlM0EwMC8zNjU0M18xLmpwZw==.jpg; https://imgproxy.sbermarket.ru/imgproxy/size-220-220-2x/czM6Ly9jb250ZW50LWltYWdlcy1wcm9kL3Byb2R1Y3RzLzM2NTQzL29yaWdpbmFsLzEvMjAyMy0xMS0yNFQxNiUzQTMyJTNBMTIuOTI1NDY3JTJCMDAlM0EwMC8zNjU0M18xLmpwZw==.webp 2x;147,00;-
проспект Альберта Камалеева, 32Б, Казань, Республика Татарстан;sladosti_new;/metro/pechenie-polet-sssr-ovsyanoe-klassicheskoe-250-g-4c1ce0e?sid=1;Печенье Полет СССР овсяное классическое 250 г;https://imgproxy.sbermarket.ru/imgproxy/size-220-220/czM6Ly9jb250ZW50LWltYWdlcy1wcm9kL3Byb2R1Y3RzLzEyNDg3Mi9vcmlnaW5hbC8xLzIwMjQtMDQtMDlUMTMlM0EwMyUzQTA1LjA4MzA2NCUyQjAwJTNBMDAvMTI0ODcyXzEuanBn.jpg; https://imgproxy.sbermarket.ru/imgproxy/size-220-220-2x/czM6Ly9jb250ZW50LWltYWdlcy1wcm9kL3Byb2R1Y3RzLzEyNDg3Mi9vcmlnaW5hbC8xLzIwMjQtMDQtMDlUMTMlM0EwMyUzQTA1LjA4MzA2NCUyQjAwJTNBMDAvMTI0ODcyXzEuanBn.webp 2x;125,00;149,00
проспект Альберта Камалеева, 32Б, Казань, Республика Татарстан;sladosti_new;/metro/pechenie-yashkino-zatyazhnoe-s-klubnichnym-kremom-190-g-4ca1b26?sid=1;Печенье Яшкино затяжное с клубничным кремом 190 г;https://imgproxy.sbermarket.ru/imgproxy/size-220-220/czM6Ly9jb250ZW50LWltYWdlcy1wcm9kL3Byb2R1Y3RzLzE2MTA4MDM3L29yaWdpbmFsLzEvMjAyNC0wNC0wOVQxMyUzQTA2JTNBMzIuMzkxODM2JTJCMDAlM0EwMC8xNjEwODAzN18xLmpwZw==.jpg; https://imgproxy.sbermarket.ru/imgproxy/size-220-220-2x/czM6Ly9jb250ZW50LWltYWdlcy1wcm9kL3Byb2R1Y3RzLzE2MTA4MDM3L29yaWdpbmFsLzEvMjAyNC0wNC0wOVQxMyUzQTA2JTNBMzIuMzkxODM2JTJCMDAlM0EwMC8xNjEwODAzN18xLmpwZw==.webp 2x;59,76;62,90
проспект Альберта Камалеева, 32Б, Казань, Республика Татарстан;sladosti_new;/metro/pryaniki-rot-front-korovka-s-nachinkoy-varenaya-sguschenka-300-g-23a39eb?sid=1;Пряники Рот Фронт Коровка с начинкой вареная сгущенка 300 г;https://imgproxy.sbermarket.ru/imgproxy/size-220-220/czM6Ly9jb250ZW50LWltYWdlcy1wcm9kL3Byb2R1Y3RzLzE1Mjk1OTQ5L29yaWdpbmFsLzEvMjAyMy0xMS0zMFQxOCUzQTQ2JTNBNTMuMjEyMzY4JTJCMDAlM0EwMC8xNTI5NTk0OV8xLmpwZw==.jpg; https://imgproxy.sbermarket.ru/imgproxy/size-220-220-2x/czM6Ly9jb250ZW50LWltYWdlcy1wcm9kL3Byb2R1Y3RzLzE1Mjk1OTQ5L29yaWdpbmFsLzEvMjAyMy0xMS0zMFQxOCUzQTQ2JTNBNTMuMjEyMzY4JTJCMDAlM0EwMC8xNTI5NTk0OV8xLmpwZw==.webp 2x;84,90;107,00
проспект Альберта Камалеева, 32Б, Казань, Республика Татарстан;sladosti_new;/metro/shokolad-milka-molochnyy-s-tsel-nym-fundukom-85-g-be4be20?sid=1;Шоколад Milka молочный с цельным фундуком 85 г;https://imgproxy.sbermarket.ru/imgproxy/size-220-220/czM6Ly9jb250ZW50LWltYWdlcy1wcm9kL3Byb2R1Y3RzLzE1MTUzMzA1L29yaWdpbmFsLzEvMjAyNC0wNC0yN1QxMyUzQTAxJTNBNDguODU2Mzk3JTJCMDAlM0EwMC8xNTE1MzMwNV8xLmpwZw==.jpg; https://imgproxy.sbermarket.ru/imgproxy/size-220-220-2x/czM6Ly9jb250ZW50LWltYWdlcy1wcm9kL3Byb2R1Y3RzLzE1MTUzMzA1L29yaWdpbmFsLzEvMjAyNC0wNC0yN1QxMyUzQTAxJTNBNDguODU2Mzk3JTJCMDAlM0EwMC8xNTE1MzMwNV8xLmpwZw==.webp 2x;113,05;129,00
проспект Альберта Камалеева, 32Б, Казань, Республика Татарстан;sladosti_new;/metro/morozhenoe-slivochnoe-maxiduo-vafel-nyy-miks-bzmzh-63-g-a54c0f9?sid=1;Мороженое сливочное Maxiduo вафельный микс БЗМЖ 63 г;https://imgproxy.sbermarket.ru/imgproxy/size-220-220/czM6Ly9jb250ZW50LWltYWdlcy1wcm9kL3Byb2R1Y3RzLzIzMTUxNDg0L29yaWdpbmFsLzEvMjAyMy0xMS0yNFQxNSUzQTMyJTNBNTguMzI3ODA3JTJCMDAlM0EwMC8yMzE1MTQ4NF8xLmpwZw==.jpg; https://imgproxy.sbermarket.ru/imgproxy/size-220-220-2x/czM6Ly9jb250ZW50LWltYWdlcy1wcm9kL3Byb2R1Y3RzLzIzMTUxNDg0L29yaWdpbmFsLzEvMjAyMy0xMS0yNFQxNSUzQTMyJTNBNTguMzI3ODA3JTJCMDAlM0EwMC8yMzE1MTQ4NF8xLmpwZw==.webp 2x;52,16;77,99
проспект Альберта Камалеева, 32Б, Казань, Республика Татарстан;sladosti_new;/metro/batonchiki-rot-front-shokoladno-slivochnyy-vkus-250-g-bcc814a?sid=1;Батончики Рот Фронт шоколадно-сливочный вкус 250 г;https://imgproxy.sbermarket.ru/imgproxy/size-220-220/czM6Ly9jb250ZW50LWltYWdlcy1wcm9kL3Byb2R1Y3RzLzQ5NjY1L29yaWdpbmFsLzEvMjAyMy0xMS0yNFQxNiUzQTM1JTNBMjIuMzc5MTQ5JTJCMDAlM0EwMC80OTY2NV8xLmpwZw==.jpg; https://imgproxy.sbermarket.ru/imgproxy/size-220-220-2x/czM6Ly9jb250ZW50LWltYWdlcy1wcm9kL3Byb2R1Y3RzLzQ5NjY1L29yaWdpbmFsLzEvMjAyMy0xMS0yNFQxNiUzQTM1JTNBMjIuMzc5MTQ5JTJCMDAlM0EwMC80OTY2NV8xLmpwZw==.webp 2x;109,00;149,00
проспект Альберта Камалеева, 32Б, Казань, Республика Татарстан;sladosti_new;/metro/konfety-vafel-nye-korovka-so-vkusom-shokolada-250-g-6db606e?sid=1;Конфеты вафельные Коровка со вкусом шоколада 250 г;https://imgproxy.sbermarket.ru/imgproxy/size-220-220/czM6Ly9jb250ZW50LWltYWdlcy1wcm9kL3Byb2R1Y3RzLzI3Mjc4L29yaWdpbmFsLzEvMjAyMy0xMS0yNFQxNiUzQTI3JTNBMzAuMTYzMjk3JTJCMDAlM0EwMC8yNzI3OF8xLmpwZw==.jpg; https://imgproxy.sbermarket.ru/imgproxy/size-220-220-2x/czM6Ly9jb250ZW50LWltYWdlcy1wcm9kL3Byb2R1Y3RzLzI3Mjc4L29yaWdpbmFsLzEvMjAyMy0xMS0yNFQxNiUzQTI3JTNBMzAuMTYzMjk3JTJCMDAlM0EwMC8yNzI3OF8xLmpwZw==.webp 2x;139,00;193,00
проспект Альберта Камалеева, 32Б, Казань, Республика Татарстан;sladosti_new;/metro/tort-mirel-tri-shokolada-750-g-18a3cd9?sid=1;Торт Mirel Три Шоколада 750 г;https://imgproxy.sbermarket.ru/imgproxy/size-220-220/czM6Ly9jb250ZW50LWltYWdlcy1wcm9kL3Byb2R1Y3RzLzI0NDkyMTQ0L29yaWdpbmFsLzEvMjAyNC0wNC0xN1QwNyUzQTE3JTNBNDEuMDQyMTcxJTJCMDAlM0EwMC8yNDQ5MjE0NF8xLmpwZw==.jpg; https://imgproxy.sbermarket.ru/imgproxy/size-220-220-2x/czM6Ly9jb250ZW50LWltYWdlcy1wcm9kL3Byb2R1Y3RzLzI0NDkyMTQ0L29yaWdpbmFsLzEvMjAyNC0wNC0xN1QwNyUzQTE3JTNBNDEuMDQyMTcxJTJCMDAlM0EwMC8yNDQ5MjE0NF8xLmpwZw==.webp 2x;629,00;829,00
проспект Альберта Камалеева, 32Б, Казань, Республика Татарстан;sladosti_new;/metro/keksy-yubileynoe-mini-s-molochnym-shokoladom-140-g-c0353dd?sid=1;Кексы Юбилейное Мини с молочным шоколадом 140 г;https://imgproxy.sbermarket.ru/imgproxy/size-220-220/czM6Ly9jb250ZW50LWltYWdlcy1wcm9kL3Byb2R1Y3RzLzE1OTgxMzY3L29yaWdpbmFsLzEvMjAyNC0wMy0wNlQwOSUzQTQ5JTNBNDYuMzA4MzYxJTJCMDAlM0EwMC8xNTk4MTM2N18xLmpwZw==.jpg; https://imgproxy.sbermarket.ru/imgproxy/size-220-220-2x/czM6Ly9jb250ZW50LWltYWdlcy1wcm9kL3Byb2R1Y3RzLzE1OTgxMzY3L29yaWdpbmFsLzEvMjAyNC0wMy0wNlQwOSUzQTQ5JTNBNDYuMzA4MzYxJTJCMDAlM0EwMC8xNTk4MTM2N18xLmpwZw==.webp 2x;119,00;152,00
проспект Альберта Камалеева, 32Б, Казань, Республика Татарстан;sladosti_new;/metro/morozhenoe-molochnoe-maxiduo-strachatella-s-vanil-yu-shokoladom-bzmzh-92-g?sid=1;Мороженое молочное Maxiduo Страчателла с ванилью-шоколадом...;https://imgproxy.sbermarket.ru/imgproxy/size-220-220/czM6Ly9jb250ZW50LWltYWdlcy1wcm9kL3Byb2R1Y3RzLzIwMjgxMDEyL29yaWdpbmFsLzEvMjAyMy0xMS0yOFQxNyUzQTUzJTNBMTUuMjc4OTk3JTJCMDAlM0EwMC8yMDI4MTAxMl8xLmpwZw==.jpg; https://imgproxy.sbermarket.ru/imgproxy/size-220-220-2x/czM6Ly9jb250ZW50LWltYWdlcy1wcm9kL3Byb2R1Y3RzLzIwMjgxMDEyL29yaWdpbmFsLzEvMjAyMy0xMS0yOFQxNyUzQTUzJTNBMTUuMjc4OTk3JTJCMDAlM0EwMC8yMDI4MTAxMl8xLmpwZw==.webp 2x;98,90;-
проспект Альберта Камалеева, 32Б, Казань, Республика Татарстан;sladosti_new;/metro/tarallini-nina-farina-s-chesnokom-180-g-ce1b68e?sid=1;Тараллини Nina Farina с чесноком 180 г;https://imgproxy.sbermarket.ru/imgproxy/size-220-220/czM6Ly9jb250ZW50LWltYWdlcy1wcm9kL3Byb2R1Y3RzLzIyMTA1OTU3L29yaWdpbmFsLzEvMjAyMi0xMi0yOVQwOSUzQTA1JTNBMjAuMTkxMDAwJTJCMDAlM0EwMC8yMjEwNTk1N18xLmpwZw==.jpg; https://imgproxy.sbermarket.ru/imgproxy/size-220-220-2x/czM6Ly9jb250ZW50LWltYWdlcy1wcm9kL3Byb2R1Y3RzLzIyMTA1OTU3L29yaWdpbmFsLzEvMjAyMi0xMi0yOVQwOSUzQTA1JTNBMjAuMTkxMDAwJTJCMDAlM0EwMC8yMjEwNTk1N18xLmpwZw==.webp 2x;56,99;-
проспект Альберта Камалеева, 32Б, Казань, Республика Татарстан;sladosti_new;/metro/morozhenoe-plombir-milka-s-vanil-yu-v-molochnom-shokolade-bzmzh-62-g?sid=1;Мороженое пломбир Milka с ванилью в молочном шоколаде БЗМЖ...;https://imgproxy.sbermarket.ru/imgproxy/size-220-220/czM6Ly9jb250ZW50LWltYWdlcy1wcm9kL3Byb2R1Y3RzLzIwMDMwMjMyL29yaWdpbmFsLzEvMjAyMy0xMS0yOFQxNyUzQTUxJTNBNTEuNDg0MzA2JTJCMDAlM0EwMC8yMDAzMDIzMl8xLmpwZw==.jpg; https://imgproxy.sbermarket.ru/imgproxy/size-220-220-2x/czM6Ly9jb250ZW50LWltYWdlcy1wcm9kL3Byb2R1Y3RzLzIwMDMwMjMyL29yaWdpbmFsLzEvMjAyMy0xMS0yOFQxNyUzQTUxJTNBNTEuNDg0MzA2JTJCMDAlM0EwMC8yMDAzMDIzMl8xLmpwZw==.webp 2x;94,90;119,00
проспект Альберта Камалеева, 32Б, Казань, Республика Татарстан;sladosti_new;/metro/hlebnye-palochki-baker-house-grissini-semena-podsolnechnika-morskaya-sol-80-g-99502b5?sid=1;Хлебные палочки Baker House Grissini семена...;https://imgproxy.sbermarket.ru/imgproxy/size-220-220/czM6Ly9jb250ZW50LWltYWdlcy1wcm9kL3Byb2R1Y3RzLzIwNzM1OTYyL29yaWdpbmFsLzEvMjAyNC0wNC0wOVQxMiUzQTI4JTNBNTQuOTc0Njg2JTJCMDAlM0EwMC8yMDczNTk2Ml8xLmpwZw==.jpg; https://imgproxy.sbermarket.ru/imgproxy/size-220-220-2x/czM6Ly9jb250ZW50LWltYWdlcy1wcm9kL3Byb2R1Y3RzLzIwNzM1OTYyL29yaWdpbmFsLzEvMjAyNC0wNC0wOVQxMiUzQTI4JTNBNTQuOTc0Njg2JTJCMDAlM0EwMC8yMDczNTk2Ml8xLmpwZw==.webp 2x;57,90;-
проспект Альберта Камалеева, 32Б, Казань, Республика Татарстан;sladosti_new;/metro/shokolad-alpen-gold-max-fun-molochnyy-s-karamel-yu-marmeladom-pecheniem-150-g-c7aed8c?sid=1;Шоколад Alpen Gold Max Fun молочный с...;https://imgproxy.sbermarket.ru/imgproxy/size-220-220/czM6Ly9jb250ZW50LWltYWdlcy1wcm9kL3Byb2R1Y3RzLzExMjU4MDQvb3JpZ2luYWwvMS8yMDI0LTAzLTA2VDA5JTNBNTAlM0ExNy4wMDA4NDQlMkIwMCUzQTAwLzExMjU4MDRfMS5qcGc=.jpg; https://imgproxy.sbermarket.ru/imgproxy/size-220-220-2x/czM6Ly9jb250ZW50LWltYWdlcy1wcm9kL3Byb2R1Y3RzLzExMjU4MDQvb3JpZ2luYWwvMS8yMDI0LTAzLTA2VDA5JTNBNTAlM0ExNy4wMDA4NDQlMkIwMCUzQTAwLzExMjU4MDRfMS5qcGc=.webp 2x;149,00;182,00
проспект Альберта Камалеева, 32Б, Казань, Республика Татарстан;sladosti_new;/metro/kulich-bauli-russkiy-panettone-drozhzhevoy-500-g-d228191?sid=1;Кулич Bauli Русский Панеттоне дрожжевой 500 г;https://imgproxy.sbermarket.ru/imgproxy/size-220-220/czM6Ly9jb250ZW50LWltYWdlcy1wcm9kL3Byb2R1Y3RzLzE1MTA1MDAwL29yaWdpbmFsLzEvMjAyMy0xMS0zMFQxOCUzQTM4JTNBMzIuOTgyODc5JTJCMDAlM0EwMC8xNTEwNTAwMF8xLmpwZw==.jpg; https://imgproxy.sbermarket.ru/imgproxy/size-220-220-2x/czM6Ly9jb250ZW50LWltYWdlcy1wcm9kL3Byb2R1Y3RzLzE1MTA1MDAwL29yaWdpbmFsLzEvMjAyMy0xMS0zMFQxOCUzQTM4JTNBMzIuOTgyODc5JTJCMDAlM0EwMC8xNTEwNTAwMF8xLmpwZw==.webp 2x;799,00;399,00
проспект Альберта Камалеева, 32Б, Казань, Республика Татарстан;sladosti_new;/metro/batonchik-kinder-bueno-white-v-molochnom-shokolade-39-g-1194edb?sid=1;Батончик Kinder Bueno White в молочном шоколаде 39 г;https://imgproxy.sbermarket.ru/imgproxy/size-220-220/czM6Ly9jb250ZW50LWltYWdlcy1wcm9kL3Byb2R1Y3RzLzEwNDAxNy9vcmlnaW5hbC8xLzIwMjMtMTEtMjRUMTYlM0E0NiUzQTMxLjI3MTc4NiUyQjAwJTNBMDAvMTA0MDE3XzEuanBn.jpg; https://imgproxy.sbermarket.ru/imgproxy/size-220-220-2x/czM6Ly9jb250ZW50LWltYWdlcy1wcm9kL3Byb2R1Y3RzLzEwNDAxNy9vcmlnaW5hbC8xLzIwMjMtMTEtMjRUMTYlM0E0NiUzQTMxLjI3MTc4NiUyQjAwJTNBMDAvMTA0MDE3XzEuanBn.webp 2x;85,90;-
проспект Альберта Камалеева, 32Б, Казань, Республика Татарстан;sladosti_new;/metro/pechenie-tuc-zatyazhnoe-krekery-so-smetanoy-lukom-100-g-2e7adbe?sid=1;Печенье Tuc затяжное крекеры со сметаной-луком 100 г;https://imgproxy.sbermarket.ru/imgproxy/size-220-220/czM6Ly9jb250ZW50LWltYWdlcy1wcm9kL3Byb2R1Y3RzLzI4ODQyL29yaWdpbmFsLzEvMjAyMy0xMS0yNFQxNiUzQTI4JTNBNDIuODI0Mjg0JTJCMDAlM0EwMC8yODg0Ml8xLmpwZw==.jpg; https://imgproxy.sbermarket.ru/imgproxy/size-220-220-2x/czM6Ly9jb250ZW50LWltYWdlcy1wcm9kL3Byb2R1Y3RzLzI4ODQyL29yaWdpbmFsLzEvMjAyMy0xMS0yNFQxNiUzQTI4JTNBNDIuODI0Mjg0JTJCMDAlM0EwMC8yODg0Ml8xLmpwZw==.webp 2x;71,16;85,90
проспект Альберта Камалеева, 32Б, Казань, Республика Татарстан;sladosti_new;/metro/shokolad-ritter-sport-al-piyskoe-moloko-molochnyy-100-g-dd145cd?sid=1;Шоколад Ritter Sport Альпийское молоко молочный 100 г;https://imgproxy.sbermarket.ru/imgproxy/size-220-220/czM6Ly9jb250ZW50LWltYWdlcy1wcm9kL3Byb2R1Y3RzLzE4OTM0MTM3L29yaWdpbmFsLzEvMjAyMy0xMS0yOFQxNyUzQTQ1JTNBNDQuMjEyMTk4JTJCMDAlM0EwMC8xODkzNDEzN18xLmpwZw==.jpg; https://imgproxy.sbermarket.ru/imgproxy/size-220-220-2x/czM6Ly9jb250ZW50LWltYWdlcy1wcm9kL3Byb2R1Y3RzLzE4OTM0MTM3L29yaWdpbmFsLzEvMjAyMy0xMS0yOFQxNyUzQTQ1JTNBNDQuMjEyMTk4JTJCMDAlM0EwMC8xODkzNDEzN18xLmpwZw==.webp 2x;135,00;149,00
проспект Альберта Камалеева, 32Б, Казань, Республика Татарстан;sladosti_new;/metro/pechenie-choco-boy-yogurt-i-klubnika-40-g-edc9732?sid=1;Печенье Choco Boy Йогурт и клубника 40 г;https://imgproxy.sbermarket.ru/imgproxy/size-220-220/czM6Ly9jb250ZW50LWltYWdlcy1wcm9kL3Byb2R1Y3RzLzIwOTE2NDM2L29yaWdpbmFsLzEvMjAyNC0wNC0wOVQxMiUzQTI5JTNBMDQuNzM4MjYwJTJCMDAlM0EwMC8yMDkxNjQzNl8xLmpwZw==.jpg; https://imgproxy.sbermarket.ru/imgproxy/size-220-220-2x/czM6Ly9jb250ZW50LWltYWdlcy1wcm9kL3Byb2R1Y3RzLzIwOTE2NDM2L29yaWdpbmFsLzEvMjAyNC0wNC0wOVQxMiUzQTI5JTNBMDQuNzM4MjYwJTJCMDAlM0EwMC8yMDkxNjQzNl8xLmpwZw==.webp 2x;44,90;47,50
проспект Альберта Камалеева, 32Б, Казань, Республика Татарстан;sladosti_new;/metro/morozhenoe-plombir-aro-vanil-szmzh-1-kg-13083a3?sid=1;Мороженое пломбир Aro ваниль СЗМЖ 1 кг;https://imgproxy.sbermarket.ru/imgproxy/size-220-220/czM6Ly9jb250ZW50LWltYWdlcy1wcm9kL3Byb2R1Y3RzLzQyMDc3L29yaWdpbmFsLzEvMjAyMy0xMS0yNFQxNiUzQTMyJTNBMDEuMTk0NDA4JTJCMDAlM0EwMC80MjA3N18xLmpwZw==.jpg; https://imgproxy.sbermarket.ru/imgproxy/size-220-220-2x/czM6Ly9jb250ZW50LWltYWdlcy1wcm9kL3Byb2R1Y3RzLzQyMDc3L29yaWdpbmFsLzEvMjAyMy0xMS0yNFQxNiUzQTMyJTNBMDEuMTk0NDA4JTJCMDAlM0EwMC80MjA3N18xLmpwZw==.webp 2x;254,00;-
проспект Альберта Камалеева, 32Б, Казань, Республика Татарстан;sladosti_new;/metro/konfety-halvichnye-rot-front-v-shokoladnoy-glazuri-370-g-f780422?sid=1;Конфеты халвичные Рот Фронт в шоколадной глазури 370 г;https://imgproxy.sbermarket.ru/imgproxy/size-220-220/czM6Ly9jb250ZW50LWltYWdlcy1wcm9kL3Byb2R1Y3RzLzIxNjM3MTEwL29yaWdpbmFsLzEvMjAyNC0wMy0xOVQwOSUzQTExJTNBNTguNjg0MzI0JTJCMDAlM0EwMC8yMTYzNzExMF8xLmpwZw==.jpg; https://imgproxy.sbermarket.ru/imgproxy/size-220-220-2x/czM6Ly9jb250ZW50LWltYWdlcy1wcm9kL3Byb2R1Y3RzLzIxNjM3MTEwL29yaWdpbmFsLzEvMjAyNC0wMy0xOVQwOSUzQTExJTNBNTguNjg0MzI0JTJCMDAlM0EwMC8yMTYzNzExMF8xLmpwZw==.webp 2x;229,00;369,00
проспект Альберта Камалеева, 32Б, Казань, Республика Татарстан;sladosti_new;/metro/shokolad-ritter-sport-shokoladnoe-pechenie-s-orehami-molochnyy-100-g?sid=1;Шоколад Ritter Sport Шоколадное печенье с орехами молочный...;https://imgproxy.sbermarket.ru/imgproxy/size-220-220/czM6Ly9jb250ZW50LWltYWdlcy1wcm9kL3Byb2R1Y3RzLzE2NTcyNDU2L29yaWdpbmFsLzEvMjAyNC0wNC0xMVQwMCUzQTA4JTNBMzYuODg4NTg4JTJCMDAlM0EwMC8xNjU3MjQ1Nl8xLmpwZw==.jpg; https://imgproxy.sbermarket.ru/imgproxy/size-220-220-2x/czM6Ly9jb250ZW50LWltYWdlcy1wcm9kL3Byb2R1Y3RzLzE2NTcyNDU2L29yaWdpbmFsLzEvMjAyNC0wNC0xMVQwMCUzQTA4JTNBMzYuODg4NTg4JTJCMDAlM0EwMC8xNjU3MjQ1Nl8xLmpwZw==.webp 2x;135,00;149,00
проспект Альберта Камалеева, 32Б, Казань, Республика Татарстан;sladosti_new;/metro/shtrudel-sdobnaya-osoba-avstriyskiy-klubnika-i-plombir-400-g-191cd63?sid=1;Штрудель Сдобная Особа Австрийский клубника и пломбир 400 г;https://imgproxy.sbermarket.ru/imgproxy/size-220-220/czM6Ly9jb250ZW50LWltYWdlcy1wcm9kL3Byb2R1Y3RzLzEwODU4NS9vcmlnaW5hbC8xLzIwMjQtMDQtMDlUMTMlM0EwMiUzQTQ0Ljc5MDI4NiUyQjAwJTNBMDAvMTA4NTg1XzEuanBn.jpg; https://imgproxy.sbermarket.ru/imgproxy/size-220-220-2x/czM6Ly9jb250ZW50LWltYWdlcy1wcm9kL3Byb2R1Y3RzLzEwODU4NS9vcmlnaW5hbC8xLzIwMjQtMDQtMDlUMTMlM0EwMiUzQTQ0Ljc5MDI4NiUyQjAwJTNBMDAvMTA4NTg1XzEuanBn.webp 2x;179,55;209,00
проспект Альберта Камалеева, 32Б, Казань, Республика Татарстан;sladosti_new;/metro/tul-skiy-pryanik-yasnaya-polyana-yabloko-s-koritsey-140-g-190bc2b?sid=1;Тульский пряник Ясная поляна Яблоко с корицей 140 г;https://imgproxy.sbermarket.ru/imgproxy/size-220-220/czM6Ly9jb250ZW50LWltYWdlcy1wcm9kL3Byb2R1Y3RzLzE2MzE2NjQvb3JpZ2luYWwvMS8yMDI0LTA0LTA5VDEzJTNBMDYlM0E0MC4yNDMyMDklMkIwMCUzQTAwLzE2MzE2NjRfMS5qcGc=.jpg; https://imgproxy.sbermarket.ru/imgproxy/size-220-220-2x/czM6Ly9jb250ZW50LWltYWdlcy1wcm9kL3Byb2R1Y3RzLzE2MzE2NjQvb3JpZ2luYWwvMS8yMDI0LTA0LTA5VDEzJTNBMDYlM0E0MC4yNDMyMDklMkIwMCUzQTAwLzE2MzE2NjRfMS5qcGc=.webp 2x;42,90;59,90
проспект Альберта Камалеева, 32Б, Казань, Республика Татарстан;sladosti_new;/metro/zefir-udarnitsa-sharmel-klassicheskiy-v-shokolade-250-g-d4a9cea?sid=1;Зефир Ударница Шармэль Классический в шоколаде 250 г;https://imgproxy.sbermarket.ru/imgproxy/size-220-220/czM6Ly9jb250ZW50LWltYWdlcy1wcm9kL3Byb2R1Y3RzLzQwODg3L29yaWdpbmFsLzEvMjAyMy0xMS0yNFQxNiUzQTMxJTNBMDkuMDA0NjI0JTJCMDAlM0EwMC80MDg4N18xLmpwZw==.jpg; https://imgproxy.sbermarket.ru/imgproxy/size-220-220-2x/czM6Ly9jb250ZW50LWltYWdlcy1wcm9kL3Byb2R1Y3RzLzQwODg3L29yaWdpbmFsLzEvMjAyMy0xMS0yNFQxNiUzQTMxJTNBMDkuMDA0NjI0JTJCMDAlM0EwMC80MDg4N18xLmpwZw==.webp 2x;229,00;269,00
проспект Альберта Камалеева, 32Б, Казань, Республика Татарстан;sladosti_new;/metro/kruassany-7-days-s-kremom-funduk-65-g-h-4-sht-8dabd39?sid=1;Круассаны 7 Days с кремом фундук 65 г х 4 шт;https://imgproxy.sbermarket.ru/imgproxy/size-220-220/czM6Ly9jb250ZW50LWltYWdlcy1wcm9kL3Byb2R1Y3RzLzY1NDQ4L29yaWdpbmFsLzEvMjAyNC0wNC0wOVQxMyUzQTE0JTNBMTYuNjkwOTQ5JTJCMDAlM0EwMC82NTQ0OF8xLmpwZw==.jpg; https://imgproxy.sbermarket.ru/imgproxy/size-220-220-2x/czM6Ly9jb250ZW50LWltYWdlcy1wcm9kL3Byb2R1Y3RzLzY1NDQ4L29yaWdpbmFsLzEvMjAyNC0wNC0wOVQxMyUzQTE0JTNBMTYuNjkwOTQ5JTJCMDAlM0EwMC82NTQ0OF8xLmpwZw==.webp 2x;139,00;169,00
проспект Альберта Камалеева, 32Б, Казань, Республика Татарстан;sladosti_new;/metro/morozhenoe-slivochnoe-brandice-praline-600-g-47ba182?sid=1;Мороженое сливочное BRandICE Пралине 600 г;https://imgproxy.sbermarket.ru/imgproxy/size-220-220/czM6Ly9jb250ZW50LWltYWdlcy1wcm9kL3Byb2R1Y3RzLzIyNjYwMzU2L29yaWdpbmFsLzEvMjAyMy0xMS0yNFQxNSUzQTI3JTNBMzEuNTI4MjQzJTJCMDAlM0EwMC8yMjY2MDM1Nl8xLmpwZw==.jpg; https://imgproxy.sbermarket.ru/imgproxy/size-220-220-2x/czM6Ly9jb250ZW50LWltYWdlcy1wcm9kL3Byb2R1Y3RzLzIyNjYwMzU2L29yaWdpbmFsLzEvMjAyMy0xMS0yNFQxNSUzQTI3JTNBMzEuNTI4MjQzJTJCMDAlM0EwMC8yMjY2MDM1Nl8xLmpwZw==.webp 2x;499,00;739,00
проспект Альберта Камалеева, 32Б, Казань, Республика Татарстан;sladosti_new;/metro/kruassany-7-days-kakao-265-g?sid=1;Круассаны 7 Days какао 265 г;https://imgproxy.sbermarket.ru/imgproxy/size-220-220/czM6Ly9jb250ZW50LWltYWdlcy1wcm9kL3Byb2R1Y3RzLzMxODQ1OTEyL29yaWdpbmFsLzEvMjAyNC0wNC0wOVQxMiUzQTQ0JTNBMDguNTY3NzQzJTJCMDAlM0EwMC8zMTg0NTkxMl8xLmpwZw==.jpg; https://imgproxy.sbermarket.ru/imgproxy/size-220-220-2x/czM6Ly9jb250ZW50LWltYWdlcy1wcm9kL3Byb2R1Y3RzLzMxODQ1OTEyL29yaWdpbmFsLzEvMjAyNC0wNC0wOVQxMiUzQTQ0JTNBMDguNTY3NzQzJTJCMDAlM0EwMC8zMTg0NTkxMl8xLmpwZw==.webp 2x;118,00;169,00
проспект Альберта Камалеева, 32Б, Казань, Республика Татарстан;sladosti_new;/metro/pechenie-belvita-utrennee-vitaminizirovannoe-so-zlakovymi-hlop-yami-225-g-fc50ef6?sid=1;Печенье BelVita Утреннее витаминизированное со злаковыми...;https://imgproxy.sbermarket.ru/imgproxy/size-220-220/czM6Ly9jb250ZW50LWltYWdlcy1wcm9kL3Byb2R1Y3RzLzg4OTUyL29yaWdpbmFsLzEvMjAyNC0wNC0wOVQxMyUzQTE0JTNBNTcuNTU4NTI2JTJCMDAlM0EwMC84ODk1Ml8xLmpwZw==.jpg; https://imgproxy.sbermarket.ru/imgproxy/size-220-220-2x/czM6Ly9jb250ZW50LWltYWdlcy1wcm9kL3Byb2R1Y3RzLzg4OTUyL29yaWdpbmFsLzEvMjAyNC0wNC0wOVQxMyUzQTE0JTNBNTcuNTU4NTI2JTJCMDAlM0EwMC84ODk1Ml8xLmpwZw==.webp 2x;115,00;129,00
проспект Альберта Камалеева, 32Б, Казань, Республика Татарстан;sladosti_new;/metro/rulet-sdobnaya-osoba-s-makovoy-nachinkoy-400-g-d768d25?sid=1;Рулет Сдобная Особа с маковой начинкой 400 г;https://imgproxy.sbermarket.ru/imgproxy/size-220-220/czM6Ly9jb250ZW50LWltYWdlcy1wcm9kL3Byb2R1Y3RzLzE1NjgwL29yaWdpbmFsLzEvMjAyNC0wNC0wOVQxMyUzQTA2JTNBMDYuMTg5MTg1JTJCMDAlM0EwMC8xNTY4MF8xLmpwZw==.jpg; https://imgproxy.sbermarket.ru/imgproxy/size-220-220-2x/czM6Ly9jb250ZW50LWltYWdlcy1wcm9kL3Byb2R1Y3RzLzE1NjgwL29yaWdpbmFsLzEvMjAyNC0wNC0wOVQxMyUzQTA2JTNBMDYuMTg5MTg1JTJCMDAlM0EwMC8xNTY4MF8xLmpwZw==.webp 2x;189,00;213,00
проспект Альберта Камалеева, 32Б, Казань, Республика Татарстан;sladosti_new;/metro/solomka-lorenz-saltletts-klassicheskaya-solenaya-150-g-75169d2?sid=1;Соломка Lorenz Saltletts Классическая соленая 150 г;https://imgproxy.sbermarket.ru/imgproxy/size-220-220/czM6Ly9jb250ZW50LWltYWdlcy1wcm9kL3Byb2R1Y3RzLzYzNDI5L29yaWdpbmFsLzEvMjAyNC0wNC0wNFQxNCUzQTA4JTNBNDcuNzA2MDg5JTJCMDAlM0EwMC82MzQyOV8xLmpwZw==.jpg; https://imgproxy.sbermarket.ru/imgproxy/size-220-220-2x/czM6Ly9jb250ZW50LWltYWdlcy1wcm9kL3Byb2R1Y3RzLzYzNDI5L29yaWdpbmFsLzEvMjAyNC0wNC0wNFQxNCUzQTA4JTNBNDcuNzA2MDg5JTJCMDAlM0EwMC82MzQyOV8xLmpwZw==.webp 2x;69,90;83,90
проспект Альберта Камалеева, 32Б, Казань, Республика Татарстан;sladosti_new;/metro/tort-mirel-chernichnoe-moloko-750-g-71a4f65?sid=1;Торт Mirel Черничное молоко 750 г;https://imgproxy.sbermarket.ru/imgproxy/size-220-220/czM6Ly9jb250ZW50LWltYWdlcy1wcm9kL3Byb2R1Y3RzLzI0NTM0NTc1L29yaWdpbmFsLzEvMjAyNC0wMy0yMVQwNyUzQTExJTNBMTcuNzY4MDA1JTJCMDAlM0EwMC8yNDUzNDU3NV8xLmpwZw==.jpg; https://imgproxy.sbermarket.ru/imgproxy/size-220-220-2x/czM6Ly9jb250ZW50LWltYWdlcy1wcm9kL3Byb2R1Y3RzLzI0NTM0NTc1L29yaWdpbmFsLzEvMjAyNC0wMy0yMVQwNyUzQTExJTNBMTcuNzY4MDA1JTJCMDAlM0EwMC8yNDUzNDU3NV8xLmpwZw==.webp 2x;449,00;579,00
проспект Альберта Камалеева, 32Б, Казань, Республика Татарстан;sladosti_new;/metro/konfety-fruittella-kislyy-miks-2-v-1-yabloko-klubnika-limon-malina-41-g-9bbf8d4?sid=1;Конфеты Fruittella кислый микс 2 в 1...;https://imgproxy.sbermarket.ru/imgproxy/size-220-220/czM6Ly9jb250ZW50LWltYWdlcy1wcm9kL3Byb2R1Y3RzLzI1Nzg0OTI2L29yaWdpbmFsLzEvMjAyMy0xMS0yNFQxNSUzQTM3JTNBNDMuNjQ3NzU1JTJCMDAlM0EwMC8yNTc4NDkyNl8xLmpwZw==.jpg; https://imgproxy.sbermarket.ru/imgproxy/size-220-220-2x/czM6Ly9jb250ZW50LWltYWdlcy1wcm9kL3Byb2R1Y3RzLzI1Nzg0OTI2L29yaWdpbmFsLzEvMjAyMy0xMS0yNFQxNSUzQTM3JTNBNDMuNjQ3NzU1JTJCMDAlM0EwMC8yNTc4NDkyNl8xLmpwZw==.webp 2x;50,90;-
проспект Альберта Камалеева, 32Б, Казань, Республика Татарстан;sladosti_new;/metro/zefir-polet-v-temnoy-shokoladnoy-glazuri-500-g-5338383?sid=1;Зефир Полет в темной шоколадной глазури 500 г;https://imgproxy.sbermarket.ru/imgproxy/size-220-220/czM6Ly9jb250ZW50LWltYWdlcy1wcm9kL3Byb2R1Y3RzLzM2NTQ4L29yaWdpbmFsLzEvMjAyMi0wOC0yM1QxMCUzQTU4JTNBMDcuMDI2MDAwJTJCMDAlM0EwMC8zNjU0OF8xLnBuZw==.png; https://imgproxy.sbermarket.ru/imgproxy/size-220-220-2x/czM6Ly9jb250ZW50LWltYWdlcy1wcm9kL3Byb2R1Y3RzLzM2NTQ4L29yaWdpbmFsLzEvMjAyMi0wOC0yM1QxMCUzQTU4JTNBMDcuMDI2MDAwJTJCMDAlM0EwMC8zNjU0OF8xLnBuZw==.webp 2x;217,55;259,00
проспект Альберта Камалеева, 32Б, Казань, Республика Татарстан;sladosti_new;/metro/pryanik-yasnaya-polyana-tul-skiy-so-smorodinoy-140-g-5e46965?sid=1;Пряник Ясная поляна Тульский со смородиной 140 г;https://imgproxy.sbermarket.ru/imgproxy/size-220-220/czM6Ly9jb250ZW50LWltYWdlcy1wcm9kL3Byb2R1Y3RzLzE0NjE2Ni9vcmlnaW5hbC8xLzIwMjMtMTEtMzBUMTglM0E0MCUzQTE3LjAxMTQxOCUyQjAwJTNBMDAvMTQ2MTY2XzEuanBn.jpg; https://imgproxy.sbermarket.ru/imgproxy/size-220-220-2x/czM6Ly9jb250ZW50LWltYWdlcy1wcm9kL3Byb2R1Y3RzLzE0NjE2Ni9vcmlnaW5hbC8xLzIwMjMtMTEtMzBUMTglM0E0MCUzQTE3LjAxMTQxOCUyQjAwJTNBMDAvMTQ2MTY2XzEuanBn.webp 2x;42,90;59,90
проспект Альберта Камалеева, 32Б, Казань, Республика Татарстан;sladosti_new;/metro/marmelad-bon-pari-veselye-koshmariki-zhevatel-nyy-so-vkusom-fruktov-75-g-d886468?sid=1;Мармелад Бон Пари Веселые кошмарики жевательный со вкусом...;https://imgproxy.sbermarket.ru/imgproxy/size-220-220/czM6Ly9jb250ZW50LWltYWdlcy1wcm9kL3Byb2R1Y3RzLzEzNzMyNS9vcmlnaW5hbC8xLzIwMjQtMDItMTVUMDklM0EyMyUzQTQ5Ljk1NTE4MSUyQjAwJTNBMDAvMTM3MzI1XzEuanBn.jpg; https://imgproxy.sbermarket.ru/imgproxy/size-220-220-2x/czM6Ly9jb250ZW50LWltYWdlcy1wcm9kL3Byb2R1Y3RzLzEzNzMyNS9vcmlnaW5hbC8xLzIwMjQtMDItMTVUMDklM0EyMyUzQTQ5Ljk1NTE4MSUyQjAwJTNBMDAvMTM3MzI1XzEuanBn.webp 2x;50,90;59,90
проспект Альберта Камалеева, 32Б, Казань, Республика Татарстан;sladosti_new;/metro/batonchik-snaq-fabriq-kokos-molochnyy-40-g-39befeb?sid=1;Батончик Snaq Fabriq Кокос молочный 40 г;https://imgproxy.sbermarket.ru/imgproxy/size-220-220/czM6Ly9jb250ZW50LWltYWdlcy1wcm9kL3Byb2R1Y3RzLzE1NjkyODAvb3JpZ2luYWwvMS8yMDI0LTAzLTA1VDAxJTNBMTElM0EzNC42NDE4MTYlMkIwMCUzQTAwLzE1NjkyODBfMS5qcGc=.jpg; https://imgproxy.sbermarket.ru/imgproxy/size-220-220-2x/czM6Ly9jb250ZW50LWltYWdlcy1wcm9kL3Byb2R1Y3RzLzE1NjkyODAvb3JpZ2luYWwvMS8yMDI0LTAzLTA1VDAxJTNBMTElM0EzNC42NDE4MTYlMkIwMCUzQTAwLzE1NjkyODBfMS5qcGc=.webp 2x;64,90;73,90
проспект Альберта Камалеева, 32Б, Казань, Республика Татарстан;sladosti_new;/metro/hlebnye-palochki-baker-house-grissini-ital-yanskie-travy-morskaya-sol-80-g-1e3653a?sid=1;Хлебные палочки Baker House Grissini итальянские...;https://imgproxy.sbermarket.ru/imgproxy/size-220-220/czM6Ly9jb250ZW50LWltYWdlcy1wcm9kL3Byb2R1Y3RzLzIyMjQ5ODI2L29yaWdpbmFsLzEvMjAyMy0wMS0xNlQwOCUzQTMyJTNBMzIuMzE4MDAwJTJCMDAlM0EwMC8yMjI0OTgyNl8xLmpwZw==.jpg; https://imgproxy.sbermarket.ru/imgproxy/size-220-220-2x/czM6Ly9jb250ZW50LWltYWdlcy1wcm9kL3Byb2R1Y3RzLzIyMjQ5ODI2L29yaWdpbmFsLzEvMjAyMy0wMS0xNlQwOCUzQTMyJTNBMzIuMzE4MDAwJTJCMDAlM0EwMC8yMjI0OTgyNl8xLmpwZw==.webp 2x;57,90;-
проспект Альберта Камалеева, 32Б, Казань, Республика Татарстан;sladosti_new;/metro/marmelad-bon-pari-kislye-chervyachki-so-vkusom-fruktov-75-g-a85de7b?sid=1;Мармелад Бон Пари Кислые червячки со вкусом фруктов 75 г;https://imgproxy.sbermarket.ru/imgproxy/size-220-220/czM6Ly9jb250ZW50LWltYWdlcy1wcm9kL3Byb2R1Y3RzLzYxNDcxL29yaWdpbmFsLzEvMjAyNC0wMi0xNVQwOSUzQTI0JTNBMDguNjExNjIxJTJCMDAlM0EwMC82MTQ3MV8xLmpwZw==.jpg; https://imgproxy.sbermarket.ru/imgproxy/size-220-220-2x/czM6Ly9jb250ZW50LWltYWdlcy1wcm9kL3Byb2R1Y3RzLzYxNDcxL29yaWdpbmFsLzEvMjAyNC0wMi0xNVQwOSUzQTI0JTNBMDguNjExNjIxJTJCMDAlM0EwMC82MTQ3MV8xLmpwZw==.webp 2x;50,90;59,90
проспект Альберта Камалеева, 32Б, Казань, Республика Татарстан;sladosti_new;/metro/morozhenoe-plombir-metro-chef-so-vkusom-vanili-12-bzmzh-500-g-aad55f7?sid=1;Мороженое пломбир Metro Chef со вкусом ванили 12% БЗМЖ 500 г;https://imgproxy.sbermarket.ru/imgproxy/size-220-220/czM6Ly9jb250ZW50LWltYWdlcy1wcm9kL3Byb2R1Y3RzLzE2ODg4MTY4L29yaWdpbmFsLzEvMjAyMy0xMS0zMFQxOCUzQTUwJTNBMzIuNDA3NDIxJTJCMDAlM0EwMC8xNjg4ODE2OF8xLmpwZw==.jpg; https://imgproxy.sbermarket.ru/imgproxy/size-220-220-2x/czM6Ly9jb250ZW50LWltYWdlcy1wcm9kL3Byb2R1Y3RzLzE2ODg4MTY4L29yaWdpbmFsLzEvMjAyMy0xMS0zMFQxOCUzQTUwJTNBMzIuNDA3NDIxJTJCMDAlM0EwMC8xNjg4ODE2OF8xLmpwZw==.webp 2x;249,00;339,00
проспект Альберта Камалеева, 32Б, Казань, Республика Татарстан;sladosti_new;/metro/vafli-akul-chev-venskie-myagkie-s-zemlyanikoy-100-g-b7d3c44?sid=1;Вафли Акульчев Венские мягкие с земляникой 100 г;https://imgproxy.sbermarket.ru/imgproxy/size-220-220/czM6Ly9jb250ZW50LWltYWdlcy1wcm9kL3Byb2R1Y3RzLzQ0MzcxL29yaWdpbmFsLzEvMjAyNC0wNC0wOVQxMyUzQTE0JTNBMDEuMDgzODExJTJCMDAlM0EwMC80NDM3MV8xLmpwZw==.jpg; https://imgproxy.sbermarket.ru/imgproxy/size-220-220-2x/czM6Ly9jb250ZW50LWltYWdlcy1wcm9kL3Byb2R1Y3RzLzQ0MzcxL29yaWdpbmFsLzEvMjAyNC0wNC0wOVQxMyUzQTE0JTNBMDEuMDgzODExJTJCMDAlM0EwMC80NDM3MV8xLmpwZw==.webp 2x;41,90;50,00
проспект Альберта Камалеева, 32Б, Казань, Республика Татарстан;sladosti_new;/metro/batonchik-picnic-big-shokoladnyy-s-arahisom-izyumom-karamel-yu-76-g-78eac32?sid=1;Батончик Picnic Big шоколадный с арахисом-изюмом-карамелью...;https://imgproxy.sbermarket.ru/imgproxy/size-220-220/czM6Ly9jb250ZW50LWltYWdlcy1wcm9kL3Byb2R1Y3RzLzI4Njk3L29yaWdpbmFsLzEvMjAyMy0xMS0yNFQxNiUzQTI4JTNBMzkuMTM2MzYxJTJCMDAlM0EwMC8yODY5N18xLmpwZw==.jpg; https://imgproxy.sbermarket.ru/imgproxy/size-220-220-2x/czM6Ly9jb250ZW50LWltYWdlcy1wcm9kL3Byb2R1Y3RzLzI4Njk3L29yaWdpbmFsLzEvMjAyMy0xMS0yNFQxNiUzQTI4JTNBMzkuMTM2MzYxJTJCMDAlM0EwMC8yODY5N18xLmpwZw==.webp 2x;69,90;71,90
проспект Альберта Камалеева, 32Б, Казань, Республика Татарстан;sladosti_new;/metro/pechenie-polet-ovsyanoe-300-g-06ed106?sid=1;Печенье Полет Овсяное 300 г;https://imgproxy.sbermarket.ru/imgproxy/size-220-220/czM6Ly9jb250ZW50LWltYWdlcy1wcm9kL3Byb2R1Y3RzLzIwMDE3L29yaWdpbmFsLzEvMjAyNC0wNC0wOVQxMyUzQTEyJTNBMDkuNjY4MzA2JTJCMDAlM0EwMC8yMDAxN18xLmpwZw==.jpg; https://imgproxy.sbermarket.ru/imgproxy/size-220-220-2x/czM6Ly9jb250ZW50LWltYWdlcy1wcm9kL3Byb2R1Y3RzLzIwMDE3L29yaWdpbmFsLzEvMjAyNC0wNC0wOVQxMyUzQTEyJTNBMDkuNjY4MzA2JTJCMDAlM0EwMC8yMDAxN18xLmpwZw==.webp 2x;89,90;109,00
проспект Альберта Камалеева, 32Б, Казань, Республика Татарстан;sladosti_new;/metro/pryaniki-rot-front-korovka-so-vkusom-shokoladnogo-moloka-300-g-211e986?sid=1;Пряники Рот Фронт Коровка со вкусом шоколадного молока 300 г;https://imgproxy.sbermarket.ru/imgproxy/size-220-220/czM6Ly9jb250ZW50LWltYWdlcy1wcm9kL3Byb2R1Y3RzLzUyMTAyL29yaWdpbmFsLzEvMjAyNC0wNC0wOVQxMyUzQTE0JTNBMDYuMTgxNzI1JTJCMDAlM0EwMC81MjEwMl8xLmpwZw==.jpg; https://imgproxy.sbermarket.ru/imgproxy/size-220-220-2x/czM6Ly9jb250ZW50LWltYWdlcy1wcm9kL3Byb2R1Y3RzLzUyMTAyL29yaWdpbmFsLzEvMjAyNC0wNC0wOVQxMyUzQTE0JTNBMDYuMTgxNzI1JTJCMDAlM0EwMC81MjEwMl8xLmpwZw==.webp 2x;84,90;107,00
проспект Альберта Камалеева, 32Б, Казань, Республика Татарстан;sladosti_new;/metro/pechenie-oreo-pesochnoe-s-kakao-klubnikoy-228-g-b76a639?sid=1;Печенье Oreo песочное с какао-клубникой 228 г;https://imgproxy.sbermarket.ru/imgproxy/size-220-220/czM6Ly9jb250ZW50LWltYWdlcy1wcm9kL3Byb2R1Y3RzLzIzNDcwMC9vcmlnaW5hbC8xLzIwMjQtMDQtMDlUMTMlM0ExMiUzQTU1LjQxNDkxMyUyQjAwJTNBMDAvMjM0NzAwXzEuanBn.jpg; https://imgproxy.sbermarket.ru/imgproxy/size-220-220-2x/czM6Ly9jb250ZW50LWltYWdlcy1wcm9kL3Byb2R1Y3RzLzIzNDcwMC9vcmlnaW5hbC8xLzIwMjQtMDQtMDlUMTMlM0ExMiUzQTU1LjQxNDkxMyUyQjAwJTNBMDAvMjM0NzAwXzEuanBn.webp 2x;149,00;169,00
